Unnamed: 0,Clothing ID,Age,Title,Review Text,Rating,Recommended IND,Positive Feedback Count,Division Name,Department Name,Class Name,full_text,sentiment_score,age_bracket
19566,1078,54,"Overall great dress, runs small","This dress is beautiful with gorgeous coloring, nice thick, stretchy fabric and wonderful detailing including buttons. the only issue i had with it is that it's does run small, especially in the bust. i'm normally a medium to large, depending on cut so after reading the previous reviews, i ordered a large and it's pretty snug. still deciding whether i will keep or try for an xl, which is doubtful in availability at this point. i ordered it with two other pieces, both of those a medium fit fine.",4,1,0,General Petite,Dresses,Dresses,"Overall great dress, runs small. This dress is beautiful with gorgeous coloring, nice thick, stretchy fabric and wonderful detailing including buttons. the only issue i had with it is that it's does run small, especially in the bust. i'm normally a medium to large, depending on cut so after reading the previous reviews, i ordered a large and it's pretty snug. still deciding whether i will keep or try for an xl, which is doubtful in availability at this point. i ordered it with two other pieces, both of those a medium fit fine.",0.8007301092147827,45-54
17836,861,63,Very sheer,"Super flattering, a great length for me (5'9"") but very sheer.",4,1,2,General,Tops,Knits,"Very sheer. Super flattering, a great length for me (5'9"") but very sheer.",0.9990148544311523,55+
9304,940,31,Staple cardigan,"I've been searching for the perfect gray cardigan and i knew i had to have this one! unfortunately, the first cardigan i received had two obvious pulled threads so i returned it. i took a chance and ordered the cardigan again and i'm so glad i did. it is so comfy and goes with everything! my only concern is how it will hold up as it is already showing some fuzziness after two wears. if this makes it to the sale price, i would highly recommend.",4,1,0,General,Tops,Sweaters,"Staple cardigan. I've been searching for the perfect gray cardigan and i knew i had to have this one! unfortunately, the first cardigan i received had two obvious pulled threads so i returned it. i took a chance and ordered the cardigan again and i'm so glad i did. it is so comfy and goes with everything! my only concern is how it will hold up as it is already showing some fuzziness after two wears. if this makes it to the sale price, i would highly recommend.",0.9914340972900391,25-34
4587,829,50,,"The sales girl added this to my room, it's so darling and it came home with me.",5,1,1,General Petite,Tops,Blouses,". The sales girl added this to my room, it's so darling and it came home with me.",0.9998242259025574,45-54
14858,984,44,,"I bought the delaney blazer in size 6 -- and i really like it. there are surprising design elements which make it a unique piece -- the buttons of the sleeves are mismatched, the back material is different from the front, it has some exposed seams. like others have said it does have a boxy fit -- which i don't mind. i also found it to be a bit short. if both of these things are fine for you, the blazer is a great addition to a casual-creative professional look.",4,1,0,General,Jackets,Jackets,". I bought the delaney blazer in size 6 -- and i really like it. there are surprising design elements which make it a unique piece -- the buttons of the sleeves are mismatched, the back material is different from the front, it has some exposed seams. like others have said it does have a boxy fit -- which i don't mind. i also found it to be a bit short. if both of these things are fine for you, the blazer is a great addition to a casual-creative professional look.",0.9982660412788391,35-44
6323,938,62,Unique,"Gorgeous sweater, very unique, given as a gift so not sure how well it will wear",4,1,1,General Petite,Tops,Sweaters,"Unique. Gorgeous sweater, very unique, given as a gift so not sure how well it will wear",0.9983559250831604,55+
2494,1078,40,Not quite the right fit,"On the hanger, this looks like a great lbd. on me, not quite. the bell shape of this dress made it appear that i was carrying extra weight in the middle.  for reference, i tried a 0p, and i'm 5,1"", 102#, and 34a.",4,0,0,General Petite,Dresses,Dresses,"Not quite the right fit. On the hanger, this looks like a great lbd. on me, not quite. the bell shape of this dress made it appear that i was carrying extra weight in the middle.  for reference, i tried a 0p, and i'm 5,1"", 102#, and 34a.",-0.9983249306678772,35-44
6903,251,33,Really enjoy this cardigan,"I love the cardigan. it's super comfy and long enough to cover my behind. the pink and white stripe lining adds a softer touch. it's a little tight in the arms. i'm right between a small and medium, i wish i would have ordered the medium.",5,1,0,Initmates,Intimate,Lounge,"Really enjoy this cardigan. I love the cardigan. it's super comfy and long enough to cover my behind. the pink and white stripe lining adds a softer touch. it's a little tight in the arms. i'm right between a small and medium, i wish i would have ordered the medium.",0.9996205568313599,25-34
11234,872,33,Great tank,"Bought this in the turquoise color and it is awesome. for those worried about it being see-through, i'm wearing a black bra and you can't see it. it's the perfect weight. super bummed that the green is sold out but may check in stores.",5,1,0,General,Tops,Knits,"Great tank. Bought this in the turquoise color and it is awesome. for those worried about it being see-through, i'm wearing a black bra and you can't see it. it's the perfect weight. super bummed that the green is sold out but may check in stores.",0.9995660185813904,25-34
23058,940,44,Great for layering,"I love this sweater. it's sort of like a tunic and sort of like a vest. i am pairing it with leggings and a white long sleeve tee underneath. i'm 5'3"" 109 lbs and the xs fit very well. i love the versatility and design of this.",5,1,2,General,Tops,Sweaters,"Great for layering. I love this sweater. it's sort of like a tunic and sort of like a vest. i am pairing it with leggings and a white long sleeve tee underneath. i'm 5'3"" 109 lbs and the xs fit very well. i love the versatility and design of this.",0.9997194409370422,35-44
20005,828,46,Beautiful tank,"When you order online, you can't always be sure of the quality or sizing you will get. like the other reviewers, i found this piece to be beautiful and well made. it's made from rayon and not sheer. the coral, cream, green, and light gray flowers really pop against the black fabric. this piece is meant to be swingy and loose. however, i started with a large but exchanged for a medium. it still feels a little loose so if you're undecided about sizes, order down.",5,1,3,General,Tops,Blouses,"Beautiful tank. When you order online, you can't always be sure of the quality or sizing you will get. like the other reviewers, i found this piece to be beautiful and well made. it's made from rayon and not sheer. the coral, cream, green, and light gray flowers really pop against the black fabric. this piece is meant to be swingy and loose. however, i started with a large but exchanged for a medium. it still feels a little loose so if you're undecided about sizes, order down.",0.993120551109314,45-54
22154,1002,36,Almost good,"Maybe it's just me, but this skirt had a little more volume than i was expecting. i'm 5'7, around 125lbs and the small fit me well. i like that the waist is elastic in back providing some give, but allowing the front to look smooth. pockets are always great. i got a striped henley from retailer (which is awesome) to tuck into it & was excited for the 70s vibe.
the problem is that it fell an inch or two longer on me than the model, and i already worry about midi skirts appearing frumpy without the",3,0,12,General,Bottoms,Skirts,"Almost good. Maybe it's just me, but this skirt had a little more volume than i was expecting. i'm 5'7, around 125lbs and the small fit me well. i like that the waist is elastic in back providing some give, but allowing the front to look smooth. pockets are always great. i got a striped henley from retailer (which is awesome) to tuck into it & was excited for the 70s vibe.
the problem is that it fell an inch or two longer on me than the model, and i already worry about midi skirts appearing frumpy without the",0.9947308301925659,35-44
21888,1022,37,,"Love, love these jeans. being short they come right to my ankle. super soft and don?t require any hemming. i ordered my typical jean size of 26 and they fit like a glove. would love to have these in black and grey.",5,1,0,General,Bottoms,Jeans,". Love, love these jeans. being short they come right to my ankle. super soft and don?t require any hemming. i ordered my typical jean size of 26 and they fit like a glove. would love to have these in black and grey.",0.9935798645019531,35-44
18799,1094,43,Perfect summer dress!,I had eyed this simple yet stylish dress for awhile but hadn't tried it on yet. i managed to snag the orange version during the tag sale - $40 for maeve?? it is super flattering and will be a wardrobe staple for years.,5,1,0,General Petite,Dresses,Dresses,Perfect summer dress!. I had eyed this simple yet stylish dress for awhile but hadn't tried it on yet. i managed to snag the orange version during the tag sale - $40 for maeve?? it is super flattering and will be a wardrobe staple for years.,0.9982773065567017,35-44
5094,1078,51,Small,"Too tight in strange ways. beautiful dress i was so excited to receive it, however it just did not fit.",1,0,0,General,Dresses,Dresses,"Small. Too tight in strange ways. beautiful dress i was so excited to receive it, however it just did not fit.",-0.9993337988853455,45-54
1914,1066,57,Nice summer pants.,"1. i'm 5'5"" tall, 143 lbs, and 38-32-40 and my normal size 10s fit me perfectly.",5,1,5,General Petite,Bottoms,Pants,"Nice summer pants.. 1. i'm 5'5"" tall, 143 lbs, and 38-32-40 and my normal size 10s fit me perfectly.",0.9998490810394287,55+
17117,829,41,,"The reviews are accurate that have already been said about the material and size. i usually wear a size 2 and i bought a size 4. it fits perfectly. the blouse is very sheer, but if you wear a neutral colored bra, it should be fine. i like the flow and cut of this blouse",4,1,1,General Petite,Tops,Blouses,". The reviews are accurate that have already been said about the material and size. i usually wear a size 2 and i bought a size 4. it fits perfectly. the blouse is very sheer, but if you wear a neutral colored bra, it should be fine. i like the flow and cut of this blouse",0.9995182752609253,35-44
23153,1094,29,Gorgeous dress!,"I love the look of this dress when it's on. the only issue i have with it is that the inside of the dress is white, which shows through on the chest slightly, but it's such a pretty dress and such an overall great fit, that i'm keeping it anyway!",5,1,0,General,Dresses,Dresses,"Gorgeous dress!. I love the look of this dress when it's on. the only issue i have with it is that the inside of the dress is white, which shows through on the chest slightly, but it's such a pretty dress and such an overall great fit, that i'm keeping it anyway!",0.9990296363830566,25-34
23002,1024,38,New favorite jeans,These are nice jeans for the price. they are tight at first but do stretch out so i am glad i went with my normal denim size and didn't size up. i wish they didn't have a button fly but it didn't bother me enough to return them.,5,1,1,General,Bottoms,Jeans,New favorite jeans. These are nice jeans for the price. they are tight at first but do stretch out so i am glad i went with my normal denim size and didn't size up. i wish they didn't have a button fly but it didn't bother me enough to return them.,-0.9686708450317383,35-44
19351,1081,60,Easy style,"This is such a lovely dress -- and it looks great on! like other customers, i like the petal hem and the top part, which is stretchy, is soft and not clingy.
 
i think the only drawback is that the color isn't as rich a green as it looks in the pic. i've attached a pic for comparison and contrast purposes.

i'll be wearing this way into the fall!",5,1,3,General Petite,Dresses,Dresses,"Easy style. This is such a lovely dress -- and it looks great on! like other customers, i like the petal hem and the top part, which is stretchy, is soft and not clingy.
 
i think the only drawback is that the color isn't as rich a green as it looks in the pic. i've attached a pic for comparison and contrast purposes.

i'll be wearing this way into the fall!",0.998482882976532,55+
6658,977,54,Strange fit,"Well made but strange fit. the medium was long and narrow, waaay too small.",3,0,2,General Petite,Jackets,Jackets,"Strange fit. Well made but strange fit. the medium was long and narrow, waaay too small.",-0.9987502098083496,45-54
8654,774,78,"Casual,, chic and comfortable",This dress is sweatshirt material and a lovely soft grey aqua color. i purchased a medium and it is an inch above my knee...ii am so tired of seeing woman my age and much younger in jeans...i am wearing this to a cooking class and it is perfect because it is so comfortable.....it is a great replacement for jeans!!!!!!!,4,1,2,Initmates,Intimate,Lounge,"Casual,, chic and comfortable. This dress is sweatshirt material and a lovely soft grey aqua color. i purchased a medium and it is an inch above my knee...ii am so tired of seeing woman my age and much younger in jeans...i am wearing this to a cooking class and it is perfect because it is so comfortable.....it is a great replacement for jeans!!!!!!!",0.9977824091911316,55+
8434,1074,37,Great fall dress,"This dress is beautiful, and the a line shape is very flattering. i'm 5'10"" and it hits just above my knees. i'm small on top, so the keyhole slit isn't an issue for me, but it does gap more than it does on the model. this dress has lots of versatility.  like another reviewer said, you can dress it up with heels, or dress it down with boots.",5,1,0,General,Dresses,Dresses,"Great fall dress. This dress is beautiful, and the a line shape is very flattering. i'm 5'10"" and it hits just above my knees. i'm small on top, so the keyhole slit isn't an issue for me, but it does gap more than it does on the model. this dress has lots of versatility.  like another reviewer said, you can dress it up with heels, or dress it down with boots.",0.9823830127716064,35-44
670,1008,29,Cute but didn't work for me :(,"I really wanted this skirt to work but it didn't look very flattering on me. a great midi length and very cool pattern, so hopefully will work for others!",3,0,0,General,Bottoms,Skirts,"Cute but didn't work for me :(. I really wanted this skirt to work but it didn't look very flattering on me. a great midi length and very cool pattern, so hopefully will work for others!",0.9968999624252319,25-34
16296,364,34,Too much cardigan,"I was definitely wearing retailer colored glasses (my term for when something looks great on you in the dressing room but leaves you wondering what-was-i-thinking when you try it on later) when i bought this. once i tried this on at home, i basically felt like i was swallowed up by this thing -- there's so much fabric layered in front and around your shoulders that you can actually feel the weight hanging down around your neck, and it naturally sticks out rather far in the back. i wanted to love t",2,0,3,General Petite,Intimate,Lounge,"Too much cardigan. I was definitely wearing retailer colored glasses (my term for when something looks great on you in the dressing room but leaves you wondering what-was-i-thinking when you try it on later) when i bought this. once i tried this on at home, i basically felt like i was swallowed up by this thing -- there's so much fabric layered in front and around your shoulders that you can actually feel the weight hanging down around your neck, and it naturally sticks out rather far in the back. i wanted to love t",-0.9754763841629028,25-34
4466,1145,37,So many compliments!,This is such a fun dress to wear. i wanted something comfortable and flirty and this checked off both boxes. im typically a small size 6 but went w x-small on this one to hug the shoulders more.,5,1,0,General,Trend,Trend,So many compliments!. This is such a fun dress to wear. i wanted something comfortable and flirty and this checked off both boxes. im typically a small size 6 but went w x-small on this one to hug the shoulders more.,0.9984248876571655,35-44
6840,862,54,,"I agree with the other reviews, this top runs large so size down. with that being said, this is a beautiful top, love it!",5,1,1,General Petite,Tops,Knits,". I agree with the other reviews, this top runs large so size down. with that being said, this is a beautiful top, love it!",0.9761766195297241,45-54
22076,850,28,Gorgeous and so very feminine!,"Beautiful,delicate and unique cotton blouse that accentuates the waist and falls nicely down the belly. i love the floral print, very appropriate for spring/summer. i agree with the other reviewers who've mentioned that it runs small. i have a bust size of 34 dd and waist size 25 and i had to size up to 12. nevertheless, i am really looking forward to wearing this with a pair of skinny jeans and some nude pumps for a girls night out.",5,1,1,General,Tops,Blouses,"Gorgeous and so very feminine!. Beautiful,delicate and unique cotton blouse that accentuates the waist and falls nicely down the belly. i love the floral print, very appropriate for spring/summer. i agree with the other reviewers who've mentioned that it runs small. i have a bust size of 34 dd and waist size 25 and i had to size up to 12. nevertheless, i am really looking forward to wearing this with a pair of skinny jeans and some nude pumps for a girls night out.",0.9995236396789551,25-34
3340,836,35,Soft and beautiful,No only is this a beautiful update to a basic white top it is incredibly soft. i couldn't pass it up and wish it came in more colors!,5,1,8,General Petite,Tops,Blouses,Soft and beautiful. No only is this a beautiful update to a basic white top it is incredibly soft. i couldn't pass it up and wish it came in more colors!,0.9993877410888672,25-34
6470,907,41,Pretty sweater,This sweater is quite lovely. the yarn is light and delicate and the sweater is over all very feminine and figure flattering. i bought the light red color which is quite attractive and i'm not usually a fan of reds and pinks. this sweater can be worn casually with jeans or more dressed up for the office. anyone that is looking for a sweater that can be worn with almost anything should defiantly consider this one.,5,1,0,General,Tops,Fine gauge,Pretty sweater. This sweater is quite lovely. the yarn is light and delicate and the sweater is over all very feminine and figure flattering. i bought the light red color which is quite attractive and i'm not usually a fan of reds and pinks. this sweater can be worn casually with jeans or more dressed up for the office. anyone that is looking for a sweater that can be worn with almost anything should defiantly consider this one.,0.9994174242019653,35-44
10570,1110,39,Gorgeous print,"Great job from the fabricators in creating such a gorgeous print on light-as-air silk! i'm so happy with the dress and can stare at it for hours, that's how pretty it is. the fit is perfect on me and disguised my figure flaws since it's an a-line skirt that doesn't cling. yes, the skirt is sheer and unlined and for the price a slip should have been included. fortunately i own a silky half slip that complements nicely. i'm a top heavy 36dd, large rib cage, 140# with a square waist and no hips and",5,1,3,General,Dresses,Dresses,"Gorgeous print. Great job from the fabricators in creating such a gorgeous print on light-as-air silk! i'm so happy with the dress and can stare at it for hours, that's how pretty it is. the fit is perfect on me and disguised my figure flaws since it's an a-line skirt that doesn't cling. yes, the skirt is sheer and unlined and for the price a slip should have been included. fortunately i own a silky half slip that complements nicely. i'm a top heavy 36dd, large rib cage, 140# with a square waist and no hips and",0.9916722178459167,35-44
18049,1056,56,Super soft & comfy,"Love these chinos, super soft and amazingly comfy.....and quite flattering for wide-leg pants!",5,1,0,General,Bottoms,Pants,"Super soft & comfy. Love these chinos, super soft and amazingly comfy.....and quite flattering for wide-leg pants!",0.9998075366020203,55+
19729,842,38,Go to summer tank,"This tank i am in love with. the color is great to go with jeans or any color i have in my wardrobe. it works with skinny jeans, culottes or a skirt and perfectly compliments the current shoe styles. my gladiators, summer booties, and my espadrilles are all equally cute with this outfit topper. it is made out of the most beautiful lightweight material and will be great for the 100 degree plus summers that we have here in texas. the bra thing is a bit of a problem because a strapless bra dose not",5,1,6,General Petite,Tops,Blouses,"Go to summer tank. This tank i am in love with. the color is great to go with jeans or any color i have in my wardrobe. it works with skinny jeans, culottes or a skirt and perfectly compliments the current shoe styles. my gladiators, summer booties, and my espadrilles are all equally cute with this outfit topper. it is made out of the most beautiful lightweight material and will be great for the 100 degree plus summers that we have here in texas. the bra thing is a bit of a problem because a strapless bra dose not",0.9994783997535706,35-44
18856,1081,38,Disappointed,"This dress has been in my inbox for a long time and when it went on sale i purchased it right away. i am a size 4 petite in everything retailer and have not had a problem with fit, if anything i might have to size down. i purchased a 4 petite in this dress and i couldn't zip it all the way up. it was as if i was trying to get into a 0 petite.  i don't even think a size 6 would fit. there is something not right with the make of this particular dress i received. even if the fit was perfect i didn't",1,0,1,General Petite,Dresses,Dresses,"Disappointed. This dress has been in my inbox for a long time and when it went on sale i purchased it right away. i am a size 4 petite in everything retailer and have not had a problem with fit, if anything i might have to size down. i purchased a 4 petite in this dress and i couldn't zip it all the way up. it was as if i was trying to get into a 0 petite.  i don't even think a size 6 would fit. there is something not right with the make of this particular dress i received. even if the fit was perfect i didn't",-0.9765432476997375,35-44
5676,1078,39,"Fun, flirty and comfy","I ordered both colors and my usual size (in eptites) and one size smaller... definitely true to size as in not smaller size. 

i am 5'1.5"" and the best size was xs petite. 

i ordered both colors and msut say they are both gorgeous, so can't go wrng there, as long as it goes with your skin tone, for me the red was better, but i did love hte neutral color as well.

comes with a lining #bude color#.
wasit is elasticized, and comfortable, love the sleeves, this is light enough for spring and",5,1,34,General,Dresses,Dresses,"Fun, flirty and comfy. I ordered both colors and my usual size (in eptites) and one size smaller... definitely true to size as in not smaller size. 

i am 5'1.5"" and the best size was xs petite. 

i ordered both colors and msut say they are both gorgeous, so can't go wrng there, as long as it goes with your skin tone, for me the red was better, but i did love hte neutral color as well.

comes with a lining #bude color#.
wasit is elasticized, and comfortable, love the sleeves, this is light enough for spring and",0.9995692372322083,35-44
6866,1077,36,Just okay,"Frustrated that the details don't mention there's a side zip. for whatever reason, i have the hardest time fitting into dresses with side zips and so i was annoyed that the details say it's a pull-on style when that's not the case. there's also no give in the waist. besides the fit not working for me, it was a pretty dress but overall a little too much going on.",3,0,1,General,Dresses,Dresses,"Just okay. Frustrated that the details don't mention there's a side zip. for whatever reason, i have the hardest time fitting into dresses with side zips and so i was annoyed that the details say it's a pull-on style when that's not the case. there's also no give in the waist. besides the fit not working for me, it was a pretty dress but overall a little too much going on.",-0.9979636669158936,35-44
14796,1094,53,Super simple summer style,"I am so pleased with this midi dress; i've already worn and laundered this dress multiple times and i cannot express how comfortable and cute this dress is to wear. best of all, the fabric is just substantial enough that there are no posterior lumps or panty lines that are visible and the v-neck is just low enough to provide a subtle sexy dã©colletage. i love the length of this dress as i really dislike my knobby knees and this exposes enough leg from the sides and disguises the ugly knees for me",5,1,8,General Petite,Dresses,Dresses,"Super simple summer style. I am so pleased with this midi dress; i've already worn and laundered this dress multiple times and i cannot express how comfortable and cute this dress is to wear. best of all, the fabric is just substantial enough that there are no posterior lumps or panty lines that are visible and the v-neck is just low enough to provide a subtle sexy dã©colletage. i love the length of this dress as i really dislike my knobby knees and this exposes enough leg from the sides and disguises the ugly knees for me",0.9988688826560974,45-54
8503,861,58,Great basic tee,I got this in the color listed as pink. it's not a usual pink. the fit is good--not too tight and not too loose. the length is good for a tee.,5,1,3,General,Tops,Knits,Great basic tee. I got this in the color listed as pink. it's not a usual pink. the fit is good--not too tight and not too loose. the length is good for a tee.,0.9994575381278992,55+
2985,1082,41,Compliment grabber,I wore this dress to work with a tan pair of booties and the compliments started upon entry and did not stop till the end of the day. very feminine and comfy all at once.,5,1,1,General,Dresses,Dresses,Compliment grabber. I wore this dress to work with a tan pair of booties and the compliments started upon entry and did not stop till the end of the day. very feminine and comfy all at once.,0.9998328685760498,35-44
11466,1025,40,Best jeans ever,I love these! they are so soft! the high waist is awesome and fits like a glove. they don't stretch out. i wear with a heel and get tons of compliments. they make my hips look smaller than they are.,5,1,0,General Petite,Bottoms,Jeans,Best jeans ever. I love these! they are so soft! the high waist is awesome and fits like a glove. they don't stretch out. i wear with a heel and get tons of compliments. they make my hips look smaller than they are.,0.9998175501823425,35-44
9888,588,63,Birthday gift,"I purchased for my daughter who is mid 30's and she loved the romper.
i'm going to list her size since that is appropriate for who is wearing the item.",4,1,0,General,Bottoms,Shorts,"Birthday gift. I purchased for my daughter who is mid 30's and she loved the romper.
i'm going to list her size since that is appropriate for who is wearing the item.",0.9988828301429749,55+
7590,917,42,Comfortable & stylish,"I bought the blue in store and loved it so much that my hubby recommended i buy the raspberry online! i usually buy a medium in tops, but went with the small so it wouldn't be so flowy. fabric is soft and not itchy. i will be wearing these a lot this fall!",5,1,0,General,Tops,Fine gauge,"Comfortable & stylish. I bought the blue in store and loved it so much that my hubby recommended i buy the raspberry online! i usually buy a medium in tops, but went with the small so it wouldn't be so flowy. fabric is soft and not itchy. i will be wearing these a lot this fall!",0.9991700649261475,35-44
21331,1092,31,Versatile,"I passed over this dress online thinking i'd never wear it. but, then i found myself inside an retailer store and decided to try it on. i am excited to say that i love this dress. it is soft and lovely. the cowl is large and the whole dress has a really great drape. my favorite thing is that the buttons along the back are functional. opening up the back turns this dress into a long cardigan that is to die for.",5,1,0,General,Dresses,Dresses,"Versatile. I passed over this dress online thinking i'd never wear it. but, then i found myself inside an retailer store and decided to try it on. i am excited to say that i love this dress. it is soft and lovely. the cowl is large and the whole dress has a really great drape. my favorite thing is that the buttons along the back are functional. opening up the back turns this dress into a long cardigan that is to die for.",0.9990891218185425,25-34
17253,850,38,Feminine find,This is such a cute top. i like it both off and on the shoulder. easily tucked or left out depending how you want to style it.,5,1,0,General,Tops,Blouses,Feminine find. This is such a cute top. i like it both off and on the shoulder. easily tucked or left out depending how you want to style it.,0.9995736479759216,35-44
19020,976,52,Great for smaller women,"This is a well-made kimono style jacket, in a great color choice that is versatile and well constructed. being short and with narrow shoulders, most kimono-style jackets don't work on me; they are simply too big & too long. this jacket's shorter length and more streamlined styling make it perfect for me. a keeper, and a real steal on sale.",4,1,0,General Petite,Jackets,Jackets,"Great for smaller women. This is a well-made kimono style jacket, in a great color choice that is versatile and well constructed. being short and with narrow shoulders, most kimono-style jackets don't work on me; they are simply too big & too long. this jacket's shorter length and more streamlined styling make it perfect for me. a keeper, and a real steal on sale.",0.9997093081474304,45-54
9527,1094,36,Perfect spring dress!,"I'm very pleased with my purchase of this dress. it is perfect for dancing or a spring/summer wedding or doing out. it is very flattering on my rather straight/slender/petite frame. i ordered a size 4 and it was tts. if it only had pockets, it would be absolutely perfect!",5,1,9,General,Dresses,Dresses,"Perfect spring dress!. I'm very pleased with my purchase of this dress. it is perfect for dancing or a spring/summer wedding or doing out. it is very flattering on my rather straight/slender/petite frame. i ordered a size 4 and it was tts. if it only had pockets, it would be absolutely perfect!",0.9997105002403259,35-44
17264,1095,53,Gorgeous dress,"This dress is really beautiful. i plan on wearing it to my nephew's wedding in april. my only complaint would be is that it runs extremely small. i am 5 feet tall and 90 pounds, slim build, and normally wear a 00p or 0p. i ended up with the 2p, and it fits perfectly. my advice to anyone considering purchasing is to order several different sizes and return the ones that don't fit.",5,1,16,General,Dresses,Dresses,"Gorgeous dress. This dress is really beautiful. i plan on wearing it to my nephew's wedding in april. my only complaint would be is that it runs extremely small. i am 5 feet tall and 90 pounds, slim build, and normally wear a 00p or 0p. i ended up with the 2p, and it fits perfectly. my advice to anyone considering purchasing is to order several different sizes and return the ones that don't fit.",0.9987962245941162,45-54
138,126,34,Feminine alternative to your shapeless puffer,I am obsessed with peplum down coats because the ones you usually see have no shape and are extremely unflattering. i was excited for this to arrive. this is quite nice and it looks more feminine than the other down coats out there. the coat itself runs just true to my shirt size but not what i want for a coat. i will be returning this for a size up because i will want to wear a sweater or at least maybe a thicker shirt under this especially for winter or fall. the fabric is decent and the weigh,4,1,1,Initmates,Intimate,Lounge,Feminine alternative to your shapeless puffer. I am obsessed with peplum down coats because the ones you usually see have no shape and are extremely unflattering. i was excited for this to arrive. this is quite nice and it looks more feminine than the other down coats out there. the coat itself runs just true to my shirt size but not what i want for a coat. i will be returning this for a size up because i will want to wear a sweater or at least maybe a thicker shirt under this especially for winter or fall. the fabric is decent and the weigh,-0.9590804576873779,25-34
19797,1096,43,Gorgeous!,Oh i simply can't say enough about this dress... it's just so pretty! i've sometimes had trouble with beaded pieces from retailer but not this dress. it's a very flattering piece and the material is comfortable and soft. really flattering. you can dress it up or down as well - i'm glad i'll be able to wear this into fall with a leather jacket.,5,1,0,General,Dresses,Dresses,Gorgeous!. Oh i simply can't say enough about this dress... it's just so pretty! i've sometimes had trouble with beaded pieces from retailer but not this dress. it's a very flattering piece and the material is comfortable and soft. really flattering. you can dress it up or down as well - i'm glad i'll be able to wear this into fall with a leather jacket.,0.999566376209259,35-44
19693,1009,44,Petite sizing?,This is a beautiful skirt. i wanted to make sure that i received a size that fit so i ordered two different sizes (pxs and ps). i typically wear a pxs but since the description mentions a side zip and it looked as if the skirt was to fit higher on the waist i thought i should also try a size up. as i mentioned it is lovely. light airy. i just wanted something easy to throw on and look put together with flat sandals and a tank for the hot weather that is coming and for an upcoming vacation to the,4,1,39,General,Bottoms,Skirts,Petite sizing?. This is a beautiful skirt. i wanted to make sure that i received a size that fit so i ordered two different sizes (pxs and ps). i typically wear a pxs but since the description mentions a side zip and it looked as if the skirt was to fit higher on the waist i thought i should also try a size up. as i mentioned it is lovely. light airy. i just wanted something easy to throw on and look put together with flat sandals and a tank for the hot weather that is coming and for an upcoming vacation to the,0.9983140230178833,35-44
2425,873,50,Looks cute - but sheds!,"This jacket looked adorable on. it was also quite comfortable. however, it sheds and left fuzz on every dark surface it touched. sadly, this is a deal breaker for me.",2,0,4,General,Tops,Knits,"Looks cute - but sheds!. This jacket looked adorable on. it was also quite comfortable. however, it sheds and left fuzz on every dark surface it touched. sadly, this is a deal breaker for me.",-0.7806431651115417,45-54
5083,1059,42,Unfortunately unflattering,"I wanted to love these great spring/summer pants, but sadly, they are just too unflattering for ladies with hips. if you have a ruler build, these pants will be fantastic, but these pants are not forgiving in the hip and thigh area for those of you blessed with a curvier build. i was really hoping for pants that had this clean, vintage inspired, audrey hepburn look re-imagined for the every-girl, because nothing is more flattering to an hourglass body than clean, non-bulky lines (something like",3,0,3,General Petite,Bottoms,Pants,"Unfortunately unflattering. I wanted to love these great spring/summer pants, but sadly, they are just too unflattering for ladies with hips. if you have a ruler build, these pants will be fantastic, but these pants are not forgiving in the hip and thigh area for those of you blessed with a curvier build. i was really hoping for pants that had this clean, vintage inspired, audrey hepburn look re-imagined for the every-girl, because nothing is more flattering to an hourglass body than clean, non-bulky lines (something like",-0.9211047887802124,35-44
14806,194,32,Runs big; comfy jacket!,"Like other reviewers, i did find that this jacket runs big. i am usually a size 2p or an xs and found an xxs in store and fits well. it'll be a great everyday-jacket!",5,1,0,General Petite,Intimate,Lounge,"Runs big; comfy jacket!. Like other reviewers, i did find that this jacket runs big. i am usually a size 2p or an xs and found an xxs in store and fits well. it'll be a great everyday-jacket!",0.9997393488883972,25-34
9974,1035,46,Great winter jeans,"Love these pilcro jeans, my usual size fit nice like skinny jeans. i know if i had gone down a size they would look too tight in the legs, they are not supposed to be leggings. they did not stretch out too much all day - slightly in the waist, not enough to size down. the dark color is perfect for winter! they are very comfortable!! love pilcro jeans!",5,1,0,General,Bottoms,Jeans,"Great winter jeans. Love these pilcro jeans, my usual size fit nice like skinny jeans. i know if i had gone down a size they would look too tight in the legs, they are not supposed to be leggings. they did not stretch out too much all day - slightly in the waist, not enough to size down. the dark color is perfect for winter! they are very comfortable!! love pilcro jeans!",0.9996055960655212,45-54
11381,933,26,Very nice vest but itchy,"This vest is very nice and fashionable, very stylish. i like it a lot. however, it is too itchy. the opening in the front didn't allow me to close as many buttons as i like but i would totally wear this stylish vest even though it is not as functional when it is cold. however, the itchiness is too much. i don't wear wool unless it is ultra soft or mixed with cashmere, so i could not imaging wearing this vest, it is too itchy. why ruin such a good thing?",3,1,0,General,Tops,Sweaters,"Very nice vest but itchy. This vest is very nice and fashionable, very stylish. i like it a lot. however, it is too itchy. the opening in the front didn't allow me to close as many buttons as i like but i would totally wear this stylish vest even though it is not as functional when it is cold. however, the itchiness is too much. i don't wear wool unless it is ultra soft or mixed with cashmere, so i could not imaging wearing this vest, it is too itchy. why ruin such a good thing?",-0.9830744862556458,25-34
15666,862,44,,"I love this top- it's loose and flowy, yet flattering, and the colors are fun. the armholes are cut a little low, so a cami is necessary. after one wash and lay flat dry, the wrinkling is substantial. hope i can steam it back to its normal shape.",4,1,1,General,Tops,Knits,". I love this top- it's loose and flowy, yet flattering, and the colors are fun. the armholes are cut a little low, so a cami is necessary. after one wash and lay flat dry, the wrinkling is substantial. hope i can steam it back to its normal shape.",0.999596893787384,35-44
6021,850,30,Cute but a little awkward.,"I adore this blouse, but the cut is a bit weird. the shoulders fit snugly and the body is blousy/boxy. the colors are super cute and the cutouts are unique but i don't think this top is for everyone.",3,1,0,General Petite,Tops,Blouses,"Cute but a little awkward.. I adore this blouse, but the cut is a bit weird. the shoulders fit snugly and the body is blousy/boxy. the colors are super cute and the cutouts are unique but i don't think this top is for everyone.",0.9574687480926514,25-34
23078,1167,44,Only good for small busted ladies,Cup size is really small for a medium. no way to adjust the back strap. ended up giving it to my daughter. cute but so poorly executed.,2,0,2,Initmates,Intimate,Swim,Only good for small busted ladies. Cup size is really small for a medium. no way to adjust the back strap. ended up giving it to my daughter. cute but so poorly executed.,-0.9996693134307861,35-44
8381,1094,54,Perfect fall dress!,"This dress is more beautiful in person than it is online. during the fall/winter i love to wear dresses with tights and pair them with boots. this dress is so cute, the material is pretty thin, but lined and flowey, i am 5'9 34 b bra 27 inch waist and a size 2 was great. the dress itself is pretty shapeless but string around the waist is adjustable to make it fit you the right way (giving it some shape) the v neckline is definitely more attractive in person than in the pictures, and the stitchin",5,1,9,General Petite,Dresses,Dresses,"Perfect fall dress!. This dress is more beautiful in person than it is online. during the fall/winter i love to wear dresses with tights and pair them with boots. this dress is so cute, the material is pretty thin, but lined and flowey, i am 5'9 34 b bra 27 inch waist and a size 2 was great. the dress itself is pretty shapeless but string around the waist is adjustable to make it fit you the right way (giving it some shape) the v neckline is definitely more attractive in person than in the pictures, and the stitchin",0.9993334412574768,45-54
6734,986,68,Nice concept. disappointing reality.,"A good part of my closet is filled with retailer clothes. i mix them with my basics, scarves and jewelry. so, i immediately thought of a dozen ways this kimono could jazz up anything from skinny jeans to slip dresses, even though i felt it was pretty pricey. when it arrived, i was more than disappointed in the cheapness of the fabric. it does nothing for any of my intended clothes, so it is going back asap.",2,0,16,General,Jackets,Jackets,"Nice concept. disappointing reality.. A good part of my closet is filled with retailer clothes. i mix them with my basics, scarves and jewelry. so, i immediately thought of a dozen ways this kimono could jazz up anything from skinny jeans to slip dresses, even though i felt it was pretty pricey. when it arrived, i was more than disappointed in the cheapness of the fabric. it does nothing for any of my intended clothes, so it is going back asap.",-0.9971287846565247,55+
22400,868,38,I returned this.,I agree that this shirt is boxy and has no shape; it doesn't look at all like it does on the model. i returned it.,2,0,1,General,Tops,Knits,I returned this.. I agree that this shirt is boxy and has no shape; it doesn't look at all like it does on the model. i returned it.,-0.9976717829704285,35-44
6644,975,57,Adorable,"1. i'm 5'5"" tall, 145 lbs, and 38 (36d) - 32-40 and the size 12 fit me perfectly with just a bra on underneath, when zipped up. i plan on wearing tank tops or thin t-shirts under it, and leaving it unzipped. i'm normally a size 10, but at retailer, i'm a 12 in their jackets.

2. thin with a thin lining, but stiff enough to hold its shape. the front zipper also helps give firmness to the front edge.

3. the fabric is white with lots of beige embroidery and lace holes.

4. i have a feeling thi",5,1,19,General Petite,Jackets,Jackets,"Adorable. 1. i'm 5'5"" tall, 145 lbs, and 38 (36d) - 32-40 and the size 12 fit me perfectly with just a bra on underneath, when zipped up. i plan on wearing tank tops or thin t-shirts under it, and leaving it unzipped. i'm normally a size 10, but at retailer, i'm a 12 in their jackets.

2. thin with a thin lining, but stiff enough to hold its shape. the front zipper also helps give firmness to the front edge.

3. the fabric is white with lots of beige embroidery and lace holes.

4. i have a feeling thi",0.9671719074249268,55+
3958,460,25,So adorable,This romper is adorable!!! i love the long sleeves!,5,1,0,General,Bottoms,Shorts,So adorable. This romper is adorable!!! i love the long sleeves!,0.9998745918273926,<25
8565,1059,57,,This looks just as pictured. it's comfortable but dressy. i love it!,5,1,0,General Petite,Bottoms,Pants,. This looks just as pictured. it's comfortable but dressy. i love it!,0.9998747110366821,55+
22904,1020,39,"Lovely summer print, runs small","This is a beautiful skirt; the colors are fresh and summery, yet subtle, and it's a nice sturdy cotton, not flimsy and cheap looking. however, i agree with the reviewer who said that this runs small. i take a 4 in most skirts, but i had to try on a 6 and still felt that it didn't fit quite right. if you're extremely thin, this might be great for you.",3,0,0,General Petite,Bottoms,Skirts,"Lovely summer print, runs small. This is a beautiful skirt; the colors are fresh and summery, yet subtle, and it's a nice sturdy cotton, not flimsy and cheap looking. however, i agree with the reviewer who said that this runs small. i take a 4 in most skirts, but i had to try on a 6 and still felt that it didn't fit quite right. if you're extremely thin, this might be great for you.",0.9725437164306641,35-44
226,815,55,Pretty,"This top is really pretty and nice quality. runs big - i went down a size, and its perfect. coloring is more subtle in person than in the photo.",5,1,1,General Petite,Tops,Blouses,"Pretty. This top is really pretty and nice quality. runs big - i went down a size, and its perfect. coloring is more subtle in person than in the photo.",0.9998241066932678,45-54
21181,858,40,Beautiful classic shirt!,"This shirt runs a little big, i bought it for my niece who usually wears a medium , but the small fit her. she is tall and this was a nice length on her.it's very comfortable and is a a perfect staple to send her off to college with. i paired it with the nouveau belt in silver- as an option for her to wear it with- great buy!
my niece is 5' 11"" with an athletic build.",4,1,0,General Petite,Tops,Knits,"Beautiful classic shirt!. This shirt runs a little big, i bought it for my niece who usually wears a medium , but the small fit her. she is tall and this was a nice length on her.it's very comfortable and is a a perfect staple to send her off to college with. i paired it with the nouveau belt in silver- as an option for her to wear it with- great buy!
my niece is 5' 11"" with an athletic build.",0.9997482895851135,35-44
13691,873,49,Classic style with nice details,"This is a very pretty top with nice lace details. the linen makes it not quite as soft as 100% cotton but still comfortable and breathable. the fit was just right in the small petite. i tried it on in the store and was very tempted, but wound up not buying it because i have other similar tops. i would snap it up if it went on sale or if i needed a top of this type.",5,1,0,General,Tops,Knits,"Classic style with nice details. This is a very pretty top with nice lace details. the linen makes it not quite as soft as 100% cotton but still comfortable and breathable. the fit was just right in the small petite. i tried it on in the store and was very tempted, but wound up not buying it because i have other similar tops. i would snap it up if it went on sale or if i needed a top of this type.",0.9973021745681763,45-54
14471,378,47,Great fit--exactly as expected!,This is perfect if you are looking for comfort and style in the same bathing suit.,5,1,2,Initmates,Intimate,Swim,Great fit--exactly as expected!. This is perfect if you are looking for comfort and style in the same bathing suit.,0.999822199344635,45-54
13472,1125,49,Buttons have not been fixed despite retailer's claim,"Despite retailer's claim that they have ""fixed"" the button issue on this coat, beware. they haven't. i ordered this coat november 18th, feeling safe that the issue that scores of other reviewers had noted was fixed, because retailer indicated ""rest assured, this issue has been fixed"" (as noted in the item description). feeling confident that i'd get a non-defective coat at this late date in the quality assurance cycle, i was severely disappointed to open my shipment tonight (nov 24th) immediately di",2,0,4,General Petite,Jackets,Outerwear,"Buttons have not been fixed despite retailer's claim. Despite retailer's claim that they have ""fixed"" the button issue on this coat, beware. they haven't. i ordered this coat november 18th, feeling safe that the issue that scores of other reviewers had noted was fixed, because retailer indicated ""rest assured, this issue has been fixed"" (as noted in the item description). feeling confident that i'd get a non-defective coat at this late date in the quality assurance cycle, i was severely disappointed to open my shipment tonight (nov 24th) immediately di",-0.9981352090835571,45-54
3372,883,26,White lattice t,This shirt is so cute with the cutout stripes and it goes with everything. it's easy to wear and true to size. you can dress it up or dress it down. the fabric is soft but also light weight. i am so happy to own this classic piece.,5,1,0,General,Tops,Knits,White lattice t. This shirt is so cute with the cutout stripes and it goes with everything. it's easy to wear and true to size. you can dress it up or dress it down. the fabric is soft but also light weight. i am so happy to own this classic piece.,0.9998310804367065,25-34
13376,936,38,Beautifully knit sweater,"The ivory color needs a little camisole or tank underneath. the sweater is beautifully knit and has a soft and nubby texture. hope it washes well. maybe size up if you want a looser, relaxed feel. hits me right around the hip bone and i am 5' 8"". can easily be dressed up or down with accessories.",5,1,12,General Petite,Tops,Sweaters,"Beautifully knit sweater. The ivory color needs a little camisole or tank underneath. the sweater is beautifully knit and has a soft and nubby texture. hope it washes well. maybe size up if you want a looser, relaxed feel. hits me right around the hip bone and i am 5' 8"". can easily be dressed up or down with accessories.",0.9991010427474976,35-44
1108,815,52,Victorian in a good way,"I'm 5' 0"" and 120 pounds. this top is beautiful. it's high neck is so flattering. a nice switch it up for us gals that are older and like neck coverage sometimes. i purchased a small and it is a little longer, but since it has elastic at the waist it's no problem. i will tuck it in my jeans and skirts. the arm holes are perfect. the as far as it being a lot of blouse, i didn't find that at all. but i am busty, 34c or d depending on brand of bra. the color is ivory. omits completely sheer, no lin",5,1,7,General Petite,Tops,Blouses,"Victorian in a good way. I'm 5' 0"" and 120 pounds. this top is beautiful. it's high neck is so flattering. a nice switch it up for us gals that are older and like neck coverage sometimes. i purchased a small and it is a little longer, but since it has elastic at the waist it's no problem. i will tuck it in my jeans and skirts. the arm holes are perfect. the as far as it being a lot of blouse, i didn't find that at all. but i am busty, 34c or d depending on brand of bra. the color is ivory. omits completely sheer, no lin",0.9960177540779114,45-54
14053,864,51,Better looking on that in the picture,"So this is available in the store in a reddish coral color, see the #your retailer pictures and you'll see someone wearing it under the gray blazer. anyway, i tried it on and the fit was very flattering for a tunic. the front of the sweater hit me just at the waist and the front draped nicely. somehow the back was slightly hugging my back side but not tight or restricted. i ended up ordering the black and navy online because the fit was fantastic and will go with so many things. nothing shee",5,1,19,General Petite,Tops,Knits,"Better looking on that in the picture. So this is available in the store in a reddish coral color, see the #your retailer pictures and you'll see someone wearing it under the gray blazer. anyway, i tried it on and the fit was very flattering for a tunic. the front of the sweater hit me just at the waist and the front draped nicely. somehow the back was slightly hugging my back side but not tight or restricted. i ended up ordering the black and navy online because the fit was fantastic and will go with so many things. nothing shee",0.9909079074859619,45-54
18757,828,38,A sad disappointment,"The first time i wore it, felt wonderful. had it cleaned and then the back end stated pilling. very disappointed with the price and quality. wish i could return for my money back. sad",2,0,1,General Petite,Tops,Blouses,"A sad disappointment. The first time i wore it, felt wonderful. had it cleaned and then the back end stated pilling. very disappointed with the price and quality. wish i could return for my money back. sad",-0.9992002844810486,35-44
13660,1078,39,Gorgeous silk pattern,"Everything about this dress is perfect for my body type.  i used the tie belt as a cinch to gather the fabric and made the silhouette into a loose fit & flare.  i have a large upper body and small lower half so maybe the excess fabric balances out my body but looks terrible on other shapes.  i am 36dd 140# 5'3"" and i purchased the medium petite.",5,1,0,General,Dresses,Dresses,"Gorgeous silk pattern. Everything about this dress is perfect for my body type.  i used the tie belt as a cinch to gather the fabric and made the silhouette into a loose fit & flare.  i have a large upper body and small lower half so maybe the excess fabric balances out my body but looks terrible on other shapes.  i am 36dd 140# 5'3"" and i purchased the medium petite.",0.5269761681556702,35-44
14857,984,36,"Cute, casual, and well-made","I purchased this in purple, and agree with previous reviewers who've mentioned that it looks more casual in person. it can be dressed up with the right accessories, though, and the fabric is really excellent quality, soft and durable. i really like the contrasting plaid back, it's a subtle but fashionable detail.",5,1,0,General,Jackets,Jackets,"Cute, casual, and well-made. I purchased this in purple, and agree with previous reviewers who've mentioned that it looks more casual in person. it can be dressed up with the right accessories, though, and the fabric is really excellent quality, soft and durable. i really like the contrasting plaid back, it's a subtle but fashionable detail.",0.9998598098754883,35-44
2618,831,33,Dissapointed,I agree with the other reviewer that the color of this top is more burgundy with purple undertones rather than a deep red like shown online. the fit was very boxy on me and it did not look flattering. i was not willing to to have it altered so i returned it.,3,0,0,General,Tops,Blouses,Dissapointed. I agree with the other reviewer that the color of this top is more burgundy with purple undertones rather than a deep red like shown online. the fit was very boxy on me and it did not look flattering. i was not willing to to have it altered so i returned it.,0.9948776960372925,25-34
9115,1094,43,Beautiful,"There is some confusion in the first few reviews over the image, but the dress has a medium green lace and does not have a cut out at the front of the neck. it runs more true to size than some dresses at antrho -- my size is a small 6 petite (meaning that i often end up in a 4) and the six is perfect. 

the dress hangs gorgeously and fits fabulously. the zipper is a bit hard to get through the seams and lace, but worth it.

it has a formal feel, but i think it can be made casual with shoes a",5,1,1,General Petite,Dresses,Dresses,"Beautiful. There is some confusion in the first few reviews over the image, but the dress has a medium green lace and does not have a cut out at the front of the neck. it runs more true to size than some dresses at antrho -- my size is a small 6 petite (meaning that i often end up in a 4) and the six is perfect. 

the dress hangs gorgeously and fits fabulously. the zipper is a bit hard to get through the seams and lace, but worth it.

it has a formal feel, but i think it can be made casual with shoes a",0.999718964099884,35-44
2498,1077,25,,I always search each summer for a maxi dress and this is the winner this summed! i love the way it wraps. fits perfectly. i got a size medium and i am 5'5 34dd; the dress is long enough to wear with flats or heels. i recommend this!,5,1,4,General Petite,Dresses,Dresses,. I always search each summer for a maxi dress and this is the winner this summed! i love the way it wraps. fits perfectly. i got a size medium and i am 5'5 34dd; the dress is long enough to wear with flats or heels. i recommend this!,0.9997455477714539,<25
16643,895,59,Try it! you'll love it!,"This is a beautiful sweater. high quality cashmere was used as it is very soft. as other reviewers stated, the sweater does run large. so i purchased one size down and ordered an xxs, for a perfect fit. i went with yellow, which is a great color. this is not high low, which i love! i am so thrilled, that just as soon as i'm finished writing this review, i'm going to purchase another sweater in red.",5,1,1,General Petite,Tops,Fine gauge,"Try it! you'll love it!. This is a beautiful sweater. high quality cashmere was used as it is very soft. as other reviewers stated, the sweater does run large. so i purchased one size down and ordered an xxs, for a perfect fit. i went with yellow, which is a great color. this is not high low, which i love! i am so thrilled, that just as soon as i'm finished writing this review, i'm going to purchase another sweater in red.",0.9997497200965881,55+
7715,1009,31,Love,This skirt is perfection. i am 5'8 130ibs and the 2 fit perfect. the picture does not even do it justice. it is much more softer than i thought it would be. in the picture it seems stiff looking but that is not the case at all. can't wait to wear this skirt for the summer. you can dress it up with a nice blouse and heels or keep it casual with a relaxed tee and sandals. i will defiantly get a lot of use out of this piece!,5,1,1,General,Bottoms,Skirts,Love. This skirt is perfection. i am 5'8 130ibs and the 2 fit perfect. the picture does not even do it justice. it is much more softer than i thought it would be. in the picture it seems stiff looking but that is not the case at all. can't wait to wear this skirt for the summer. you can dress it up with a nice blouse and heels or keep it casual with a relaxed tee and sandals. i will defiantly get a lot of use out of this piece!,0.9882878661155701,25-34
21804,1121,29,Classy stylish coat,"It was love at first sight for me! i am petite 5'2 about 115 lbs and the small worked well for me. i usually order xs in most items in retailer, but because they only had a small left in the store, i thought it would work as i do like my coats a little bigger. when i tried it on, it was the perfect size! like the other reviewer said, i could see why it may not work for those with a fuller chest area. i am on the smaller side in that area and the fact that i went up to a small instead of xs may hav",4,1,2,General,Jackets,Outerwear,"Classy stylish coat. It was love at first sight for me! i am petite 5'2 about 115 lbs and the small worked well for me. i usually order xs in most items in retailer, but because they only had a small left in the store, i thought it would work as i do like my coats a little bigger. when i tried it on, it was the perfect size! like the other reviewer said, i could see why it may not work for those with a fuller chest area. i am on the smaller side in that area and the fact that i went up to a small instead of xs may hav",0.9957519769668579,25-34
21853,1122,61,Beautiful but short,"Liked everything about this coat but the length! it is beautiful and good quality. first, ordered a medium because the fit seemed slight (i'm a 4-6), returned it for a large. unfortunately, the large will also be returned -- the body length is very cropped, not at all as it appears in photo to meet the top of a waistband. i'll hope to find a similar coat with just a bit more length.",4,1,2,General Petite,Jackets,Outerwear,"Beautiful but short. Liked everything about this coat but the length! it is beautiful and good quality. first, ordered a medium because the fit seemed slight (i'm a 4-6), returned it for a large. unfortunately, the large will also be returned -- the body length is very cropped, not at all as it appears in photo to meet the top of a waistband. i'll hope to find a similar coat with just a bit more length.",0.8896772265434265,55+
14376,875,44,,"Sadly, i returned this one. i'm a 36d bra size and this shirt could not handle that. it fit around my chest, so sizing up was not necessary, but my chest caused the straps to shift and sit funny on my shoulders. cute top and well made for those who can fit into it better!",3,0,1,General,Tops,Knits,". Sadly, i returned this one. i'm a 36d bra size and this shirt could not handle that. it fit around my chest, so sizing up was not necessary, but my chest caused the straps to shift and sit funny on my shoulders. cute top and well made for those who can fit into it better!",0.9977434873580933,35-44
10414,1094,48,Pretty and simple,While being stylish. the dress is well made and comfortable.,5,1,0,General,Dresses,Dresses,Pretty and simple. While being stylish. the dress is well made and comfortable.,0.9998821020126343,45-54
3386,986,34,"Super-thin fabric, but really pretty","The fabric is so thin, i think this entire garment might actually fit in a normal-sized letter envelope. the problem is not going to be that the garment is see-through (which it is) - it's the fact that the super thin fabric is not silky, it's cotton-ey, and i suspect it will get ""stuck"" against the back of my shirt/pants while i'm wearing it and not drape nicely. i wonder if some tiny weights could be sewn to the bottom hem to keep it laying properly.....

however, i'm such a sucker for a pre",4,1,0,General Petite,Jackets,Jackets,"Super-thin fabric, but really pretty. The fabric is so thin, i think this entire garment might actually fit in a normal-sized letter envelope. the problem is not going to be that the garment is see-through (which it is) - it's the fact that the super thin fabric is not silky, it's cotton-ey, and i suspect it will get ""stuck"" against the back of my shirt/pants while i'm wearing it and not drape nicely. i wonder if some tiny weights could be sewn to the bottom hem to keep it laying properly.....

however, i'm such a sucker for a pre",-0.9992061257362366,25-34
4629,872,42,A bit big and sloppy,"This looks cute on the model but was way too big, loose and sloppy for me. i probably needed a petite size. i ordered a regular xs, but returned it. it is an okay black top, nothing great.",2,0,2,General,Tops,Knits,"A bit big and sloppy. This looks cute on the model but was way too big, loose and sloppy for me. i probably needed a petite size. i ordered a regular xs, but returned it. it is an okay black top, nothing great.",-0.9975014328956604,35-44
7771,88,42,Cute bedtime boyshort,"I got these pretty boy shorts because i was looking for a panty that was comfy for bedtime--pretty but with a fair amount of coverage. i am really happy with them. wonderful with a tank top or chemise. i think the ruffles are a bit bulky for skinny jeans, but i love them for sleeping. they feel special.",4,1,0,Initmates,Intimate,Intimates,"Cute bedtime boyshort. I got these pretty boy shorts because i was looking for a panty that was comfy for bedtime--pretty but with a fair amount of coverage. i am really happy with them. wonderful with a tank top or chemise. i think the ruffles are a bit bulky for skinny jeans, but i love them for sleeping. they feel special.",0.9996968507766724,35-44
15269,864,46,Really cute,Great transitional top.  comfy and great fit.  i like my tops to be somewhat roomy and this was great in a small.  i usually buy medium.,5,1,0,General,Tops,Knits,Really cute. Great transitional top.  comfy and great fit.  i like my tops to be somewhat roomy and this was great in a small.  i usually buy medium.,0.9997816681861877,45-54
14904,833,34,Itchy,"Very pretty top, but like the other reviewers said?the neck is very itchy. i live in florida and i don't think i can wear this during the summer unless i get the neck lined. i got an xxs p which was a little shorter than i would have liked, so i am returning for xxs.",4,1,0,General,Tops,Blouses,"Itchy. Very pretty top, but like the other reviewers said?the neck is very itchy. i live in florida and i don't think i can wear this during the summer unless i get the neck lined. i got an xxs p which was a little shorter than i would have liked, so i am returning for xxs.",-0.9813985228538513,25-34
16522,454,30,Great short,"I am very glad i purchased these shorts on sale. bought the coral color in a large. 5'7"" 140lbs with a generous underside and long legs, i usually wear a m or a l in yoga pants. the l here fits really nicely--not too tight and enough length in the inseam so that i don't feel silly practicing outdoors in the park. the rise is also perfect.",5,1,0,Initmates,Intimate,Lounge,"Great short. I am very glad i purchased these shorts on sale. bought the coral color in a large. 5'7"" 140lbs with a generous underside and long legs, i usually wear a m or a l in yoga pants. the l here fits really nicely--not too tight and enough length in the inseam so that i don't feel silly practicing outdoors in the park. the rise is also perfect.",0.9997475743293762,25-34
12093,501,60,Buy this robe!,"Buy this robe before its gone! my friend and i each bought this robe... it feels amazing and makes a girl feel pretty!. i bought the xs/s (34c, 26"" waist), but i tried on the m/l and could have made that work too. love!",5,1,0,Initmates,Intimate,Sleep,"Buy this robe!. Buy this robe before its gone! my friend and i each bought this robe... it feels amazing and makes a girl feel pretty!. i bought the xs/s (34c, 26"" waist), but i tried on the m/l and could have made that work too. love!",0.9993575215339661,55+
15257,862,59,Great top and a great price,"This top also caught my eye in my local store, and being a devoted deletta lover, i had to buy. it is a straight, slim fit, so i bought a medium, instead of my usual small, to glide over my curvy lower half. it's thin, finely woven knit, with two cute little buttons at the top of the side slit; the cut and longer length in the back is very flattering. i bought the heathered black and have worn with my black pilcro leggings; it's a great top to wear over leggings or skinny jeans; no belts with th",5,1,7,General Petite,Tops,Knits,"Great top and a great price. This top also caught my eye in my local store, and being a devoted deletta lover, i had to buy. it is a straight, slim fit, so i bought a medium, instead of my usual small, to glide over my curvy lower half. it's thin, finely woven knit, with two cute little buttons at the top of the side slit; the cut and longer length in the back is very flattering. i bought the heathered black and have worn with my black pilcro leggings; it's a great top to wear over leggings or skinny jeans; no belts with th",0.9976723790168762,55+
9220,1060,34,Gorgeous flowing pants,"The quality is there. these pants are just as pictured. very wide leg, romantic pants. the pockets lay nicely inside so as not to be bunchy like some pants do. these fit perfect and look great.",5,1,0,General Petite,Bottoms,Pants,"Gorgeous flowing pants. The quality is there. these pants are just as pictured. very wide leg, romantic pants. the pockets lay nicely inside so as not to be bunchy like some pants do. these fit perfect and look great.",0.9998186230659485,25-34
1247,850,51,This top is really cute,I just bought this top yesterday in the yellow. i can't wait until it warms up a little more to wear it. it's very comfortable and very cute. i did have to size down. i may get one of the other prints as well.,5,1,0,General Petite,Tops,Blouses,This top is really cute. I just bought this top yesterday in the yellow. i can't wait until it warms up a little more to wear it. it's very comfortable and very cute. i did have to size down. i may get one of the other prints as well.,0.9997132420539856,45-54
21924,1203,27,"Nice, but weird fabric","Nice practical tank, that i can wear with everything. but, the fabric is kind of weird - overly warm and pulls up around the bottom when i wear it sometimes. i would still recommend it, but just know it's not just a cotton tank.",4,1,0,Initmates,Intimate,Layering,"Nice, but weird fabric. Nice practical tank, that i can wear with everything. but, the fabric is kind of weird - overly warm and pulls up around the bottom when i wear it sometimes. i would still recommend it, but just know it's not just a cotton tank.",0.9892948269844055,25-34
15317,1078,51,"Flirty, pretty, stripey fun","More of an a-line rather than tunic shape--which makes this a great, flattering, spring-through-summer party and barbecue throw on. true to size, washable. the indigo and purpley-gray pop with the mix of rose stripes, and the fringe and length keep it from being dowdy. i'm 5'5"" and this hit mid thigh. i keep pulling it out of the closet and trying it on! can't wait for the weather to turn in earnest to wear this sassiness out.",5,1,2,General,Dresses,Dresses,"Flirty, pretty, stripey fun. More of an a-line rather than tunic shape--which makes this a great, flattering, spring-through-summer party and barbecue throw on. true to size, washable. the indigo and purpley-gray pop with the mix of rose stripes, and the fringe and length keep it from being dowdy. i'm 5'5"" and this hit mid thigh. i keep pulling it out of the closet and trying it on! can't wait for the weather to turn in earnest to wear this sassiness out.",0.9988007545471191,45-54
3720,1078,48,Boho beauty,"I love this dress! it's so comfy and flowy. i wore to an event and got many compliments on the color and design of the dress. i'm 5'5"" and weigh 150.",5,1,0,General,Dresses,Dresses,"Boho beauty. I love this dress! it's so comfy and flowy. i wore to an event and got many compliments on the color and design of the dress. i'm 5'5"" and weigh 150.",0.9998526573181152,45-54
22574,1085,53,Great features,"Love the pockets and back of dress. the buttons on the the straps allow for them to be adjusted. that's a plus. i'm 5'3"" with an athletic build at 34d. the medium fits perfect",5,1,7,General Petite,Dresses,Dresses,"Great features. Love the pockets and back of dress. the buttons on the the straps allow for them to be adjusted. that's a plus. i'm 5'3"" with an athletic build at 34d. the medium fits perfect",0.9998588562011719,45-54
20078,833,53,So beautifully done...,"This is a lovely, well-fitting, embroidered, navy tank, i cannot find a flaw in this. i am 5'5, 142 lbs., 34d and the size 6 is a fantastic fit. one of those tops that is so well-cut that it feels as if one is wearing nothing. the lining is impeccably done and is cut perfectly for the blouse. it has a small cut-out in the back at the v. it fits just as the photo shows and is so versatile-it can be worn with everything from jeans to a formal skirt. six stars!",5,1,0,General Petite,Tops,Blouses,"So beautifully done.... This is a lovely, well-fitting, embroidered, navy tank, i cannot find a flaw in this. i am 5'5, 142 lbs., 34d and the size 6 is a fantastic fit. one of those tops that is so well-cut that it feels as if one is wearing nothing. the lining is impeccably done and is cut perfectly for the blouse. it has a small cut-out in the back at the v. it fits just as the photo shows and is so versatile-it can be worn with everything from jeans to a formal skirt. six stars!",0.9996534585952759,45-54
978,1094,29,Great dress!,"I tried this dress on in the store and ended up ordering it online during the dress sale. it is extremely flattering and really accentuates the waist. it is very comfortable, and made of a nice, soft fabric. i am a 34a and it just barely reveals a tiny bit of cleavage so i don't find the neckline too low. i plan to wear it with tights and booties. i am 5' 4"" and the regular xs comes to a bit below my knees. going to enjoy wearing this lovely dress!",5,1,0,General,Dresses,Dresses,"Great dress!. I tried this dress on in the store and ended up ordering it online during the dress sale. it is extremely flattering and really accentuates the waist. it is very comfortable, and made of a nice, soft fabric. i am a 34a and it just barely reveals a tiny bit of cleavage so i don't find the neckline too low. i plan to wear it with tights and booties. i am 5' 4"" and the regular xs comes to a bit below my knees. going to enjoy wearing this lovely dress!",0.9991569519042969,25-34
21475,861,41,Beautiful top,"I bought yellow one, and i'm very happy with this purchase. the flower print is beautiful, and the material is light, but not too thin. i love wearing this top with a pair of blue denim or a pair of white bottom.
i'm pretty short in height and size 36c. i bought a m in regular size because i like my tops roomy, and it fits really nice, i just tie a small knot on the bottom of this top or tuck the shirt in a little bit, it works perfect.",5,1,1,General,Tops,Knits,"Beautiful top. I bought yellow one, and i'm very happy with this purchase. the flower print is beautiful, and the material is light, but not too thin. i love wearing this top with a pair of blue denim or a pair of white bottom.
i'm pretty short in height and size 36c. i bought a m in regular size because i like my tops roomy, and it fits really nice, i just tie a small knot on the bottom of this top or tuck the shirt in a little bit, it works perfect.",0.9997585415840149,35-44
5057,875,37,Love,"I have this top with the red stitching and it is one of my most favorite items from retailer ever. i wear it with a tank top underneath so i haven't noticed any itchiness like the other reviewer mentioned. 
i wear it with slightly cropped slim boyfriend jeans and i get so many compliments every time i wear it.
i wish i had it in the blue color too!",5,1,11,General,Tops,Knits,"Love. I have this top with the red stitching and it is one of my most favorite items from retailer ever. i wear it with a tank top underneath so i haven't noticed any itchiness like the other reviewer mentioned. 
i wear it with slightly cropped slim boyfriend jeans and i get so many compliments every time i wear it.
i wish i had it in the blue color too!",0.9985904097557068,35-44
14206,1049,49,Expect the unexpected,"While contemplating on purchasing these pants. after receiving them, quality was superb, waffle material 5 spandex, beautiful green color, and 2 snaps in the front,  zipper and 2  front and back pockets. material has alot of give and wide legs. these pants don't come to the ankle so don't expect it. sort of like capri but longer, lose fitting and wide legs. nice addition to my closet. i hit the jackpot now and again w/ this store.",5,1,2,General,Bottoms,Pants,"Expect the unexpected. While contemplating on purchasing these pants. after receiving them, quality was superb, waffle material 5 spandex, beautiful green color, and 2 snaps in the front,  zipper and 2  front and back pockets. material has alot of give and wide legs. these pants don't come to the ankle so don't expect it. sort of like capri but longer, lose fitting and wide legs. nice addition to my closet. i hit the jackpot now and again w/ this store.",0.9950927495956421,45-54
22171,530,32,Not for my hips,"I'm 140 at 5' 8"". pear shape. the pockets really opened up when i put them on and didn't lay flat. loose on leg opening - which i liked. but the pockets sticking out around the hip area made my pear shape even wider. i got a medium",2,0,0,General,Bottoms,Shorts,"Not for my hips. I'm 140 at 5' 8"". pear shape. the pockets really opened up when i put them on and didn't lay flat. loose on leg opening - which i liked. but the pockets sticking out around the hip area made my pear shape even wider. i got a medium",0.9900972843170166,25-34
15420,854,55,Must see in person,"It's easy to miss the fine details that make this top special.the fabric inset around the collar & front placket is an abstract blossoming spring branch print overlaid with 3d decorative embroidery and clear sequins & is trimmed with a delicate lace. the sequins are eye-catching in a very subtle, shimmery way.

beautiful under a sweater, love the top's double layer look, fits tts, not too sheer. 

you might have to wear a strapless bra or do without one altogether because of the neckline and",5,1,1,General Petite,Tops,Knits,"Must see in person. It's easy to miss the fine details that make this top special.the fabric inset around the collar & front placket is an abstract blossoming spring branch print overlaid with 3d decorative embroidery and clear sequins & is trimmed with a delicate lace. the sequins are eye-catching in a very subtle, shimmery way.

beautiful under a sweater, love the top's double layer look, fits tts, not too sheer. 

you might have to wear a strapless bra or do without one altogether because of the neckline and",0.9992824196815491,45-54
14414,1078,46,So fun!,Can't wait for the weather to get warmer so i can wear this one. as others have said the material is heavier but i think that's a positive as it is very structured and slimming. i'm a fan of maeve dresses and this is no different!,5,1,0,General Petite,Dresses,Dresses,So fun!. Can't wait for the weather to get warmer so i can wear this one. as others have said the material is heavier but i think that's a positive as it is very structured and slimming. i'm a fan of maeve dresses and this is no different!,0.9993979930877686,45-54
10476,1078,45,Great dress,I'm anxious to wear this dress with boots. i love the colors and print. perfect for work and evenings out.,5,1,2,General,Dresses,Dresses,Great dress. I'm anxious to wear this dress with boots. i love the colors and print. perfect for work and evenings out.,0.9998393058776855,35-44
16849,834,25,Please get this top!,"I purchased this amazing tunic in-store in the plaid pattern, and couldn't be more thrilled with it. i can already see myself overwearing it, because it's so pretty and easy. i typically wear an xs, and sometimes petite styles. the regular small fits very well. i'm sure the xs would have been alright, but i like the way my forearms don't feel constricted where it buttons, and sizing up seemed to help with gaping by the button holes. i love the way this looks with a variety bottoms and shoes. it",5,1,0,General,Tops,Blouses,"Please get this top!. I purchased this amazing tunic in-store in the plaid pattern, and couldn't be more thrilled with it. i can already see myself overwearing it, because it's so pretty and easy. i typically wear an xs, and sometimes petite styles. the regular small fits very well. i'm sure the xs would have been alright, but i like the way my forearms don't feel constricted where it buttons, and sizing up seemed to help with gaping by the button holes. i love the way this looks with a variety bottoms and shoes. it",0.9969749450683594,<25
6504,877,33,,"This shirt is not what i expected. i ordered the ""green"" motif, which is not green at all but black. in the product photos the drawings appear to have a white outlining but its brown. the shirt is made of a good quality cotton and fits great. i ordered the medium. which gave me a lot of extra room to where i could have sized down to a small. for reference i am a 36b and usually wear a medium in most retailer tops. i don't plan on keeping this because i was really hoping for a white background to t",3,1,1,General,Tops,Knits,". This shirt is not what i expected. i ordered the ""green"" motif, which is not green at all but black. in the product photos the drawings appear to have a white outlining but its brown. the shirt is made of a good quality cotton and fits great. i ordered the medium. which gave me a lot of extra room to where i could have sized down to a small. for reference i am a 36b and usually wear a medium in most retailer tops. i don't plan on keeping this because i was really hoping for a white background to t",0.9705238342285156,25-34
2780,864,38,Hidden treasure,I found this today on the one and only rack. i absolutely fell in love with it. i bought my normal size medium and it fit perfectly. other customers were asking where they could find it in the store. i highly recommend. it can be dressed up or down.,5,1,0,General Petite,Tops,Knits,Hidden treasure. I found this today on the one and only rack. i absolutely fell in love with it. i bought my normal size medium and it fit perfectly. other customers were asking where they could find it in the store. i highly recommend. it can be dressed up or down.,0.9998264908790588,35-44
3485,1056,46,Pilcro stet chino capris,"I'm not much of a chino girl, but these fit like a favorite pair of jeans and with heels still look really polished. love them!",5,1,2,General Petite,Bottoms,Pants,"Pilcro stet chino capris. I'm not much of a chino girl, but these fit like a favorite pair of jeans and with heels still look really polished. love them!",0.9997817873954773,45-54
10129,872,53,Great casual top,"Love this top for casual days. fits perfectly, fabric feels quality and color is bright but not too bright. good length, just touches top of my thighs.",5,1,0,General Petite,Tops,Knits,"Great casual top. Love this top for casual days. fits perfectly, fabric feels quality and color is bright but not too bright. good length, just touches top of my thighs.",0.9997708201408386,45-54
15670,865,70,"Love,love,love!!","I had originally bought this top in one of your stores and loved it!!! got sooo many compliments!!! while reading my e-mail one night, i saw it on sale!! of course i would have bought it anyway!!! now i have 2 of my favorite tops!!!",5,1,0,General,Tops,Knits,"Love,love,love!!. I had originally bought this top in one of your stores and loved it!!! got sooo many compliments!!! while reading my e-mail one night, i saw it on sale!! of course i would have bought it anyway!!! now i have 2 of my favorite tops!!!",0.9995245933532715,55+
15252,831,38,Lovely top,I purchased the teal/blue and the color is striking. though i put true to size the decorative top is slightly tight around the bust. and the bottom too is fitted and not flowy. for a looser fit you may want to size up. for a more fitted look it is true to size.,5,1,0,General Petite,Tops,Blouses,Lovely top. I purchased the teal/blue and the color is striking. though i put true to size the decorative top is slightly tight around the bust. and the bottom too is fitted and not flowy. for a looser fit you may want to size up. for a more fitted look it is true to size.,0.993535041809082,35-44
10082,835,39,Wasn't sure at first,"But when i saw this top in person, urged by my stylist when they got it in, i decided to try it on. they had xs in store, my former normal size (xs or xsp). that was too big though. not being sure how the petite would look, and not sure if smaller would work, i decided to order all three: xxs, xsp and xxsp!

verdict on size: xxsp was pulling at the arm holes, kind of small there. xxs regular was almost right, but arm holes were a little high, not as comfortable.
xsp ended up being the right c",5,1,0,General,Tops,Blouses,"Wasn't sure at first. But when i saw this top in person, urged by my stylist when they got it in, i decided to try it on. they had xs in store, my former normal size (xs or xsp). that was too big though. not being sure how the petite would look, and not sure if smaller would work, i decided to order all three: xxs, xsp and xxsp!

verdict on size: xxsp was pulling at the arm holes, kind of small there. xxs regular was almost right, but arm holes were a little high, not as comfortable.
xsp ended up being the right c",-0.998971700668335,35-44
15288,1078,39,"Cute, shorter, went with regualr size","I am so glad i tried this on last minute in my store... it was on a tbale and saw it no hte stylist picks so decided why not try it on. i thought i would need a petite, but hte elngth of the regualr hit me almsot one inch above my knee, which is a sweet spot for me. petite may hit me too high to be able to pull ths casual style at work, (and i wear character shirts with jeans or joggers on the weekends)... so i ordered the 0 for me (the store 0 had a stain on it :-( 

i am 115 lbs for referenc",5,1,3,General,Dresses,Dresses,"Cute, shorter, went with regualr size. I am so glad i tried this on last minute in my store... it was on a tbale and saw it no hte stylist picks so decided why not try it on. i thought i would need a petite, but hte elngth of the regualr hit me almsot one inch above my knee, which is a sweet spot for me. petite may hit me too high to be able to pull ths casual style at work, (and i wear character shirts with jeans or joggers on the weekends)... so i ordered the 0 for me (the store 0 had a stain on it :-( 

i am 115 lbs for referenc",-0.9924629926681519,35-44
8322,868,71,Overall great shirt,"Overall this is a great shirt. the material is soft and a little sheer, but not sheer enough to have to wear something underneath. the only negative is that the v sits a little high so i felt like i was constantly pulling the shirt down through out the day.",4,1,0,General,Tops,Knits,"Overall great shirt. Overall this is a great shirt. the material is soft and a little sheer, but not sheer enough to have to wear something underneath. the only negative is that the v sits a little high so i felt like i was constantly pulling the shirt down through out the day.",0.950715184211731,55+
3517,844,39,For the lanky models,"I so badly wanted this top to work. it looks so cute! but, as soon as i tried it on, i knew it wasn't a keeper. i didn't even need a mirror! it's not suited for those of us with a bust (i'm a 34d) and anything but a lanky model-esque frame. i suggest sizing up if you're busty and want to give it a try. it looked dowdy on me.",3,0,0,General,Tops,Blouses,"For the lanky models. I so badly wanted this top to work. it looks so cute! but, as soon as i tried it on, i knew it wasn't a keeper. i didn't even need a mirror! it's not suited for those of us with a bust (i'm a 34d) and anything but a lanky model-esque frame. i suggest sizing up if you're busty and want to give it a try. it looked dowdy on me.",-0.9802284836769104,35-44
22224,717,25,,Very comfortable and love the color. i'm a bit curvier on the bottom and the small still fit me fine.,5,1,0,General,Bottoms,Shorts,. Very comfortable and love the color. i'm a bit curvier on the bottom and the small still fit me fine.,0.9998762607574463,<25
17124,817,43,Cute but not cute enough,"This blouse is a disappointment! it runs so large, it looks ridiculous. the cute is super wide and flared. they must have it pinned on the model. it is not flattering at all. i really thought this could be cute. not worth the money either! it's expensive and ill-fitting. for reference i am 5'3 and 123lbs and wear a 2 or 4.",1,0,4,General Petite,Tops,Blouses,"Cute but not cute enough. This blouse is a disappointment! it runs so large, it looks ridiculous. the cute is super wide and flared. they must have it pinned on the model. it is not flattering at all. i really thought this could be cute. not worth the money either! it's expensive and ill-fitting. for reference i am 5'3 and 123lbs and wear a 2 or 4.",-0.9994068145751953,35-44
8382,1092,39,Tons of compliments,"Wore this to work and nearly everyone complimented me on it. very comfortable. lots of detailing. perfect for fall. pockets! i'm usually somewhere between a s and m but this piece was generously cut and a s was perfect. i debated ordering the petite, but actually the regular cut was the perfect length even though i'm only 5'4"".",5,1,0,General,Dresses,Dresses,"Tons of compliments. Wore this to work and nearly everyone complimented me on it. very comfortable. lots of detailing. perfect for fall. pockets! i'm usually somewhere between a s and m but this piece was generously cut and a s was perfect. i debated ordering the petite, but actually the regular cut was the perfect length even though i'm only 5'4"".",0.999745786190033,35-44
4958,964,31,Nice material with some stretch,"I found this to fit really well and i've got a chest, and the hourglass to go with it. the stretch really helps it to be comfortable too. i reckon it's pretty versatile too.",5,1,2,General,Jackets,Jackets,"Nice material with some stretch. I found this to fit really well and i've got a chest, and the hourglass to go with it. the stretch really helps it to be comfortable too. i reckon it's pretty versatile too.",0.999749481678009,25-34
9738,1056,29,The size 24 are gone!,"I have a few pair of these from prior years and would like another in a dark color. every time i check, the size 24 regular are sold out! please make more size 24!",4,1,2,General,Bottoms,Pants,"The size 24 are gone!. I have a few pair of these from prior years and would like another in a dark color. every time i check, the size 24 regular are sold out! please make more size 24!",-0.9676482081413269,25-34
5406,985,43,Great transitional jacket,"This is a great lightweight jacket. i really like the olive color as it goes with so many things. it can be worn with dresses or skirts which is what i mainly wear. i'm an anti-pant person. the only downside is the price. it's a nice stylish jacket, but not sure it warrants the high price tag. it also doesn't look to great buttoned up; has to be worn open. i do recommend it though.",5,1,0,General Petite,Jackets,Jackets,"Great transitional jacket. This is a great lightweight jacket. i really like the olive color as it goes with so many things. it can be worn with dresses or skirts which is what i mainly wear. i'm an anti-pant person. the only downside is the price. it's a nice stylish jacket, but not sure it warrants the high price tag. it also doesn't look to great buttoned up; has to be worn open. i do recommend it though.",-0.6447306871414185,35-44
12615,728,59,Love them,Bought a pair of these with a gift card i got for my birthday.  just ordered another pair!  i love them for everyday use and working out,5,1,0,Initmates,Intimate,Legwear,Love them. Bought a pair of these with a gift card i got for my birthday.  just ordered another pair!  i love them for everyday use and working out,0.9998337030410767,55+
3526,872,39,It sparkles!,"I was thinking this would be a straight up terry cloth athleisure top, but the subtle metallic thread woven into the cloud gray fabric elevates the style. really loved the top because of the cut and interesting hemline, but i adore it for the bit of sparkle.",5,1,0,General,Tops,Knits,"It sparkles!. I was thinking this would be a straight up terry cloth athleisure top, but the subtle metallic thread woven into the cloud gray fabric elevates the style. really loved the top because of the cut and interesting hemline, but i adore it for the bit of sparkle.",0.9997767806053162,35-44
14522,1086,39,How do you spell my-mu?,"I love the pattern adn color combo, but, wow,t really flatering on me. too much fabric. i felt like i was trying to hide wight gain or pregnancy or wearing a mumu. anyway, not for me, but others might toll wnat to try in case it was just me... too bad.

length was decent in regulat size though, not too long. just too wide.",2,0,8,General,Dresses,Dresses,"How do you spell my-mu?. I love the pattern adn color combo, but, wow,t really flatering on me. too much fabric. i felt like i was trying to hide wight gain or pregnancy or wearing a mumu. anyway, not for me, but others might toll wnat to try in case it was just me... too bad.

length was decent in regulat size though, not too long. just too wide.",-0.8739545941352844,35-44
13605,1072,43,Wow...,"So disappointed. i love retailer! this was a huge disappointment. i am 5'3"" and 120 pounds. when i put it on, all i could think was that i looked just like a clown due to the big cowl neck and how large and round the dress made me look. if i wasn't so disappointed, i might have laughed. this had to have been a design mistake. i've truly never seen something so unflattering.",1,0,0,General Petite,Dresses,Dresses,"Wow.... So disappointed. i love retailer! this was a huge disappointment. i am 5'3"" and 120 pounds. when i put it on, all i could think was that i looked just like a clown due to the big cowl neck and how large and round the dress made me look. if i wasn't so disappointed, i might have laughed. this had to have been a design mistake. i've truly never seen something so unflattering.",-0.9994392991065979,35-44
16037,1081,48,Dolan never fails,"Dolan is my go to for comfy, pretty, practical dresses. i'm 5'0 125 lbs and i consistently wear a petite small in this brand. i bought the taupe - not my favorite color, but i had too many lbds and the green was not a summer color. i chose taupe to wear with my bronze and turquoise jewelry. summer must have.",5,1,0,General Petite,Dresses,Dresses,"Dolan never fails. Dolan is my go to for comfy, pretty, practical dresses. i'm 5'0 125 lbs and i consistently wear a petite small in this brand. i bought the taupe - not my favorite color, but i had too many lbds and the green was not a summer color. i chose taupe to wear with my bronze and turquoise jewelry. summer must have.",0.983032763004303,45-54
20640,927,48,Beautiful!,"Maybe the softest sweater that i own. buy it, and you won't regret it!",5,1,0,General Petite,Tops,Sweaters,"Beautiful!. Maybe the softest sweater that i own. buy it, and you won't regret it!",0.999612033367157,45-54
14785,871,19,Pretty...thin,"The shirt fits nice and has a classic cut. i would imagine this to look good on just about anyone. the shirt is soft and comfortable, but is rather thin and see through. the stitching is coming undone a little bit in some areas. wouldn't pay full price for it, but it's worth it on sale.",4,1,0,General,Tops,Knits,"Pretty...thin. The shirt fits nice and has a classic cut. i would imagine this to look good on just about anyone. the shirt is soft and comfortable, but is rather thin and see through. the stitching is coming undone a little bit in some areas. wouldn't pay full price for it, but it's worth it on sale.",0.9990904331207275,<25
21794,1110,39,Yummy mustard,"Love the gorgeous mustard/goldenrod shade but it's unflattering to my skintone (makes my olive-tan look more sallow). all the versions of the tied dresses that holding horses has come out with are fantastic in fit and flattering to the tummy. if you are busty/broad back/wide rib cage--size up. if you have generous hip/bum curves, give both your regular",5,1,0,General Petite,Dresses,Dresses,"Yummy mustard. Love the gorgeous mustard/goldenrod shade but it's unflattering to my skintone (makes my olive-tan look more sallow). all the versions of the tied dresses that holding horses has come out with are fantastic in fit and flattering to the tummy. if you are busty/broad back/wide rib cage--size up. if you have generous hip/bum curves, give both your regular",0.9989976286888123,35-44
22325,1077,46,,"Love  this dress, beautiful!",5,1,0,General Petite,Dresses,Dresses,". Love  this dress, beautiful!",0.9998824596405029,45-54
9343,1066,26,Love these pants!,"These pants are super flattering. they can be worn to work or on the weekend dressed up or down. they are slimming and fit very nicely. my only complaint is that they start to look worn, the black fades, as you wash them over time. please don't stop carrying them!!",5,1,1,General,Bottoms,Pants,"Love these pants!. These pants are super flattering. they can be worn to work or on the weekend dressed up or down. they are slimming and fit very nicely. my only complaint is that they start to look worn, the black fades, as you wash them over time. please don't stop carrying them!!",0.9994257688522339,25-34
11751,867,38,Adorable summer tee,"I bought the white with the colorful stripes. i am not disappointed. the sleeves are rolled and tacked. it seems to run a little big in the torso. all in all, a great summer tee.",4,1,5,General,Tops,Knits,"Adorable summer tee. I bought the white with the colorful stripes. i am not disappointed. the sleeves are rolled and tacked. it seems to run a little big in the torso. all in all, a great summer tee.",0.9993470311164856,35-44
7635,964,46,Geneva anorak,"The color and design/style are cute but i found this to be too oversized. if you want to layer it, then it might be for you, but i was hoping for more of a tailored look.",3,1,0,General Petite,Jackets,Jackets,"Geneva anorak. The color and design/style are cute but i found this to be too oversized. if you want to layer it, then it might be for you, but i was hoping for more of a tailored look.",-0.9960498213768005,45-54
2008,1083,41,Soooo pretty,"This dress is sure to become one of my favorites! i ordered it online and the colors are even prettier in person; very vivid! it is a little light for the climate where i live right now but, i'm sure that as soon as it gets a little warmer i will be wearing it often. i can't wait!",5,1,0,General Petite,Dresses,Dresses,"Soooo pretty. This dress is sure to become one of my favorites! i ordered it online and the colors are even prettier in person; very vivid! it is a little light for the climate where i live right now but, i'm sure that as soon as it gets a little warmer i will be wearing it often. i can't wait!",0.9996321201324463,35-44
13075,1059,39,Ok i get it now,This was a return in my sale room and i just decided to try it on. love it! fits true to size thought kind of hard to zip up all the way. colors are great. got the petite size. the pattern is different for each one so each is unique. mine has. lot more navy blue.,5,1,0,General,Bottoms,Pants,Ok i get it now. This was a return in my sale room and i just decided to try it on. love it! fits true to size thought kind of hard to zip up all the way. colors are great. got the petite size. the pattern is different for each one so each is unique. mine has. lot more navy blue.,0.9997718930244446,35-44
20679,862,40,Great shirt but runs large,This is a nice shirt and very flattering. the ivory is actually more of a tan/brown- i would not call it ivory or off white. the material has a nice texture to it as well. it does run big and long so keep that in mind when purchasing.,5,1,7,General Petite,Tops,Knits,Great shirt but runs large. This is a nice shirt and very flattering. the ivory is actually more of a tan/brown- i would not call it ivory or off white. the material has a nice texture to it as well. it does run big and long so keep that in mind when purchasing.,0.9991461038589478,35-44
1464,411,48,Good luck getting it on!,You have to be a contortionist to get this bra on. it slips over your head and i needed my 8yo daughter to help me pull it down past my elbows. ridiculously impractical. why oh why didn't heather give it a hook and loop closure instead?,2,0,1,Initmates,Intimate,Intimates,Good luck getting it on!. You have to be a contortionist to get this bra on. it slips over your head and i needed my 8yo daughter to help me pull it down past my elbows. ridiculously impractical. why oh why didn't heather give it a hook and loop closure instead?,-0.9980005621910095,45-54
18071,834,69,Everywhere top,"Super comfortable top. easily washable, 2 options with the sleeves, and a nice drape to the fabric. truly a go-anywhere top.",5,1,0,General,Tops,Blouses,"Everywhere top. Super comfortable top. easily washable, 2 options with the sleeves, and a nice drape to the fabric. truly a go-anywhere top.",0.9993940591812134,55+
21113,532,49,,These shorts are really cute but i felt like they were a little too short for me so i ended up returning them and i purchased the dress by the same brand instead.,4,1,0,Initmates,Intimate,Lounge,. These shorts are really cute but i felt like they were a little too short for me so i ended up returning them and i purchased the dress by the same brand instead.,-0.9988940358161926,45-54
21149,858,48,"So flattering, no need for petite","I just tried this top on in xs regular even though i generally wear xspetite in retailer and it fit great (34aa - 26 - 34). i think it's flattering on my fairly straight body with the halter neck, fitted waist and peplum. i would guess it would be flattering on many body types; it highlights shoulders beautifully. it was very hard to get my head through the small, not-too-stretchy opening so you may want to try it on without makeup. i knocked off one star because the neck band wasn't symmetrical,",4,1,6,General Petite,Tops,Knits,"So flattering, no need for petite. I just tried this top on in xs regular even though i generally wear xspetite in retailer and it fit great (34aa - 26 - 34). i think it's flattering on my fairly straight body with the halter neck, fitted waist and peplum. i would guess it would be flattering on many body types; it highlights shoulders beautifully. it was very hard to get my head through the small, not-too-stretchy opening so you may want to try it on without makeup. i knocked off one star because the neck band wasn't symmetrical,",0.6881316900253296,45-54
12943,872,58,Classy cowlneck,"I saw this in the store and loved the feel of the fabric but did not want to pay full price. i was very happy when it went on sale. the top clings nicely without feeling tight. i got sp (5'5, 125)as i worried the neckline would slip off. fits perfectly. fabric has a very slight sheen. i just hope it holds up to washing and caution is needed as you may create pulls with jewelry if careless.",5,1,1,General Petite,Tops,Knits,"Classy cowlneck. I saw this in the store and loved the feel of the fabric but did not want to pay full price. i was very happy when it went on sale. the top clings nicely without feeling tight. i got sp (5'5, 125)as i worried the neckline would slip off. fits perfectly. fabric has a very slight sheen. i just hope it holds up to washing and caution is needed as you may create pulls with jewelry if careless.",0.9995697140693665,55+
8043,936,46,,"I tried this sweater on in the store, regretted not purchasing it, and ended up buying it online. the fabric is soft, seems to be good quality, and hangs nicely. i purchased the taupe color and it is a rich, pretty color.",5,1,0,General,Tops,Sweaters,". I tried this sweater on in the store, regretted not purchasing it, and ended up buying it online. the fabric is soft, seems to be good quality, and hangs nicely. i purchased the taupe color and it is a rich, pretty color.",0.9998643398284912,45-54
8705,1116,60,Must have statement piece,The quality of this jacket is outstanding. color combination is very chic and sophisticated. jacket is warm but not bulky.,5,1,3,General,Jackets,Outerwear,Must have statement piece. The quality of this jacket is outstanding. color combination is very chic and sophisticated. jacket is warm but not bulky.,0.9998600482940674,55+
19740,877,33,Short and wide,"I was very disappointed by the fit of this top. it is quite short (especially in the back) and very wide. i did not find it flattering. on a positive note, the fabric is nice and thick - very warm layering piece for fall. for sizing reference, i'm 5'5'', 122 lbs, and took my usual size xs.",2,0,0,General,Tops,Knits,"Short and wide. I was very disappointed by the fit of this top. it is quite short (especially in the back) and very wide. i did not find it flattering. on a positive note, the fabric is nice and thick - very warm layering piece for fall. for sizing reference, i'm 5'5'', 122 lbs, and took my usual size xs.",0.9937666654586792,25-34
3715,1059,39,Nice and soft,"Kind of silky, but to a point where they almost look like pj pants. i am not sure if i will keep, but overall nice feel. i tried on a xxs p as it was a return, xs sold out, so went with it, stretchy enough to fit me... (115 lbs)",5,1,2,General,Bottoms,Pants,"Nice and soft. Kind of silky, but to a point where they almost look like pj pants. i am not sure if i will keep, but overall nice feel. i tried on a xxs p as it was a return, xs sold out, so went with it, stretchy enough to fit me... (115 lbs)",0.997765302658081,35-44
16959,984,48,The perfect layer!,I love this jacket! it is super soft and a gorgeous color. i can wear it with jeans and a tee or dress it up and wear it to work. so versatile! a must have for the fall season!,5,1,0,General,Jackets,Jackets,The perfect layer!. I love this jacket! it is super soft and a gorgeous color. i can wear it with jeans and a tee or dress it up and wear it to work. so versatile! a must have for the fall season!,0.9998602867126465,45-54
8996,61,39,,"At 5'4"" and 140 lbs, this tank is a nice thin under layer. a little low cut for trying to cover cleavage.",4,1,0,Initmates,Intimate,Layering,". At 5'4"" and 140 lbs, this tank is a nice thin under layer. a little low cut for trying to cover cleavage.",-0.5157407522201538,35-44
17037,927,50,,"I loved this sweater! it is a little thin, so i will probably wear a tank under it, but you could probably get away without one, i am normally either an xs or a small, and i got the xs in this sweater. the bottom is a little loose like in the models photo, but i really like it.",5,1,1,General,Tops,Sweaters,". I loved this sweater! it is a little thin, so i will probably wear a tank under it, but you could probably get away without one, i am normally either an xs or a small, and i got the xs in this sweater. the bottom is a little loose like in the models photo, but i really like it.",0.9972749352455139,45-54
11949,829,43,Darling top!,I love this top and bought my usual xs. i don't have any issues with the buttons gaping but am 34b so i'm not a busty girl. i got the adorable umbrella print and living in a rain forest in southeast alaska it could not be cuter.,5,1,1,General,Tops,Blouses,Darling top!. I love this top and bought my usual xs. i don't have any issues with the buttons gaping but am 34b so i'm not a busty girl. i got the adorable umbrella print and living in a rain forest in southeast alaska it could not be cuter.,0.9476964473724365,35-44
15803,986,46,Simply beautiful,"This is a really beautiful kimono. soft and flattering. as well as eye catching.
can be dressed up or down.
absolutely recommend",5,1,0,General,Jackets,Jackets,"Simply beautiful. This is a really beautiful kimono. soft and flattering. as well as eye catching.
can be dressed up or down.
absolutely recommend",0.9998810291290283,45-54
13512,1053,27,Effortless jumpsuit,"This jumpsuit is great! i finally found a jumpsuit that works with my longer torso. the fabric is so comfortable and moves with you. i'm planning to pair a thick belt with the jumpsuit over the portion with the tie, just for some added detail while wearing the piece. it's quite easy to get in and out of.",5,1,1,General Petite,Bottoms,Pants,"Effortless jumpsuit. This jumpsuit is great! i finally found a jumpsuit that works with my longer torso. the fabric is so comfortable and moves with you. i'm planning to pair a thick belt with the jumpsuit over the portion with the tie, just for some added detail while wearing the piece. it's quite easy to get in and out of.",0.999824583530426,25-34
20133,1059,30,"Pretty, but extremely thin","This item is pretty, the print on the fabric is nice and reminiscent of embroidery, but only the top portion has a few embroidered accents. my issue with it is it's very impractical. the fabric is extremely thin, and you wouldn't want to wear it in any weather below 75 degrees. it's ridiculous to advertise this product for a fall/winter season. the tube top underneath doesn't work very hard to stay up, and isn't a very practical way to hold up the jumpsuit (why wouldnt they just stitch a lining",2,0,0,General Petite,Bottoms,Pants,"Pretty, but extremely thin. This item is pretty, the print on the fabric is nice and reminiscent of embroidery, but only the top portion has a few embroidered accents. my issue with it is it's very impractical. the fabric is extremely thin, and you wouldn't want to wear it in any weather below 75 degrees. it's ridiculous to advertise this product for a fall/winter season. the tube top underneath doesn't work very hard to stay up, and isn't a very practical way to hold up the jumpsuit (why wouldnt they just stitch a lining",-0.9985645413398743,25-34
1228,850,62,Bought in 2 patterns!,"This shirt is easy, breezy, comfy, and stylish - everything i want as a busy mom. all the patterns are beautiful it i went with the blue motif as well as the floral print because they felt fun and easy to wear with jeans or white pants. this definitely fit a full size large for me. i tried my usual s plus xs thinking the shoulders might be too tight, but the xs was perfect. happy to have this beauty in the rotation!",5,1,1,General Petite,Tops,Blouses,"Bought in 2 patterns!. This shirt is easy, breezy, comfy, and stylish - everything i want as a busy mom. all the patterns are beautiful it i went with the blue motif as well as the floral print because they felt fun and easy to wear with jeans or white pants. this definitely fit a full size large for me. i tried my usual s plus xs thinking the shoulders might be too tight, but the xs was perfect. happy to have this beauty in the rotation!",0.9998359680175781,55+
14616,966,38,Perfect transitional 3rd piece,"I love this little vest! such an easy outfit completer. just throw it on over jeans and a tank or long sleeves and voila...effortlessly chic! the colors pop and it's the perfect length. if you're on the fence with this one, definitely give it a try. you won't be disappointed!",5,1,0,General,Jackets,Jackets,"Perfect transitional 3rd piece. I love this little vest! such an easy outfit completer. just throw it on over jeans and a tank or long sleeves and voila...effortlessly chic! the colors pop and it's the perfect length. if you're on the fence with this one, definitely give it a try. you won't be disappointed!",0.9997488856315613,35-44
21735,1052,73,,"I've never owned a romper before but after trying it on at the store, i fell in love! i'm pear-shaped 5""4 at 185#. i got a med and it fits beautifully with just enough room to not be baggy. i got the red mitif. super flattering.",5,1,2,General,Bottoms,Pants,". I've never owned a romper before but after trying it on at the store, i fell in love! i'm pear-shaped 5""4 at 185#. i got a med and it fits beautifully with just enough room to not be baggy. i got the red mitif. super flattering.",0.9992274045944214,55+
20871,1094,54,Great dress,"The photos on the website do not do the dress justice. i am into texture, pattern and contrasting fabrics, this dress is gorgeous in person; not only has pattern, but the pattern is woven, so there is this wonderful texture as well that i had to try. some of the reviews said the dress runs large, others that this is a bodycon dress. i ordered a size 8 and my usual 10. both were figure hugging but the size 10 allowed this to be office wear while still being flattering. i am fairly straight, small",5,1,2,General Petite,Dresses,Dresses,"Great dress. The photos on the website do not do the dress justice. i am into texture, pattern and contrasting fabrics, this dress is gorgeous in person; not only has pattern, but the pattern is woven, so there is this wonderful texture as well that i had to try. some of the reviews said the dress runs large, others that this is a bodycon dress. i ordered a size 8 and my usual 10. both were figure hugging but the size 10 allowed this to be office wear while still being flattering. i am fairly straight, small",0.9990381002426147,45-54
2429,872,61,Classy t-shirt,I absolutely love this top. it has a very classy look and can be used casual or dressy. i get lots of compliments.,5,1,1,General,Tops,Knits,Classy t-shirt. I absolutely love this top. it has a very classy look and can be used casual or dressy. i get lots of compliments.,0.9998384714126587,55+
4918,826,50,Beautiful top!,This top looks even better in person! the green is a little brighter than the photo. this beautiful blouse is silk with a sold underlining. it is very full and has great flow and movement. super trendy with the open shoulders and a nice long sleeve for fall. it's really beautiful and perfect for any festive occasion!!,5,1,7,General Petite,Tops,Blouses,Beautiful top!. This top looks even better in person! the green is a little brighter than the photo. this beautiful blouse is silk with a sold underlining. it is very full and has great flow and movement. super trendy with the open shoulders and a nice long sleeve for fall. it's really beautiful and perfect for any festive occasion!!,0.999839186668396,45-54
2201,872,36,Love this top,"I love this top, it's long enough to to wear with leggings and the ribbon in the back really dresses it up. the only negative is that the material pulls easy and only on the space dye color, not the solids but i still love it! for reference i ordered xs and it fits perfectly i am 5'2 125lbs",5,1,1,General,Tops,Knits,"Love this top. I love this top, it's long enough to to wear with leggings and the ribbon in the back really dresses it up. the only negative is that the material pulls easy and only on the space dye color, not the solids but i still love it! for reference i ordered xs and it fits perfectly i am 5'2 125lbs",0.9998024106025696,35-44
17914,933,39,Love!,"Bought this cardigan on a whim as a birthday treat pre myself! love it! i get a compliment everyone i wear it! the quality is great, fits great (with a roomy feel).",5,1,0,General Petite,Tops,Sweaters,"Love!. Bought this cardigan on a whim as a birthday treat pre myself! love it! i get a compliment everyone i wear it! the quality is great, fits great (with a roomy feel).",0.9998786449432373,35-44
5377,1059,26,Stretches out majorly,"Loved these in store when i tried them on but was in between sizes so i ordered them in the larger size. boy do i regret that! these stretch out so much i have to wear a belt with them and it gives me this saggy bunchy front when i sit...not attractive. wish i could return them, but i took the tag off and wore them not knowing this before hand!! if in between sizes definitely size down.",2,0,0,General,Bottoms,Pants,"Stretches out majorly. Loved these in store when i tried them on but was in between sizes so i ordered them in the larger size. boy do i regret that! these stretch out so much i have to wear a belt with them and it gives me this saggy bunchy front when i sit...not attractive. wish i could return them, but i took the tag off and wore them not knowing this before hand!! if in between sizes definitely size down.",-0.9990159273147583,25-34
615,985,65,Perfect fall jacket,This jacket is well-made and smart looking. it gave me just the boost i needed today at a difficult meeting. thank you retailer!,5,1,0,General,Jackets,Jackets,Perfect fall jacket. This jacket is well-made and smart looking. it gave me just the boost i needed today at a difficult meeting. thank you retailer!,0.9998779296875,55+
21757,1110,47,Very flattering,This is my new favorite dress. it's a lovely fall mustard shade. the design really accentuates the waistline. i would buy the other colors in a heartbeat. on my petite frame the dress hits just above my knees.,5,1,0,General Petite,Dresses,Dresses,Very flattering. This is my new favorite dress. it's a lovely fall mustard shade. the design really accentuates the waistline. i would buy the other colors in a heartbeat. on my petite frame the dress hits just above my knees.,0.9995311498641968,45-54
11434,868,52,Cute and striped,I really like the style and cute stripes and i love the versatility of the design of this shirt. fits true to size and hides my stomach just in the right places,5,1,0,General Petite,Tops,Knits,Cute and striped. I really like the style and cute stripes and i love the versatility of the design of this shirt. fits true to size and hides my stomach just in the right places,0.999796450138092,45-54
9182,1104,54,,"Lovely dress ,comfortable fabric and great cut .
the combination of the alignment of stripes works beautifully and is very figure flattering.
versatile to keep casual or dress up with a great pair of shoes.",5,1,6,General,Dresses,Dresses,". Lovely dress ,comfortable fabric and great cut .
the combination of the alignment of stripes works beautifully and is very figure flattering.
versatile to keep casual or dress up with a great pair of shoes.",0.999868631362915,45-54
21876,1104,39,Terrible,"I rarely write a really negative review and retailer is my favorite store ever. but this dress is awful. i ordered the black and white. the fabric is very poor quality. the colors are washed out. i almost didn't try it on, but i did and found that, for me, the fit was terrible (though some of the reviewer pictures are cute).",1,0,0,General Petite,Dresses,Dresses,"Terrible. I rarely write a really negative review and retailer is my favorite store ever. but this dress is awful. i ordered the black and white. the fabric is very poor quality. the colors are washed out. i almost didn't try it on, but i did and found that, for me, the fit was terrible (though some of the reviewer pictures are cute).",-0.9995759129524231,35-44
11581,824,39,"Nice colors, warm, but a bit boxy","So i recommend wearing with something more fitted, or with a flare (jeans), or tucked in like the picture. i love the detail of hte polka dot on the sleeves and collar (inside), so if you leave the collar open or roll the sleeves up a bit, you see hte contrast.
it is a bit short, and i am petite, i ended up with regular size anyway otherwise, it may have been too short.

colors are nice, and i love the material, it is very soft and hoepfulyl warm (my orffice is freezing). should ahve grabbed it",5,1,1,General Petite,Tops,Blouses,"Nice colors, warm, but a bit boxy. So i recommend wearing with something more fitted, or with a flare (jeans), or tucked in like the picture. i love the detail of hte polka dot on the sleeves and collar (inside), so if you leave the collar open or roll the sleeves up a bit, you see hte contrast.
it is a bit short, and i am petite, i ended up with regular size anyway otherwise, it may have been too short.

colors are nice, and i love the material, it is very soft and hoepfulyl warm (my orffice is freezing). should ahve grabbed it",0.9991051554679871,35-44
15551,482,65,Comfortable,"This dress is extremely comfortable. the dress is slightly loose under the armpits, but the other than that the overall fit is great. can be dressed up or down!",5,1,3,Initmates,Intimate,Lounge,"Comfortable. This dress is extremely comfortable. the dress is slightly loose under the armpits, but the other than that the overall fit is great. can be dressed up or down!",0.9993102550506592,55+
22622,455,26,Zipper?,Like the other reviewers i was disappointed to receive the gray dotted sweatshirt with a zipper down the center when it was not in the model picture. looks like this item has since been removed from this listing...would have been nice to have the correct item pictured in the first place.,3,0,3,Initmates,Intimate,Lounge,Zipper?. Like the other reviewers i was disappointed to receive the gray dotted sweatshirt with a zipper down the center when it was not in the model picture. looks like this item has since been removed from this listing...would have been nice to have the correct item pictured in the first place.,-0.9995697140693665,25-34
17536,1008,48,Wanted to love this skirt for the holidays...,"I am a size 2 and the skirt fit however it is so thick and voluminous, it looked like a pirate sack. it's unfortunately going back.",1,0,6,General Petite,Bottoms,Skirts,"Wanted to love this skirt for the holidays.... I am a size 2 and the skirt fit however it is so thick and voluminous, it looked like a pirate sack. it's unfortunately going back.",-0.9974024891853333,45-54
11071,1103,43,Maxi polka dots,"Great strapless maxi. purchased for a late august wedding being held at a yacht club, will fit the nautical theme perfectly.  i'm typically a size 8 and ordered the medium size -- fit is a little snug on top for my 34dd chest but waist and hips are spot on.  length is long, totally skims the floor for my 5'6"" height.  i plan on wearing it with red patent leather wedges so it'll help keep the hem off the floor and make me look longer.  quality is outstanding, strong zipper, quality fabric, excell",4,1,0,General Petite,Dresses,Dresses,"Maxi polka dots. Great strapless maxi. purchased for a late august wedding being held at a yacht club, will fit the nautical theme perfectly.  i'm typically a size 8 and ordered the medium size -- fit is a little snug on top for my 34dd chest but waist and hips are spot on.  length is long, totally skims the floor for my 5'6"" height.  i plan on wearing it with red patent leather wedges so it'll help keep the hem off the floor and make me look longer.  quality is outstanding, strong zipper, quality fabric, excell",0.9418536424636841,35-44
1167,1060,41,,"This would be perfect if only it were lined!!!! i have a high waist and hourglass shape so jumpers are very hard to find that fit my body type. this is a perfect fit for my body shape and when on, it looks like a lovely dress. however, it is not lined and the material is very light and ivory so you see everything. you can't wear a slip so that leaves the option of some sort of bodysuit if you don't want to show the world what you have. i am very tired of all of the light colored clothing not bei",3,0,71,General Petite,Bottoms,Pants,". This would be perfect if only it were lined!!!! i have a high waist and hourglass shape so jumpers are very hard to find that fit my body type. this is a perfect fit for my body shape and when on, it looks like a lovely dress. however, it is not lined and the material is very light and ivory so you see everything. you can't wear a slip so that leaves the option of some sort of bodysuit if you don't want to show the world what you have. i am very tired of all of the light colored clothing not bei",-0.6383072137832642,35-44
12746,1051,53,"Fits nice, cute","I'm 5'8, 130 and ordered a small. it fits very nice and it's flattering. my daughter doesn't like it as she thinks it looks like a t-shirt tucked into pants. i get that but it fits nicely and i like the pattern and tapered legs.",4,1,1,General Petite,Bottoms,Pants,"Fits nice, cute. I'm 5'8, 130 and ordered a small. it fits very nice and it's flattering. my daughter doesn't like it as she thinks it looks like a t-shirt tucked into pants. i get that but it fits nicely and i like the pattern and tapered legs.",0.9984192848205566,45-54
20660,873,21,Terrific turtleneck tanktop,This shirt is super comfortable and super chic. it looks great and feels great.,4,1,0,General,Tops,Knits,Terrific turtleneck tanktop. This shirt is super comfortable and super chic. it looks great and feels great.,0.9998551607131958,<25
6224,862,44,Stylish & comfortable,"I love this top it is cute with shorts, capris and jeans. it's really comfortable but looks put together and stylish.  great for running errands to drinks with the girls. a good transition piece into fall with a light cardigan.",5,1,0,General,Tops,Knits,"Stylish & comfortable. I love this top it is cute with shorts, capris and jeans. it's really comfortable but looks put together and stylish.  great for running errands to drinks with the girls. a good transition piece into fall with a light cardigan.",0.9997072815895081,35-44
6719,865,56,My go-to top!,This is my very shirt i have ever bought at retailer! it's very comfortable and fashionable.,5,1,0,General,Tops,Knits,My go-to top!. This is my very shirt i have ever bought at retailer! it's very comfortable and fashionable.,0.999830961227417,55+
22603,1081,44,,I couldn't get this to work for me. tried a variety of sizes and just couldn't get it to flow right. didn't purchase.,3,0,1,General,Dresses,Dresses,. I couldn't get this to work for me. tried a variety of sizes and just couldn't get it to flow right. didn't purchase.,-0.9997703433036804,35-44
19262,542,38,Great for junk in the trunk,"I am 5'7 and 125lbs w a muscular bubble butt from climbing and biking. usually have trouble w shorts fitting right because my legs and waist don't match my butt. these shorts run large , i got a medium which should have been okay but they stretched out quite a bit after one wear so am returning for a small. it's crazy for my butt to be in a ""small""anything. so- if you are a skinny minny, or have a flat butt, these may not work for you in that you don't have anything to hold these up besides the",5,1,1,General,Bottoms,Shorts,"Great for junk in the trunk. I am 5'7 and 125lbs w a muscular bubble butt from climbing and biking. usually have trouble w shorts fitting right because my legs and waist don't match my butt. these shorts run large , i got a medium which should have been okay but they stretched out quite a bit after one wear so am returning for a small. it's crazy for my butt to be in a ""small""anything. so- if you are a skinny minny, or have a flat butt, these may not work for you in that you don't have anything to hold these up besides the",-0.9991720914840698,35-44
6583,933,31,Love this beautiful stylish sweater wrap,"I am a frequent retailer shopper who has found many items to be hit or miss. this one's a definite hit:) i absolutely love the vibe of this sweater wrap (unique, bohemian, feminine, cozy), the fabric (beautiful intricate weave, high quality knit, wearable virtually year-round thanks to air conditioning), how stylish it is (fringe, very ""in"" kimono cocoon cardigan), how much of my wardrobe it goes with (neutral ivory color that can be dressed up or down, elegant or casual), and the fact that it has",5,1,1,General,Tops,Sweaters,"Love this beautiful stylish sweater wrap. I am a frequent retailer shopper who has found many items to be hit or miss. this one's a definite hit:) i absolutely love the vibe of this sweater wrap (unique, bohemian, feminine, cozy), the fabric (beautiful intricate weave, high quality knit, wearable virtually year-round thanks to air conditioning), how stylish it is (fringe, very ""in"" kimono cocoon cardigan), how much of my wardrobe it goes with (neutral ivory color that can be dressed up or down, elegant or casual), and the fact that it has",0.9998527765274048,25-34
3835,830,34,A flattering peplum top,"I had been eyeballing this for a very long time because i loved the look of the skirt and this top (of which i snagged the skirt when it went on sale). i was delighted to finally take a chance and buy this when it went on sale, too. thoughts below:
______
pros:
- it is well made and on the thicker side. 
- for a peplum, it is actually slimming. i am an hourglass and with hips, which usually means such tops flare out so much making me look wider in all the wrong places. so i was skeptical abo",4,1,0,General,Tops,Blouses,"A flattering peplum top. I had been eyeballing this for a very long time because i loved the look of the skirt and this top (of which i snagged the skirt when it went on sale). i was delighted to finally take a chance and buy this when it went on sale, too. thoughts below:
______
pros:
- it is well made and on the thicker side. 
- for a peplum, it is actually slimming. i am an hourglass and with hips, which usually means such tops flare out so much making me look wider in all the wrong places. so i was skeptical abo",0.9716757535934448,25-34
18288,835,35,"Cute, but wide","I'm. 5'2 and based on other reviewer's input, i went with a regular rather than petite and the length works well. the top is cute, but it billows out around the waist which isn't apparent on the model. other reviews mentioned that so i bought it anyway with that information and it's fine if you expect that. i'm a 34dd and find it to be a bit tight in the bust.",4,1,0,General,Tops,Blouses,"Cute, but wide. I'm. 5'2 and based on other reviewer's input, i went with a regular rather than petite and the length works well. the top is cute, but it billows out around the waist which isn't apparent on the model. other reviews mentioned that so i bought it anyway with that information and it's fine if you expect that. i'm a 34dd and find it to be a bit tight in the bust.",0.996453046798706,25-34
10144,872,33,Linen tee,Fits really nicely and i'm picky about sleeves but these are just right. a little see through but i don't have to wear anything under it because the seams and piecing cover well. love the fit not too blousy in the waist and the assymetrical hem is nice.,5,1,2,General Petite,Tops,Knits,Linen tee. Fits really nicely and i'm picky about sleeves but these are just right. a little see through but i don't have to wear anything under it because the seams and piecing cover well. love the fit not too blousy in the waist and the assymetrical hem is nice.,0.9989722967147827,25-34
3379,860,46,Lovely top!,"I love this top! the arms fit slender but the rest of the top is a nice loose fit. i love the navy blue one with the print, i normally don&#39;t like long tunics but it&#39;s so flattering even for my short frame! i&#39;m usually a medium on top and bought the medium which was perfect.",5,1,0,General,Tops,Knits,"Lovely top!. I love this top! the arms fit slender but the rest of the top is a nice loose fit. i love the navy blue one with the print, i normally don&#39;t like long tunics but it&#39;s so flattering even for my short frame! i&#39;m usually a medium on top and bought the medium which was perfect.",0.9992156028747559,45-54
1137,860,51,Easy fit,Love this tank. it has an easy fit that hides my post baby belly with out looking to wide.,5,1,0,General Petite,Tops,Knits,Easy fit. Love this tank. it has an easy fit that hides my post baby belly with out looking to wide.,0.9994612336158752,45-54
3159,909,32,Love,One of the most beautiful sweaters i've ever seen. i love it!,5,1,0,General,Tops,Fine gauge,Love. One of the most beautiful sweaters i've ever seen. i love it!,0.9998840093612671,25-34
13088,1037,42,**love**,So glad i was able to snag these killer 70's-ish flares. they are super cool at a nice length. love the button detail. i ordered these in my current size and they fit right out of the box. love them so much.,5,1,0,General Petite,Bottoms,Jeans,**love**. So glad i was able to snag these killer 70's-ish flares. they are super cool at a nice length. love the button detail. i ordered these in my current size and they fit right out of the box. love them so much.,0.9998692274093628,35-44
16350,1081,48,Please get this dress back in red!,I love this dress and was hoping to get it in more colors. i was bummed when my size xs regular was out of stock. i would've even ordered it in a s regular but that was out of stock too. please get more in...love the deep red color!,5,1,0,General Petite,Dresses,Dresses,Please get this dress back in red!. I love this dress and was hoping to get it in more colors. i was bummed when my size xs regular was out of stock. i would've even ordered it in a s regular but that was out of stock too. please get more in...love the deep red color!,-0.7326797246932983,45-54
2215,876,55,,"I agree with other reviews, soft, cozy and love the embroidery and beading. it is a bit wrinkly even after i ironed it but overall happy with this blouse.",4,1,0,General Petite,Tops,Knits,". I agree with other reviews, soft, cozy and love the embroidery and beading. it is a bit wrinkly even after i ironed it but overall happy with this blouse.",0.9997920393943787,45-54
16703,8,57,Retro style,I bought a size 8 a few years back not my regular size but when used it tend to sag. so this time i bought a size 6 my regular size.,5,1,0,Initmates,Intimate,Swim,Retro style. I bought a size 8 a few years back not my regular size but when used it tend to sag. so this time i bought a size 6 my regular size.,-0.998374342918396,55+
4687,836,54,,"I am on the fence on this one........it's quite beautiful as color goes, the pic online seems rather faded. i just felt it was a bit wider on the bottom than might be flattering otherwise. beautifully made and the fabric is of great quality. 
i just i wish some of these tops were in better proportion from top to bottom, and less bulky.
other than that i still may purchase as the print is beautiful..........",4,1,0,General Petite,Tops,Blouses,". I am on the fence on this one........it's quite beautiful as color goes, the pic online seems rather faded. i just felt it was a bit wider on the bottom than might be flattering otherwise. beautifully made and the fabric is of great quality. 
i just i wish some of these tops were in better proportion from top to bottom, and less bulky.
other than that i still may purchase as the print is beautiful..........",0.995907187461853,45-54
13967,128,40,Amazing!,"Amazing! they are like those cozy, wool socks. they are true to size. they don't stretch out (at least yet), even after i stretched, etc . i am going to get another pair since i envision wearing these often in the cold house.",5,1,0,General Petite,Intimate,Lounge,"Amazing!. Amazing! they are like those cozy, wool socks. they are true to size. they don't stretch out (at least yet), even after i stretched, etc . i am going to get another pair since i envision wearing these often in the cold house.",0.999783456325531,35-44
20458,1094,24,Cuter than i expected,I didn't really pay this dress much attention online or even in store. an associate suggested i try it on. it's so much cuter on than it appears online. the button detail is great and i love the pockets. it does bunch up a little but not too bad. i tried on my normal size 2 or 4 and the 4 fit me perfectly. it was a tad long and maybe the petite will be better. i have fairly sensitive skin and the wool pieces were a bit itchy so i had to take it back. but if you aren't sensitive then this is for,4,1,0,General Petite,Dresses,Dresses,Cuter than i expected. I didn't really pay this dress much attention online or even in store. an associate suggested i try it on. it's so much cuter on than it appears online. the button detail is great and i love the pockets. it does bunch up a little but not too bad. i tried on my normal size 2 or 4 and the 4 fit me perfectly. it was a tad long and maybe the petite will be better. i have fairly sensitive skin and the wool pieces were a bit itchy so i had to take it back. but if you aren't sensitive then this is for,0.9859510064125061,<25
15848,1025,57,,Lovely small whale cords. they fit too tight around the waist for me. unfortunately i will have to return.,5,1,0,General Petite,Bottoms,Jeans,. Lovely small whale cords. they fit too tight around the waist for me. unfortunately i will have to return.,-0.9924977421760559,55+
22562,1037,37,,Great leggings! they're well made and comfortable to wear. my only complaint is that they seem to be stretching just a little and don't fit perfectly.,4,1,0,General Petite,Bottoms,Jeans,. Great leggings! they're well made and comfortable to wear. my only complaint is that they seem to be stretching just a little and don't fit perfectly.,-0.5593392252922058,35-44
21457,861,52,Love this t-shirt,Such a great purchase! it can be dressed up or down and seems to go with everything! great for summer!,5,1,0,General Petite,Tops,Knits,Love this t-shirt. Such a great purchase! it can be dressed up or down and seems to go with everything! great for summer!,0.9998486042022705,45-54
14689,1004,79,Great fall/winter skirt,"Living in alaska means fall starts early and winter runs long. this great little skirt is perfect for casual fridays and weekends. i am 4'11 and ordered the petite 4, which is a little big around the waist, but could tuck a sweater or shirt in. absolutely love this skirt and thinking about purchasing in another color.",5,1,0,General Petite,Bottoms,Skirts,"Great fall/winter skirt. Living in alaska means fall starts early and winter runs long. this great little skirt is perfect for casual fridays and weekends. i am 4'11 and ordered the petite 4, which is a little big around the waist, but could tuck a sweater or shirt in. absolutely love this skirt and thinking about purchasing in another color.",0.9996472597122192,55+
12306,569,53,Pretty bad in real life,"When i unwrapped this a chemical ""stink"" hit me that amost knocked me over. it was really unbearable and i m not overly sensitive to smells. second it was way too large with a boxy unflattering cut. the waist sits very high at elbow height and every below the waist the material balloons out in a rediculous manner. i wonder if they had it pinned down somehow on the picture here. with a more flattering cut i might have decided to wash it a few times to get the stink out. i do not recommend this fo",1,0,9,General,Trend,Trend,"Pretty bad in real life. When i unwrapped this a chemical ""stink"" hit me that amost knocked me over. it was really unbearable and i m not overly sensitive to smells. second it was way too large with a boxy unflattering cut. the waist sits very high at elbow height and every below the waist the material balloons out in a rediculous manner. i wonder if they had it pinned down somehow on the picture here. with a more flattering cut i might have decided to wash it a few times to get the stink out. i do not recommend this fo",-0.988946259021759,45-54
22295,451,59,Fun dress,I love this dress! it is so much fun to wear to the beach or out to lunch! the arm holes are a little large so i wear s tank underneath!,5,1,0,General Petite,Intimate,Lounge,Fun dress. I love this dress! it is so much fun to wear to the beach or out to lunch! the arm holes are a little large so i wear s tank underneath!,0.999596893787384,55+
6300,866,49,Pretty but...,Very pretty top. however you absolutely need to try it on before ordering. fit well in the chest area but way too big in the sides - i looked pregnant. had to return.,3,1,0,General,Tops,Knits,Pretty but.... Very pretty top. however you absolutely need to try it on before ordering. fit well in the chest area but way too big in the sides - i looked pregnant. had to return.,-0.9964221715927124,45-54
7858,1059,57,,"I bought these and returned them almost immediately. the material looks nice, but itchy and heavy. the fit is too small and just uncomfortable to wear.",1,0,2,General,Bottoms,Pants,". I bought these and returned them almost immediately. the material looks nice, but itchy and heavy. the fit is too small and just uncomfortable to wear.",-0.998736560344696,55+
18268,835,49,Adorable top,"I loved this top from the first time i saw it online. i ordered a size 10 ~i'm slim with broad shoulder & 36c~ the top fit perfect. when i opened the pkg i thought it would be too big since it looked wide but that was not the case at all. its a little longer in the back & a little shorter in the front. on me~it looks exactly like it does in the picture.its really a cute top & it looks lovely over shorts. makes a cute, casual summer outfit. i cant wait to wear it.",5,1,0,General,Tops,Blouses,"Adorable top. I loved this top from the first time i saw it online. i ordered a size 10 ~i'm slim with broad shoulder & 36c~ the top fit perfect. when i opened the pkg i thought it would be too big since it looked wide but that was not the case at all. its a little longer in the back & a little shorter in the front. on me~it looks exactly like it does in the picture.its really a cute top & it looks lovely over shorts. makes a cute, casual summer outfit. i cant wait to wear it.",0.9991938471794128,45-54
4832,829,36,Best of maeve,"I love this brand! they produced a number of incredibly cute blouses in 2006-2010 and i've missed their quirky designs. this shirt does not run small. i am usually a 6 and have a little extra room in the chest area, even though i'm a 34dd. the arms are the perfect length as well which is nice as i have long arms. the only reason i did not give it five stars is that i wish it was a bit more fitted through the stomach area. its very billowy. i may take it to the tailor... so cute though! on a side",4,1,1,General,Tops,Blouses,"Best of maeve. I love this brand! they produced a number of incredibly cute blouses in 2006-2010 and i've missed their quirky designs. this shirt does not run small. i am usually a 6 and have a little extra room in the chest area, even though i'm a 34dd. the arms are the perfect length as well which is nice as i have long arms. the only reason i did not give it five stars is that i wish it was a bit more fitted through the stomach area. its very billowy. i may take it to the tailor... so cute though! on a side",0.9957648515701294,35-44
2331,835,75,Bought for the color,"Color is beautiful but looks like a maternity top on. i found i could tuck it in slacks and it looked fine. now for the cons:  it is supposed to be peacock design but i had only one peacock,under my arm, which could be seen, i guess, if i waved. the rest were parts of the bird. i would love to have the one in the photos!  next, who thought cheap white buttons on the back was a good idea?  if i had gotten a nice patterned top, i would have replaced the buttons. blouses that i like never seem to b",3,0,1,General,Tops,Blouses,"Bought for the color. Color is beautiful but looks like a maternity top on. i found i could tuck it in slacks and it looked fine. now for the cons:  it is supposed to be peacock design but i had only one peacock,under my arm, which could be seen, i guess, if i waved. the rest were parts of the bird. i would love to have the one in the photos!  next, who thought cheap white buttons on the back was a good idea?  if i had gotten a nice patterned top, i would have replaced the buttons. blouses that i like never seem to b",-0.9874091148376465,55+
11151,906,43,Great cowl + tunic,"This looks awesome with leggings / jeggings and booties or slip ons. great buy. its a wee big, but there are slits up the sides pretty high.",5,1,0,General Petite,Tops,Fine gauge,"Great cowl + tunic. This looks awesome with leggings / jeggings and booties or slip ons. great buy. its a wee big, but there are slits up the sides pretty high.",0.9936379790306091,35-44
3585,903,50,Cute and simple,"Although seemingly simple, this hooded sweater top is actually versatile. wear with jeans or leggings, even a skirt. wear over a cami, tank or even sleeved top. i do like the delicate nature of this piece and it does appear to be made well enough to be durable. would recommend.",5,1,0,General,Tops,Fine gauge,"Cute and simple. Although seemingly simple, this hooded sweater top is actually versatile. wear with jeans or leggings, even a skirt. wear over a cami, tank or even sleeved top. i do like the delicate nature of this piece and it does appear to be made well enough to be durable. would recommend.",0.9997935891151428,45-54
208,895,40,,"Gorgeous top, very nice. detail work, soft and flattering. i don't think its too full on the bottom at all - mine has a loose but pretty straight silhouette. word of warning: soft pink is not pink it is peach with some pink - and definitely not my color. if peach isn't flattering on you, heed this and other reviewers comments they are weighing correctly! i will have to either return for the white or dye the fabric myself to a more flattering shade, bummer that i thought the other reviewers might",5,1,0,General,Tops,Fine gauge,". Gorgeous top, very nice. detail work, soft and flattering. i don't think its too full on the bottom at all - mine has a loose but pretty straight silhouette. word of warning: soft pink is not pink it is peach with some pink - and definitely not my color. if peach isn't flattering on you, heed this and other reviewers comments they are weighing correctly! i will have to either return for the white or dye the fabric myself to a more flattering shade, bummer that i thought the other reviewers might",0.8820121884346008,35-44
9402,872,29,Fun jacket!,My daughter tried this on in the store yesterday and loved it. it fits perfectly; true to size - the quality of the fabric and style is lovely. a fun jacket to layer with.,5,1,2,General Petite,Tops,Knits,Fun jacket!. My daughter tried this on in the store yesterday and loved it. it fits perfectly; true to size - the quality of the fabric and style is lovely. a fun jacket to layer with.,0.9998817443847656,25-34
5354,965,41,Wish it worked,"I had such high hopes for this jacket based on the photo, i even waited for it to come back in stock. the detail is beautiful but it is shapeless and boxy. for reference i ordered xs, and i am usually a 0/2 on top (small chested). it might look better on someone with a larger chest but looked like a sack on me. so disappointing.",3,0,6,General,Jackets,Jackets,"Wish it worked. I had such high hopes for this jacket based on the photo, i even waited for it to come back in stock. the detail is beautiful but it is shapeless and boxy. for reference i ordered xs, and i am usually a 0/2 on top (small chested). it might look better on someone with a larger chest but looked like a sack on me. so disappointing.",-0.9960525035858154,35-44
19341,1008,32,Nice quality,"Fits pretty true to size, thick material, sits nicely.",4,1,0,General Petite,Bottoms,Skirts,"Nice quality. Fits pretty true to size, thick material, sits nicely.",0.9998770952224731,25-34
4871,1099,38,,The dress runs big you should size down. i find the weight to be great for mild winter weather. the length was longer than i expected based on previous reviews.,5,1,3,General,Dresses,Dresses,. The dress runs big you should size down. i find the weight to be great for mild winter weather. the length was longer than i expected based on previous reviews.,-0.8570272922515869,35-44
22406,877,31,Sparkly & gold tones,"I didn't think from the photo online that the sweater would be quite so sparkly & gold! it has gold weaved in - so if the sparkly isn't your thing, beware. the sweater fit well although i didn't feel the neckline was quite as clean as in the photo above. also, you'd have to be careful not to snag on jewelry. it's a thin sweater material that may require a camisole underneath depending on the weather.",4,1,9,General Petite,Tops,Knits,"Sparkly & gold tones. I didn't think from the photo online that the sweater would be quite so sparkly & gold! it has gold weaved in - so if the sparkly isn't your thing, beware. the sweater fit well although i didn't feel the neckline was quite as clean as in the photo above. also, you'd have to be careful not to snag on jewelry. it's a thin sweater material that may require a camisole underneath depending on the weather.",-0.803165078163147,25-34
18443,876,66,,"I recently bought this blouse, the soft fabric drapes nicely and the stitching is wonderful. love it!",5,1,2,General,Tops,Knits,". I recently bought this blouse, the soft fabric drapes nicely and the stitching is wonderful. love it!",0.9998830556869507,55+
9747,1072,70,Ethereal beauty,As other reviewers have stated it is hard to see in the photos that the dress has iridescent blue/pink/lavender sequins. i was surprised as well but in a good way. i think it has a unique look and is so pretty and romantic. its a vision of shimmer when you are walking. if you have somewhat of a bust i would size up because the triangles run a little small. other than that its a beautiful dress.,5,1,1,General,Dresses,Dresses,Ethereal beauty. As other reviewers have stated it is hard to see in the photos that the dress has iridescent blue/pink/lavender sequins. i was surprised as well but in a good way. i think it has a unique look and is so pretty and romantic. its a vision of shimmer when you are walking. if you have somewhat of a bust i would size up because the triangles run a little small. other than that its a beautiful dress.,0.9997720122337341,55+
13927,1047,20,Love the pattern but,"I absolutely loved these pants when i tried them on. i am 5'1 and will definitely need it hemmed because they are so so long. but i'm fine with that because these pants are so unique and gorgeous. i'm 130 lbs usually a size small but xs fit me just fine. i will have to say though, i am very upset because my pants shipped with a huge tear in the waistband. the only way i was able to try them on was because the last bit of the waistband was hanging on by a thread. so the quality isn't too great. a",4,0,0,General,Bottoms,Pants,"Love the pattern but. I absolutely loved these pants when i tried them on. i am 5'1 and will definitely need it hemmed because they are so so long. but i'm fine with that because these pants are so unique and gorgeous. i'm 130 lbs usually a size small but xs fit me just fine. i will have to say though, i am very upset because my pants shipped with a huge tear in the waistband. the only way i was able to try them on was because the last bit of the waistband was hanging on by a thread. so the quality isn't too great. a",-0.659985363483429,<25
14306,886,31,Wish it was more fitted,"The design of this top is super cute and the material is decent. the only flaw is that despite buying the smallest size (xxsp), it's still very boxy on me. i wish it was more fitted at the waist which would make it much more flattering. however, since i am actually pregnant, this actually works to my advantage, for the time being.",4,1,1,General,Tops,Knits,"Wish it was more fitted. The design of this top is super cute and the material is decent. the only flaw is that despite buying the smallest size (xxsp), it's still very boxy on me. i wish it was more fitted at the waist which would make it much more flattering. however, since i am actually pregnant, this actually works to my advantage, for the time being.",0.9884269833564758,25-34
15579,829,36,,This is a super cute top. the online image does not do it justice. the scalloped edges around the arms give it a flirty and feminine look. i got lots of compliments when i paired it with the shorebird pencil skirt. the material is thick enough to not make it see-through and it's pretty tts.,5,1,1,General,Tops,Blouses,. This is a super cute top. the online image does not do it justice. the scalloped edges around the arms give it a flirty and feminine look. i got lots of compliments when i paired it with the shorebird pencil skirt. the material is thick enough to not make it see-through and it's pretty tts.,-0.98039710521698,35-44
18064,1095,53,Size up!,"The only reason i gave 4 stars instead of 5 is that it is way too small in the chest if you have anything up there.i usually always wear size 4 dresses. not in this dress! this beauty is a full size too small. trust me it is gorgeous but there is no stretch. it needs a zipper . that said, i exchanged it for the size 6 and all the flaws that i've read in reviews disappear. the sleeves are better and it falls nicely and is comfortable. also, there is no lining. just good to know.once you get it ov",4,1,0,General Petite,Dresses,Dresses,"Size up!. The only reason i gave 4 stars instead of 5 is that it is way too small in the chest if you have anything up there.i usually always wear size 4 dresses. not in this dress! this beauty is a full size too small. trust me it is gorgeous but there is no stretch. it needs a zipper . that said, i exchanged it for the size 6 and all the flaws that i've read in reviews disappear. the sleeves are better and it falls nicely and is comfortable. also, there is no lining. just good to know.once you get it ov",0.9786979556083679,45-54
15491,1099,54,"Beautiful, versatile dress","I have gotten constant compliments on this dress and it is very flattering. i normally wear a large or a size 12 and i had to order this in an xl. i am big busted so that makes the difference.

this could be so easily dressed up but easily made casual with a denim jacket or sweater.

one of my favorite fall purchases.",5,1,0,General Petite,Dresses,Dresses,"Beautiful, versatile dress. I have gotten constant compliments on this dress and it is very flattering. i normally wear a large or a size 12 and i had to order this in an xl. i am big busted so that makes the difference.

this could be so easily dressed up but easily made casual with a denim jacket or sweater.

one of my favorite fall purchases.",0.9989098310470581,45-54
12519,883,34,,Good quality tank. very flowy and longer if you are short.,5,1,0,General Petite,Tops,Knits,. Good quality tank. very flowy and longer if you are short.,0.9994996786117554,25-34
21615,1077,44,,"Tried the blue motif, size 6, regular.
i'm 5'6"" and if i were shorter i'd go with petite sizing.
stats: 34a-28-36 with broad shoulders, sometimes i go up to a size 8 in blazers but this was a perfect fit. side pockets, dress is unlined and quite lightweight. the tie has to be tied in back and i liked the clean lines this gives in front. nice and simple for when it warms up!",4,1,12,General,Dresses,Dresses,". Tried the blue motif, size 6, regular.
i'm 5'6"" and if i were shorter i'd go with petite sizing.
stats: 34a-28-36 with broad shoulders, sometimes i go up to a size 8 in blazers but this was a perfect fit. side pockets, dress is unlined and quite lightweight. the tie has to be tied in back and i liked the clean lines this gives in front. nice and simple for when it warms up!",0.9862237572669983,35-44
11049,1093,34,Gorgeous,Can be dressed up or down. details are pretty without being gaudy. i got an 00p which fits well - i can wear it with a belt to give it some shape too. love it!,5,1,0,General,Dresses,Dresses,Gorgeous. Can be dressed up or down. details are pretty without being gaudy. i got an 00p which fits well - i can wear it with a belt to give it some shape too. love it!,0.999854326248169,25-34
7487,116,59,,This robe is incredibly soft! it is wonderful to put on right after a shower and it is very warm! the sleeves are lined with a jersey like material and they are so easy to get on and off. it fits true to size. i am so excited to have this robe!!!,5,1,1,Initmates,Intimate,Sleep,. This robe is incredibly soft! it is wonderful to put on right after a shower and it is very warm! the sleeves are lined with a jersey like material and they are so easy to get on and off. it fits true to size. i am so excited to have this robe!!!,0.9998619556427002,55+
10505,1080,42,Feminine dress,I love this dress! the colors are so pretty and the fit is very flattering.,5,1,0,General Petite,Dresses,Dresses,Feminine dress. I love this dress! the colors are so pretty and the fit is very flattering.,0.99943608045578,35-44
270,868,61,Nice color,I liked the color of this top but i didn't really like the ruffled stitching around the middle. it looks like someone just tacked on the bottom half. i bought this for my daughter and she likes it. i think it is comfortable and a good top to knock around in.,3,1,0,General,Tops,Knits,Nice color. I liked the color of this top but i didn't really like the ruffled stitching around the middle. it looks like someone just tacked on the bottom half. i bought this for my daughter and she likes it. i think it is comfortable and a good top to knock around in.,0.9987198114395142,55+
10400,1094,48,"Good dress, makes your figure look great","This dress worked well on me (not too curvy). it's fitted and enhances curves in a nice way. the patterns looked nice, too.",4,1,2,General,Dresses,Dresses,"Good dress, makes your figure look great. This dress worked well on me (not too curvy). it's fitted and enhances curves in a nice way. the patterns looked nice, too.",0.9998704195022583,45-54
257,1018,43,Pockets!,"This skirt is really beautiful but i agree with the other reviewers; it runs very small. i'm typically an 8 or 10. if i get a 10, there is usually a bit of room in the item. i decided to get a 10 in this skirt, just in case. i got it zipped but would have trouble breathing as the evening wore on. the pockets are wonderful and the fabric is weighty and really lovely.",4,1,0,General,Bottoms,Skirts,"Pockets!. This skirt is really beautiful but i agree with the other reviewers; it runs very small. i'm typically an 8 or 10. if i get a 10, there is usually a bit of room in the item. i decided to get a 10 in this skirt, just in case. i got it zipped but would have trouble breathing as the evening wore on. the pockets are wonderful and the fabric is weighty and really lovely.",0.9995288848876953,35-44
7211,1098,36,Very flattering!,This dress is very flattering. great unique dress.,5,1,1,General Petite,Dresses,Dresses,Very flattering!. This dress is very flattering. great unique dress.,0.9983367919921875,35-44
18313,1022,48,Love these jeans!,"These jeans not only fit well, i love the way the fabric feels. for denim the fabric feels soft on the skin. i am 5'8 and the inseam of 30 inches was perfect. they call them ""hi-rise"", but them seem more like a ""mid-rise"" to me which i prefer. i am going to buy another pair in a different wash.",5,1,0,General,Bottoms,Jeans,"Love these jeans!. These jeans not only fit well, i love the way the fabric feels. for denim the fabric feels soft on the skin. i am 5'8 and the inseam of 30 inches was perfect. they call them ""hi-rise"", but them seem more like a ""mid-rise"" to me which i prefer. i am going to buy another pair in a different wash.",0.9932958483695984,45-54
21472,861,62,,I really like this brand. i bought the t-shirt in the gray and the red color. the sizing is different for the colors. i kept the gray in a small and had to get a medium in the red color. they wash very nicely.,4,1,0,General,Tops,Knits,. I really like this brand. i bought the t-shirt in the gray and the red color. the sizing is different for the colors. i kept the gray in a small and had to get a medium in the red color. they wash very nicely.,0.9989377856254578,55+
16605,1001,46,Go see in the store!,"Online photos do not do this skirt any justice i agree with a previous poster. i normally never buy anything brown, but there are pops of teal and magenta throughout. you can't see the gorgeous shimmer and the interesting layered colors online. in addition, this skirt has a stretch waistband (plus for the holidays!) and is so flattering, not too tight, but shows just enough of your curves, physique. i like that the skirt is longer as well - will look cute with boots. i purchased the size medium",5,1,4,General,Bottoms,Skirts,"Go see in the store!. Online photos do not do this skirt any justice i agree with a previous poster. i normally never buy anything brown, but there are pops of teal and magenta throughout. you can't see the gorgeous shimmer and the interesting layered colors online. in addition, this skirt has a stretch waistband (plus for the holidays!) and is so flattering, not too tight, but shows just enough of your curves, physique. i like that the skirt is longer as well - will look cute with boots. i purchased the size medium",0.9868112206459045,45-54
465,862,35,Extra fabric in back adds a lot,"I got to try this on today and i really like it. the fabric is a normal t-shirt kind of fabric (i was hoping it would have been kind of special) and the v-neck in the front does go down a ways so that some cleavage is showing. i would feel comfortable wearing it as-is outside of work, but would have to pair it with a cami if i would going to wear it to work. normally, i am not a huge fan of v-neck in the back and it drives me crazy thanks cami's these days are often made with a ""versatile"" v and",5,1,6,General,Tops,Knits,"Extra fabric in back adds a lot. I got to try this on today and i really like it. the fabric is a normal t-shirt kind of fabric (i was hoping it would have been kind of special) and the v-neck in the front does go down a ways so that some cleavage is showing. i would feel comfortable wearing it as-is outside of work, but would have to pair it with a cami if i would going to wear it to work. normally, i am not a huge fan of v-neck in the back and it drives me crazy thanks cami's these days are often made with a ""versatile"" v and",0.9973885416984558,25-34
2156,872,62,Need them all!,"Ordered this on a whim while taking advantage of a promotion, and now need one in every color! the weight and cut is perfect for fall/winter/summer - not too heavy, but not sheer/tissue thin; fitted enough to look super cute with leggings or skinny jeans. fabric has a nice quality feel to it - i have similar shirts from the past that have held up well in the wash. i'm anticipating the same with this.",5,1,1,General Petite,Tops,Knits,"Need them all!. Ordered this on a whim while taking advantage of a promotion, and now need one in every color! the weight and cut is perfect for fall/winter/summer - not too heavy, but not sheer/tissue thin; fitted enough to look super cute with leggings or skinny jeans. fabric has a nice quality feel to it - i have similar shirts from the past that have held up well in the wash. i'm anticipating the same with this.",0.9843643307685852,55+
21655,844,23,Better on the hanger,"I wanted to love this product so badly. i ordered it in the mail, and it looked beautiful coming out of the box. i normally look really nice in grey, but this color really washed me out and was not nice on. the fabric is very sheer, so you would have to wear it over a camisole/tank top. this is one of those pieces that looks better on the hanger than in person. large in arms, small on body. odd fit.",1,0,7,General,Tops,Blouses,"Better on the hanger. I wanted to love this product so badly. i ordered it in the mail, and it looked beautiful coming out of the box. i normally look really nice in grey, but this color really washed me out and was not nice on. the fabric is very sheer, so you would have to wear it over a camisole/tank top. this is one of those pieces that looks better on the hanger than in person. large in arms, small on body. odd fit.",-0.981155276298523,<25
7825,1078,33,Great transitional dress!,"After reading the reviews, stating that this dress was a tent and only fit for the tall and small chested, i kind of had a battle of wills in my head over ordering it. it is very ""me,"" but me is also 5'5, curvy, and possessing a 36g bust. i had to post a review, because i received the dress today, and i actually love it. i ordered a 16 and i love the fit. i know it's flowy, but on me, it's far from tent-like. i think it's great now as a pre-fall piece with some sandals and a jean jacket, and as",5,1,2,General Petite,Dresses,Dresses,"Great transitional dress!. After reading the reviews, stating that this dress was a tent and only fit for the tall and small chested, i kind of had a battle of wills in my head over ordering it. it is very ""me,"" but me is also 5'5, curvy, and possessing a 36g bust. i had to post a review, because i received the dress today, and i actually love it. i ordered a 16 and i love the fit. i know it's flowy, but on me, it's far from tent-like. i think it's great now as a pre-fall piece with some sandals and a jean jacket, and as",0.9989163875579834,25-34
11295,868,64,Not worth the money,"I love the idea of this top and ordered it in white. it is a great design and proportion is nice with jeans. the front is off white t shirt material with a pocket and the back is a light grey heathered panel. i am returning it as it is very thin and the quality is cheap looking. if the grade of material had been a bit thicker and better made, then it would have been a winner!",1,0,9,General,Tops,Knits,"Not worth the money. I love the idea of this top and ordered it in white. it is a great design and proportion is nice with jeans. the front is off white t shirt material with a pocket and the back is a light grey heathered panel. i am returning it as it is very thin and the quality is cheap looking. if the grade of material had been a bit thicker and better made, then it would have been a winner!",-0.9930701851844788,55+
19088,1121,60,Too small!,"Not as cute as photos, and too small in chest. i am 5'5'', 125 lbs, and the small was too tight in the chest, and i am not large here at all. shoulders and sleeve length fit well. will return. not comfortable, and will need to be able to button it on rainy days.",2,0,1,General,Jackets,Outerwear,"Too small!. Not as cute as photos, and too small in chest. i am 5'5'', 125 lbs, and the small was too tight in the chest, and i am not large here at all. shoulders and sleeve length fit well. will return. not comfortable, and will need to be able to button it on rainy days.",-0.9971047043800354,55+
18480,941,45,Horribly scratchy,"And the bottom looks like a tutu. first, i have high tolerance for scratchy fabric but this one i could feel it even through long sleeves. there is no way i could wear something that makes my skin itch so badly. second, the peplum part is huge and looks like an exaggerated skirt. finally, the color on the ""green one"" is darker than in the picture and it does have more of a green than blue tint. back it goes.",1,0,0,General Petite,Tops,Sweaters,"Horribly scratchy. And the bottom looks like a tutu. first, i have high tolerance for scratchy fabric but this one i could feel it even through long sleeves. there is no way i could wear something that makes my skin itch so badly. second, the peplum part is huge and looks like an exaggerated skirt. finally, the color on the ""green one"" is darker than in the picture and it does have more of a green than blue tint. back it goes.",-0.9931907057762146,35-44
9558,1104,70,Disappointing,"I ordered this in cream during the 25% sale. i had seen one at the store and thought it was very pretty, but it was not my size, so i didn't try it on. when it arrived, it was a wrinkled mess. it was so wrinkled that i don't think i would be able to iron it satisfactorily. i was also disappointed in the fabric of the dress layer. it almost looked flocked and i wonder if something is wrong with this dress in particular. it was also way too short for me. i'll be taking it back very soon. i do plan",1,0,3,General,Dresses,Dresses,"Disappointing. I ordered this in cream during the 25% sale. i had seen one at the store and thought it was very pretty, but it was not my size, so i didn't try it on. when it arrived, it was a wrinkled mess. it was so wrinkled that i don't think i would be able to iron it satisfactorily. i was also disappointed in the fabric of the dress layer. it almost looked flocked and i wonder if something is wrong with this dress in particular. it was also way too short for me. i'll be taking it back very soon. i do plan",-0.9995501637458801,55+
3522,818,45,Great top!,I love this top. it looks exactly like the picture except the sleeves are not full length; they are closer to 3/4 length. the color is vibrant and the material is light and comfortable.,5,1,1,General Petite,Tops,Blouses,Great top!. I love this top. it looks exactly like the picture except the sleeves are not full length; they are closer to 3/4 length. the color is vibrant and the material is light and comfortable.,0.9998738765716553,35-44
23312,859,58,Better in the photo,"I was excited to receive this top because i love the design, but was very disappointed when it arrived. i thought the embroidery would be striking but it's not. the material is a t-shirt knit which also added to the disappointment. it was not flattering at all.",3,0,8,General,Tops,Knits,"Better in the photo. I was excited to receive this top because i love the design, but was very disappointed when it arrived. i thought the embroidery would be striking but it's not. the material is a t-shirt knit which also added to the disappointment. it was not flattering at all.",-0.9663229584693909,55+
22705,1087,46,"Gorgeous, flattering, perfect for xl","I ordered the peach/ivory/tan version in size xl and i love everything about this dress. i'm size xl and a pear-shape so dresses can be hit or miss. this one is a favorite. it's so soft. the mix of colors and the sizing of the stripes/pleats is flattering. it's nice being more fitted on top & flowy through the bottom. i love this dress so much! i'm having fun pairing different combos of necklaces, vests, pins, belts & boots with it. i'll get good use out of this through spring. comfortable, pret",5,1,0,General Petite,Dresses,Dresses,"Gorgeous, flattering, perfect for xl. I ordered the peach/ivory/tan version in size xl and i love everything about this dress. i'm size xl and a pear-shape so dresses can be hit or miss. this one is a favorite. it's so soft. the mix of colors and the sizing of the stripes/pleats is flattering. it's nice being more fitted on top & flowy through the bottom. i love this dress so much! i'm having fun pairing different combos of necklaces, vests, pins, belts & boots with it. i'll get good use out of this through spring. comfortable, pret",0.9998118281364441,45-54
15905,1076,78,"Gorgeous print, odd fit","I splurged on this dress (still a bit pricey, even on sale), but so far it's the best purchase i've made all summer. the terry is a somewhat unusual choice for a dress that otherwise would have been on the fancier side, but it makes it sooooo comfortable--it's even more breathable and lightweight than the super thin cotton sundresses that usually dominate the summer. my only real complaint is that the cut is a bit out of whack. the medium just barely fits my hips, but it's pretty loose on top--y",5,1,0,General,Dresses,Dresses,"Gorgeous print, odd fit. I splurged on this dress (still a bit pricey, even on sale), but so far it's the best purchase i've made all summer. the terry is a somewhat unusual choice for a dress that otherwise would have been on the fancier side, but it makes it sooooo comfortable--it's even more breathable and lightweight than the super thin cotton sundresses that usually dominate the summer. my only real complaint is that the cut is a bit out of whack. the medium just barely fits my hips, but it's pretty loose on top--y",0.9978620409965515,55+
23151,1094,34,"Runs small in waist, sleeves and big in shoulders","This dress felt small in torso and waist and suffocating in sleeves ( i do have average athletic arms). but the shoulders were cut so wide that one side was falling off, as i fix, one shoulder, another will slide down.
the material is nice but since it is not lined, it feels inexpensive, disposable.",3,0,5,General,Dresses,Dresses,"Runs small in waist, sleeves and big in shoulders. This dress felt small in torso and waist and suffocating in sleeves ( i do have average athletic arms). but the shoulders were cut so wide that one side was falling off, as i fix, one shoulder, another will slide down.
the material is nice but since it is not lined, it feels inexpensive, disposable.",-0.9884048700332642,25-34
13251,167,48,,"These are comfy and cool. i got the blue, which is more royal than navy. in opinion, it goes well with almost anything! i can wear all the neutral colors, in addition to orange, red, yellow and patterns. they are flattering and like other reviewers, i went up a size to 28 in the blue. perfect length, not too short. got the same version last year in white, 27. 5'4"", 128lbs",5,1,0,General,Bottoms,Shorts,". These are comfy and cool. i got the blue, which is more royal than navy. in opinion, it goes well with almost anything! i can wear all the neutral colors, in addition to orange, red, yellow and patterns. they are flattering and like other reviewers, i went up a size to 28 in the blue. perfect length, not too short. got the same version last year in white, 27. 5'4"", 128lbs",0.9991298317909241,45-54
9163,860,44,Love!,"I'm happy to say i got this on the sale rack but had been eyeing this long before.  it is a flattering fit on me in size large.  i just love the colors in the print!  also, the style is not a basic shell but a very feminine cut.  the skinny straps are also a very nice touch.  i plan on wearing this with my long white linen skirt, denim capris or with shorts.  i think i will also opt for a solid cardi or scarf.  this is just so pretty!",5,1,0,General Petite,Tops,Knits,"Love!. I'm happy to say i got this on the sale rack but had been eyeing this long before.  it is a flattering fit on me in size large.  i just love the colors in the print!  also, the style is not a basic shell but a very feminine cut.  the skinny straps are also a very nice touch.  i plan on wearing this with my long white linen skirt, denim capris or with shorts.  i think i will also opt for a solid cardi or scarf.  this is just so pretty!",0.9996541738510132,35-44
122,1196,29,,"This is a great pull over dress that can easily be dressed to wear to work, to a bbq, or to happy hour. i have a large chest which sometimes makes this fit look like a tent but this fabric drapes nicely. the only thing i would note is the neckline was slightly higher on me than for the model.",5,1,0,General Petite,Dresses,Dresses,". This is a great pull over dress that can easily be dressed to wear to work, to a bbq, or to happy hour. i have a large chest which sometimes makes this fit look like a tent but this fabric drapes nicely. the only thing i would note is the neckline was slightly higher on me than for the model.",0.9967924952507019,25-34
20446,829,59,,This is a beautiful blue color and a fun swing design. it is very short so will be limited with what you can wear it with. looks very cute with higher waisted jeans and pencil skirts. it is wide but has a lovely flow/swing to it. love the fabric and it is a nice change to everyday style in wardrobe. so if you want something fun and flirty and feminine and you do not mind short this is your top.,5,1,10,General Petite,Tops,Blouses,. This is a beautiful blue color and a fun swing design. it is very short so will be limited with what you can wear it with. looks very cute with higher waisted jeans and pencil skirts. it is wide but has a lovely flow/swing to it. love the fabric and it is a nice change to everyday style in wardrobe. so if you want something fun and flirty and feminine and you do not mind short this is your top.,0.9998154044151306,55+
12652,875,44,Perfect fall piece,"I saw this and had to have it!  it is so beautiful.  it has pops of color that can be paired with so many options.  i like the uniqueness of the flowers being on the backside.  it is thinner fabric, so i will have to wear a black cami underneath but i have no problem with that.  especially, going into cooler weather anyway.  it is very flattering on.  this one will go fast.  thank you retailer!",4,1,7,General,Tops,Knits,"Perfect fall piece. I saw this and had to have it!  it is so beautiful.  it has pops of color that can be paired with so many options.  i like the uniqueness of the flowers being on the backside.  it is thinner fabric, so i will have to wear a black cami underneath but i have no problem with that.  especially, going into cooler weather anyway.  it is very flattering on.  this one will go fast.  thank you retailer!",0.9996556043624878,35-44
939,1033,20,Great jeans,Purchased these jeans in a 27 and i am usually a 28 in skinny jeans. i got the 26's on but they were snug. these jeans are so comfy and sit higher on the waist. great jeans!,5,1,12,General Petite,Bottoms,Jeans,Great jeans. Purchased these jeans in a 27 and i am usually a 28 in skinny jeans. i got the 26's on but they were snug. these jeans are so comfy and sit higher on the waist. great jeans!,0.9946874380111694,<25
22067,1011,66,Pays to read reviews,"Based on the two reviews on this skirt and, for the sale price i purchased the small--i 'm usually a large/extra large. i carry my weight in the middle, and this skirt stills works. very sofisticated striping, slimming! i haven't experienced any slipping, but i haven't worn it for any great length of time yet. there are numerous ways to create chic looks.",5,1,1,General,Bottoms,Skirts,"Pays to read reviews. Based on the two reviews on this skirt and, for the sale price i purchased the small--i 'm usually a large/extra large. i carry my weight in the middle, and this skirt stills works. very sofisticated striping, slimming! i haven't experienced any slipping, but i haven't worn it for any great length of time yet. there are numerous ways to create chic looks.",0.998725950717926,55+
17959,1110,42,"Soft, feminine and perfect for summer",Like my title suggests this is lovely and perfect for summer. the lining however is not silk it's rayon and sat weird on me. it offered no coverage on my top and actually is quite useless (i do have a large bust). i have a free people slip that will work and because of that will i'm keeping the dress. the outer shell is silk and really lovely and the colours are true to the picture.,5,1,6,General,Dresses,Dresses,"Soft, feminine and perfect for summer. Like my title suggests this is lovely and perfect for summer. the lining however is not silk it's rayon and sat weird on me. it offered no coverage on my top and actually is quite useless (i do have a large bust). i have a free people slip that will work and because of that will i'm keeping the dress. the outer shell is silk and really lovely and the colours are true to the picture.",-0.8101631999015808,35-44
23155,1094,28,I got lost in this dress,"I was very excited when this dress arrived in the mail. the fabric is so comfortable, but the print was overwhelming. it is also very tight on the top and i got lost in the fabric at the bottom. i had to return it.",3,0,0,General,Dresses,Dresses,"I got lost in this dress. I was very excited when this dress arrived in the mail. the fabric is so comfortable, but the print was overwhelming. it is also very tight on the top and i got lost in the fabric at the bottom. i had to return it.",-0.9566999077796936,25-34
7787,867,39,Cuter than i thought,"I saw someone try this on when it was 40% off sale, and should ahve purcahsed it then... ended up going back today for it. it is very soft, adn flattering. also, i purchased the balck, this can go with pretty much anything: jeans, skirts, dresses, you name it - very neutral and flattering fit. nto sure if petite would have worked but too late anyway.",4,1,1,General Petite,Tops,Knits,"Cuter than i thought. I saw someone try this on when it was 40% off sale, and should ahve purcahsed it then... ended up going back today for it. it is very soft, adn flattering. also, i purchased the balck, this can go with pretty much anything: jeans, skirts, dresses, you name it - very neutral and flattering fit. nto sure if petite would have worked but too late anyway.",-0.668895959854126,35-44
21641,1009,25,Not worth it.,"While i love the fabric and the pattern, this skirt leaves too much to be desired. the full price is absurd considering what you get.
there is no mention online that there is no built in slip, and as the material is extremely thin a slip is an absolute must. (see attached photo.) even in dim lighting you can see straight through. 
also for this price point it is strange that the skirt is 'pull-on styling.' i would say that it is true to size, and i am usually a medium @ retailer, but i have a sm",1,0,5,General,Bottoms,Skirts,"Not worth it.. While i love the fabric and the pattern, this skirt leaves too much to be desired. the full price is absurd considering what you get.
there is no mention online that there is no built in slip, and as the material is extremely thin a slip is an absolute must. (see attached photo.) even in dim lighting you can see straight through. 
also for this price point it is strange that the skirt is 'pull-on styling.' i would say that it is true to size, and i am usually a medium @ retailer, but i have a sm",-0.9981502294540405,<25
7113,984,51,The perfect denim jacket/blazer,"Great fit, can be dressy or casual, goes with everything, i adore tis jacket!",5,1,1,General Petite,Jackets,Jackets,"The perfect denim jacket/blazer. Great fit, can be dressy or casual, goes with everything, i adore tis jacket!",0.9998260140419006,45-54
539,1104,33,"Cute fit, perfect length","I've admired the various iterations of this dress and finally found one in the sale room, much to my delight! i'm generally a sale shopper, so this doesn't mean i didn't think it was priced well. i have the oatmeal top with yellow/gold/orange pattern on the skirt in xs. the small fits comfortably up top, but on my petite frame, the top just looked too big, so i went with xs. i suppose the straps are a bit confusing, but their easy to figure out if you just look at them for a moment before puttin",5,1,0,General,Dresses,Dresses,"Cute fit, perfect length. I've admired the various iterations of this dress and finally found one in the sale room, much to my delight! i'm generally a sale shopper, so this doesn't mean i didn't think it was priced well. i have the oatmeal top with yellow/gold/orange pattern on the skirt in xs. the small fits comfortably up top, but on my petite frame, the top just looked too big, so i went with xs. i suppose the straps are a bit confusing, but their easy to figure out if you just look at them for a moment before puttin",0.9398494958877563,25-34
6510,903,43,It's in the details,This lovely cardigan is just that much more special due to the lining on the body and in the pockets. they peek out and make the sweater more interesting. i wore the black one with a lace dress with cream underlayment and the cream details on the lining worked perfectly to offset the formality of the dress and make the whole outfit casual but chic. the sweater washed in the machine and kept its shape when i hung it to dry.,5,1,0,General Petite,Tops,Fine gauge,It's in the details. This lovely cardigan is just that much more special due to the lining on the body and in the pockets. they peek out and make the sweater more interesting. i wore the black one with a lace dress with cream underlayment and the cream details on the lining worked perfectly to offset the formality of the dress and make the whole outfit casual but chic. the sweater washed in the machine and kept its shape when i hung it to dry.,0.994220495223999,35-44
19687,999,23,So classy!,"I really love this skirt. when i first tried it on, i felt as if it was too thick and bulky for my frame (i'm very slim), but my mom convinced me to get it. well, mother knows best! i wore it to church with boots and a blouse, and it looked great. i received endless compliments! it's also a modest, yet fashionable length.",4,1,0,General Petite,Bottoms,Skirts,"So classy!. I really love this skirt. when i first tried it on, i felt as if it was too thick and bulky for my frame (i'm very slim), but my mom convinced me to get it. well, mother knows best! i wore it to church with boots and a blouse, and it looked great. i received endless compliments! it's also a modest, yet fashionable length.",0.9997343420982361,<25
17422,696,30,Adorable and comfortable!,"I received this romper last week and have already worn it twice. it is soooo comfortable and the material is really soft. the romper is loose, yet fitted and very cute. i love the open back and the shorts are just the right length. i wish there were other patterns or colors available, too. i would definitely buy again!",5,1,0,Initmates,Intimate,Lounge,"Adorable and comfortable!. I received this romper last week and have already worn it twice. it is soooo comfortable and the material is really soft. the romper is loose, yet fitted and very cute. i love the open back and the shorts are just the right length. i wish there were other patterns or colors available, too. i would definitely buy again!",0.9998217225074768,25-34
16348,867,65,Very soft cotton knit,"I bought this in the grey as shown in the photo as i'm not fond of horizontal stripes and i felt the striping would distract from the floral accent of this tee. the gray is light and as pictured in the photo.

i bought an xl and the fit is tailored, with some loose flow to it. it is not boxy or big on me.

the fabric is a soft, soft, thin cotton knit and very cool for hot, muggy summer days....esp. in the southern us where it can be pretty intense. since i bought the gray, it's not sheer, al",3,1,3,General,Tops,Knits,"Very soft cotton knit. I bought this in the grey as shown in the photo as i'm not fond of horizontal stripes and i felt the striping would distract from the floral accent of this tee. the gray is light and as pictured in the photo.

i bought an xl and the fit is tailored, with some loose flow to it. it is not boxy or big on me.

the fabric is a soft, soft, thin cotton knit and very cool for hot, muggy summer days....esp. in the southern us where it can be pretty intense. since i bought the gray, it's not sheer, al",0.9876084327697754,55+
2651,1104,58,Perfect dress for a casual outdoor wedding,"I fell in love with this dress when i saw it. i am usually a petite, so i knew it would hit me just above the ankle, but it works! what is lacking from the description is the under slip that comes with the dress. it is a knee length, cotton jersey slip that is bulky and uncomfortable - thus the 4 star rating instead of 5 star. i won't use the slip, so this makes the dress fairly sheer when backlit. otherwise, the dress is well made and the addition of the piping at the seams makes it special. i",4,1,3,General Petite,Dresses,Dresses,"Perfect dress for a casual outdoor wedding. I fell in love with this dress when i saw it. i am usually a petite, so i knew it would hit me just above the ankle, but it works! what is lacking from the description is the under slip that comes with the dress. it is a knee length, cotton jersey slip that is bulky and uncomfortable - thus the 4 star rating instead of 5 star. i won't use the slip, so this makes the dress fairly sheer when backlit. otherwise, the dress is well made and the addition of the piping at the seams makes it special. i",-0.9214955568313599,55+
21433,861,56,Sunshine on a t-shirt!,"This color came out after i had purchased the same in the gray motif. when i saw this one, though, i simply had to have it! it is such a happy print and different color scheme from anything else in my closet. i had purchased the gray one in regular only because the petites were all sold out, but i was able to get this one in my usual small petite size. it is most definitely a better fit/length for me. i don't usually like to pay so much for a t-shirt, but i will splurge for something like this t",5,1,0,General Petite,Tops,Knits,"Sunshine on a t-shirt!. This color came out after i had purchased the same in the gray motif. when i saw this one, though, i simply had to have it! it is such a happy print and different color scheme from anything else in my closet. i had purchased the gray one in regular only because the petites were all sold out, but i was able to get this one in my usual small petite size. it is most definitely a better fit/length for me. i don't usually like to pay so much for a t-shirt, but i will splurge for something like this t",0.998035728931427,55+
9206,862,51,,"Is gigantic-it could be so cute, but the neckline and armholes are ridiculously low. i am 5 feet 10 and 140 pounds, and a small was huge on me.",1,0,0,General,Tops,Knits,". Is gigantic-it could be so cute, but the neckline and armholes are ridiculously low. i am 5 feet 10 and 140 pounds, and a small was huge on me.",-0.9830228686332703,45-54
3938,1081,57,Runs short,"I just received this in the mail today! fabric and construction are beautiful and high quality. my only concern was that it ran short on me all around. i am 5'2, 100lbs, 32b, 24 waist, 33 hips. the dress was an appropriate length all around but ran very short in the arm holes, the back cut-out, and the waist. i felt like i was trying to wear a little-girl's dress (and i tend to be short waisted and long-legged as is). i may exchange it for a regular size because it is such a beautiful dress!",4,1,4,General Petite,Dresses,Dresses,"Runs short. I just received this in the mail today! fabric and construction are beautiful and high quality. my only concern was that it ran short on me all around. i am 5'2, 100lbs, 32b, 24 waist, 33 hips. the dress was an appropriate length all around but ran very short in the arm holes, the back cut-out, and the waist. i felt like i was trying to wear a little-girl's dress (and i tend to be short waisted and long-legged as is). i may exchange it for a regular size because it is such a beautiful dress!",-0.9717712998390198,55+
18683,1080,60,Returning,"I thought that this dress would be perfect for my 60th birthday, however i was disappointed when i received it. it is extremely heavy from the beading and i just did not find it pretty in person. it did nothing for me. also, it runs small and was tight.",2,0,8,General,Dresses,Dresses,"Returning. I thought that this dress would be perfect for my 60th birthday, however i was disappointed when i received it. it is extremely heavy from the beading and i just did not find it pretty in person. it did nothing for me. also, it runs small and was tight.",-0.9974725842475891,55+
6795,877,41,Not the tunic show on model,"This shirt arrived today, and i was surprised how short it is. not a tunic at all. i wonder if the lengths on these vary, and if i order it again, it would be a different length. i ordered my normal size, xs petite. i'm 5-2"", so this should have been a tunic on me. perhaps if i see this shirt in the store, i'll try on the regular length. i'm returning the petite!",3,0,6,General,Tops,Knits,"Not the tunic show on model. This shirt arrived today, and i was surprised how short it is. not a tunic at all. i wonder if the lengths on these vary, and if i order it again, it would be a different length. i ordered my normal size, xs petite. i'm 5-2"", so this should have been a tunic on me. perhaps if i see this shirt in the store, i'll try on the regular length. i'm returning the petite!",-0.9979238510131836,35-44
16816,1104,67,Little black winter dress,"I found this dress to be perfect for the winter season. its warm, sleek, and classy. this dress is made in the usa so it is worth the price. i love the opening on the back and find it be flattering. it can be worn with tights for the winter and easily worn without in the summer. a wise investment for my closet!",4,1,0,General,Dresses,Dresses,"Little black winter dress. I found this dress to be perfect for the winter season. its warm, sleek, and classy. this dress is made in the usa so it is worth the price. i love the opening on the back and find it be flattering. it can be worn with tights for the winter and easily worn without in the summer. a wise investment for my closet!",0.9995201826095581,55+
22512,896,46,Love the print,Very cute print! love the mix of the colors on this sweater. looks great with jeans!! throw it on over a tshirt and you are set.,4,1,2,General,Tops,Fine gauge,Love the print. Very cute print! love the mix of the colors on this sweater. looks great with jeans!! throw it on over a tshirt and you are set.,0.9997995495796204,45-54
13843,857,46,Cute and versatile!,"I tried the red version at store, it fit really good and i loved it. then i found the blue version online and liked even more. it can be worn for business and casual.",5,1,0,General Petite,Tops,Knits,"Cute and versatile!. I tried the red version at store, it fit really good and i loved it. then i found the blue version online and liked even more. it can be worn for business and casual.",0.9998067021369934,45-54
20673,862,45,Stuck!,"I was so excited when i ordered this, i love comfy clothing this looked perfect! when i received it, there was a weird smell with the top. convinced that this could be from storage or something, i washed it. the smell did not go away. i have washed it 3 times now and the smell will not disappear! i have not yet worn but as i have washed it, not able to return it. the top looks and feels great - just the weird smell. now i am 'stuck'!!",1,0,1,General Petite,Tops,Knits,"Stuck!. I was so excited when i ordered this, i love comfy clothing this looked perfect! when i received it, there was a weird smell with the top. convinced that this could be from storage or something, i washed it. the smell did not go away. i have washed it 3 times now and the smell will not disappear! i have not yet worn but as i have washed it, not able to return it. the top looks and feels great - just the weird smell. now i am 'stuck'!!",-0.8928956389427185,35-44
22963,1091,64,Just gorgeous,"I am a fan of these designers and their gorgeous fabrics - most of which are heavy brocades. this is so pretty and fun. the print is playful, and colors are gorgeous, and the fit is floaty but not too full or too tight. i love the bit of beading, and that i can dress it up or down.

i am petite and not usually a bigger print or long dress fan, but i know that i will wear this one for years. 

i did get a 00 petite as i know that only this small size fits me at retailer - 0's swallow me. this i",5,1,11,General,Dresses,Dresses,"Just gorgeous. I am a fan of these designers and their gorgeous fabrics - most of which are heavy brocades. this is so pretty and fun. the print is playful, and colors are gorgeous, and the fit is floaty but not too full or too tight. i love the bit of beading, and that i can dress it up or down.

i am petite and not usually a bigger print or long dress fan, but i know that i will wear this one for years. 

i did get a 00 petite as i know that only this small size fits me at retailer - 0's swallow me. this i",0.9997841715812683,55+
9172,993,62,More maeve pencil perfection!,"Maeve consistently nails pencil skirts - i always know exactly what fabric and fit to expect, and it is flawless! the fabric is soft, lined, and has stretch. it feels as close to wearing sweats as you can in a skirt! the colors are beautiful on this - i'd say in person the colors are a bit deeper and richer than they show in the model photo. length is about the same on me as it is on the model at 5'7"" and got my usual s with no issue. this beauty will go with lots of different colored tops too,",5,1,9,General,Bottoms,Skirts,"More maeve pencil perfection!. Maeve consistently nails pencil skirts - i always know exactly what fabric and fit to expect, and it is flawless! the fabric is soft, lined, and has stretch. it feels as close to wearing sweats as you can in a skirt! the colors are beautiful on this - i'd say in person the colors are a bit deeper and richer than they show in the model photo. length is about the same on me as it is on the model at 5'7"" and got my usual s with no issue. this beauty will go with lots of different colored tops too,",0.9989632368087769,55+
8889,1020,57,The perfect denim midi skirt,"I followed everyone's advice in the reviews and ordered up one size. i have a 32 inch waist, but size 10's (and 30's in pilcro hyphens) usually fit me. i ordered the 12 in this skirt, and it fits perfect. it's form fitting at waist and hips and then flares out, but i'm curvy. if you are straighter, it will be looser around the hips. i love the length. it hits me mid calf, so a bit lower than it does on the model. i'm 5'5"" tall. the fabric is soft, but has no stretch. it's 100% cotton. there is a",5,1,4,General,Bottoms,Skirts,"The perfect denim midi skirt. I followed everyone's advice in the reviews and ordered up one size. i have a 32 inch waist, but size 10's (and 30's in pilcro hyphens) usually fit me. i ordered the 12 in this skirt, and it fits perfect. it's form fitting at waist and hips and then flares out, but i'm curvy. if you are straighter, it will be looser around the hips. i love the length. it hits me mid calf, so a bit lower than it does on the model. i'm 5'5"" tall. the fabric is soft, but has no stretch. it's 100% cotton. there is a",0.9987130165100098,55+
294,984,43,Terrific denim jacket,"I lost my favorite denim jacket on a trip a few years ago and haven't found one i really liked again...until now. great quality - just heavy enough but not too heavy, just stretchy enough but not too stretchy, great color/design. no complaints. i read the other reviews and was happy to have ordered one size larger than my normal. i typically take a small but the medium in this is perfect. it is possible i actually like this jacket better than the one i lost several years ago, which is a big endo",5,1,3,General Petite,Jackets,Jackets,"Terrific denim jacket. I lost my favorite denim jacket on a trip a few years ago and haven't found one i really liked again...until now. great quality - just heavy enough but not too heavy, just stretchy enough but not too stretchy, great color/design. no complaints. i read the other reviews and was happy to have ordered one size larger than my normal. i typically take a small but the medium in this is perfect. it is possible i actually like this jacket better than the one i lost several years ago, which is a big endo",0.9994862079620361,35-44
12026,1077,52,"Odd fabric combination, odd fit","In the photo of the dress, you might have a hard time telling that the top half of the dress is the ""lace"" part, and is a stretchy knit fabric, while the bottom half is polyester and not stretchy at all.
fyi: 36c (34d), short waist, broad shoulders/back, usually a 10/12 in a fitted top/dress
the navy lace of the top, as i said, is knit. therefore it was too stretchy, and the straps actually were already too long. it was so loose, that i needed the smaller size in the top half of the dress (10).",3,1,10,General Petite,Dresses,Dresses,"Odd fabric combination, odd fit. In the photo of the dress, you might have a hard time telling that the top half of the dress is the ""lace"" part, and is a stretchy knit fabric, while the bottom half is polyester and not stretchy at all.
fyi: 36c (34d), short waist, broad shoulders/back, usually a 10/12 in a fitted top/dress
the navy lace of the top, as i said, is knit. therefore it was too stretchy, and the straps actually were already too long. it was so loose, that i needed the smaller size in the top half of the dress (10).",-0.9992786049842834,45-54
23476,522,27,Cheeky!,These bottoms are very cute but defiantly cheeky! i would recommend sizing up if you want to have more coverage.,4,1,0,Initmates,Intimate,Swim,Cheeky!. These bottoms are very cute but defiantly cheeky! i would recommend sizing up if you want to have more coverage.,0.9995330572128296,25-34
4149,144,65,Love the color!,The raspberry color is really stunning! i have been looking for colored tights for a while and had difficulty finding really rich colors. i was thrilled when i saw these! i've worn them once so far. very comfortable and seem like they will last.,5,1,3,Initmates,Intimate,Legwear,Love the color!. The raspberry color is really stunning! i have been looking for colored tights for a while and had difficulty finding really rich colors. i was thrilled when i saw these! i've worn them once so far. very comfortable and seem like they will last.,0.9998109936714172,55+
22849,895,42,Cute but bad shape,"I bought this sweater online as soon as i saw it. but like the other reviewers i agree it is shapeless and sticks out too much at and below the waist. if it were a softer fabric maybe the flair would work but not for this one. i am 5' 2"", 115lbs, 32d and got the xs. maybe if you aren't chesty it won't flare out as much. sadly i had to return it. i was so excited for it, o well.",3,0,1,General Petite,Tops,Fine gauge,"Cute but bad shape. I bought this sweater online as soon as i saw it. but like the other reviewers i agree it is shapeless and sticks out too much at and below the waist. if it were a softer fabric maybe the flair would work but not for this one. i am 5' 2"", 115lbs, 32d and got the xs. maybe if you aren't chesty it won't flare out as much. sadly i had to return it. i was so excited for it, o well.",-0.951255738735199,35-44
14370,828,39,Great casual shirt,I love this shirt because it's casual yet fun! the first time i wore it i received several compliments because of the fun tassels.,4,1,2,General,Tops,Blouses,Great casual shirt. I love this shirt because it's casual yet fun! the first time i wore it i received several compliments because of the fun tassels.,0.9998576641082764,35-44
14938,867,58,Super cute,"The online picture does not do this top justice. much cuter in person. soft and so comfortable. got this in my usual xs. paired with a white ""fluffy"" sweater and jeans to wear to a casual charity event. hope they do more of this top in other colors.",5,1,5,General Petite,Tops,Knits,"Super cute. The online picture does not do this top justice. much cuter in person. soft and so comfortable. got this in my usual xs. paired with a white ""fluffy"" sweater and jeans to wear to a casual charity event. hope they do more of this top in other colors.",-0.9892696738243103,55+
445,964,27,So much better irl,"When i ordered this little jacket i knew i would like it, upon arrival i fell in love. it is a little edgy with leather detailing and with stretch in all the right places, the crop is super flattering. appeared online to be a bit more of a sweatshirt material but it has so much structure and holds its shape!",5,1,0,General,Jackets,Jackets,"So much better irl. When i ordered this little jacket i knew i would like it, upon arrival i fell in love. it is a little edgy with leather detailing and with stretch in all the right places, the crop is super flattering. appeared online to be a bit more of a sweatshirt material but it has so much structure and holds its shape!",0.9978132247924805,25-34
1704,860,48,Not a white tee,"Ordered the ""white"" tee, but when it arrived today, i was surprised by how cream it looked.the cut is nice and as other reviewers mentioned, it is on the sheer side. still on the fence of whether or not i'll keep it.",4,1,0,General Petite,Tops,Knits,"Not a white tee. Ordered the ""white"" tee, but when it arrived today, i was surprised by how cream it looked.the cut is nice and as other reviewers mentioned, it is on the sheer side. still on the fence of whether or not i'll keep it.",0.9987943172454834,45-54
9483,1047,54,Easy breezy pants,"These pants are a must for any girl's summer warm weather wardrobe! i tried them on in the store and loved them. but... i am just over 5' and they were too long in the xs, even with 2.5 inch heels. so i ordered them in an xs petite and they are perfect with my 2.5-3 inch heels. 
i love that they are wide-legged! they look cool and are flattering! i am a teacher and plan on wearing them to work during the warmer months with a nice solid tee and a statement necklace. and of course, heels. i highl",5,1,3,General Petite,Bottoms,Pants,"Easy breezy pants. These pants are a must for any girl's summer warm weather wardrobe! i tried them on in the store and loved them. but... i am just over 5' and they were too long in the xs, even with 2.5 inch heels. so i ordered them in an xs petite and they are perfect with my 2.5-3 inch heels. 
i love that they are wide-legged! they look cool and are flattering! i am a teacher and plan on wearing them to work during the warmer months with a nice solid tee and a statement necklace. and of course, heels. i highl",0.9987642765045166,45-54
12864,1059,45,Great pants!,"I love charlie pants. i've bought a few in the past, and i've never been disappointed with quality, style, or fit. i love the side zip on these and the nice flat front as a result. i wish more pants were side zip- so much more flattering than having that part stick out under fitted shirts. i got these in a 4, my usual size, and while they fit a little more snugly than my other size 4 charlie pants, there is enough stretch that they don't look or feel too tight. i also got these in the regular, r",5,1,0,General,Bottoms,Pants,"Great pants!. I love charlie pants. i've bought a few in the past, and i've never been disappointed with quality, style, or fit. i love the side zip on these and the nice flat front as a result. i wish more pants were side zip- so much more flattering than having that part stick out under fitted shirts. i got these in a 4, my usual size, and while they fit a little more snugly than my other size 4 charlie pants, there is enough stretch that they don't look or feel too tight. i also got these in the regular, r",0.9922109842300415,35-44
10401,1020,48,Good skirt,"This is a good skirt, although i think the fabric keeps it from being great. it fits well, has a good shape, and drapes nicely. the synthetic material is ok, and i'll keep it, but it may limit the use. i'll wear it to work, but probably not to nicer events.",4,1,0,General Petite,Bottoms,Skirts,"Good skirt. This is a good skirt, although i think the fabric keeps it from being great. it fits well, has a good shape, and drapes nicely. the synthetic material is ok, and i'll keep it, but it may limit the use. i'll wear it to work, but probably not to nicer events.",0.999573290348053,45-54
8363,1094,70,,"This dress is so pretty, a true cinderella dress, that's why i can't find a reasonable explanation for such an amazing dress to be made out of plastic. i don't understand much about fabrics, but the dress feels like a waterproof camping tent. i bought a size 14, which is what i wear in moulinette souers (i usually go one size up since i find the rib cage small in this brand), the fit was perfect and the cut was very flattering. i will anxiously hope for a remake of this dress with a better fabri",2,0,0,General Petite,Dresses,Dresses,". This dress is so pretty, a true cinderella dress, that's why i can't find a reasonable explanation for such an amazing dress to be made out of plastic. i don't understand much about fabrics, but the dress feels like a waterproof camping tent. i bought a size 14, which is what i wear in moulinette souers (i usually go one size up since i find the rib cage small in this brand), the fit was perfect and the cut was very flattering. i will anxiously hope for a remake of this dress with a better fabri",-0.9389531016349792,55+
15943,1035,46,Should have went a size smaller,I love pilcro jeans.  i have many pairs and usually i'm a 31.  the sales girl said to buy them a size smaller because they stretch out.  i should have listen.  wore them one day and totally bagged out.  hopefully they will shrink in the wash.,4,1,1,General Petite,Bottoms,Jeans,Should have went a size smaller. I love pilcro jeans.  i have many pairs and usually i'm a 31.  the sales girl said to buy them a size smaller because they stretch out.  i should have listen.  wore them one day and totally bagged out.  hopefully they will shrink in the wash.,-0.9895735383033752,45-54
21935,915,59,Very pretty and figure flattering.,"I just received this top in the mail and i couldn't be happier with how it fits and feels on. might have to wear a camisole under with a bit see through in front. it is very true to size and drapes beautifully with the back being very feminine. i am 5'6"" and the length falls just about the same on myself as does the model. i will wear with skinny jeans with the nice length working well with them.",5,1,6,General,Tops,Fine gauge,"Very pretty and figure flattering.. I just received this top in the mail and i couldn't be happier with how it fits and feels on. might have to wear a camisole under with a bit see through in front. it is very true to size and drapes beautifully with the back being very feminine. i am 5'6"" and the length falls just about the same on myself as does the model. i will wear with skinny jeans with the nice length working well with them.",0.9985999464988708,55+
19108,1121,27,Disappointed,"I had been eyeing this coat for a few weeks after it appeared in the email, and i finally decided to purchase it to treat myself. i was very excited to get it, as it is a beautiful coat online. however, once i received it i was very disappointed. the material is much thinner than i would expect for something that cost $168, and when i went to button it the button slipped right off the thread it was sewn onto the coat with. i checked the other buttons and all of them were loose as well. 

perso",2,0,1,General,Jackets,Outerwear,"Disappointed. I had been eyeing this coat for a few weeks after it appeared in the email, and i finally decided to purchase it to treat myself. i was very excited to get it, as it is a beautiful coat online. however, once i received it i was very disappointed. the material is much thinner than i would expect for something that cost $168, and when i went to button it the button slipped right off the thread it was sewn onto the coat with. i checked the other buttons and all of them were loose as well. 

perso",-0.9960380792617798,25-34
1568,985,45,My new fave!,"This jacket is perfect! the crop length is just right! not to short and the way it is cut longer in the back it really paints a beautiful silhouette on my larger frame. i'm a a 12 typically but broad in the shoulders and larger in the bust 36dd. this jacket is loose fitting and roomy. i could probably have gone with a large, but i'm really happy with the xl as i can layer underneath and it's just super roomy and comfy. the quality of this jacket is great. it will be a staple for years to come. i",5,1,4,General,Jackets,Jackets,"My new fave!. This jacket is perfect! the crop length is just right! not to short and the way it is cut longer in the back it really paints a beautiful silhouette on my larger frame. i'm a a 12 typically but broad in the shoulders and larger in the bust 36dd. this jacket is loose fitting and roomy. i could probably have gone with a large, but i'm really happy with the xl as i can layer underneath and it's just super roomy and comfy. the quality of this jacket is great. it will be a staple for years to come. i",0.9998177886009216,35-44
4317,1078,29,Comfy!,"Love that this is comfy, with a subtle yet sexy vibe. had so many compliments when i wore this to work, with everyone asking where i got it! fits true to size (110lb, 5'4"") and xs fit perfect. took off a star because it may look like it could get that ""fuzzy"" pilling over time.",4,1,0,General,Dresses,Dresses,"Comfy!. Love that this is comfy, with a subtle yet sexy vibe. had so many compliments when i wore this to work, with everyone asking where i got it! fits true to size (110lb, 5'4"") and xs fit perfect. took off a star because it may look like it could get that ""fuzzy"" pilling over time.",0.9996887445449829,25-34
20200,1078,29,Way better in person,I was not expecting to like this. i tried it on in the store on a whim. it happened to drape beautifully. this will be a great work dress for the summer with something underneath the bring up the neckline. the blue color is soft and pretty.,4,1,0,General,Dresses,Dresses,Way better in person. I was not expecting to like this. i tried it on in the store on a whim. it happened to drape beautifully. this will be a great work dress for the summer with something underneath the bring up the neckline. the blue color is soft and pretty.,0.9995502829551697,25-34
2978,1094,35,,Love embroidery!,5,1,0,General,Dresses,Dresses,. Love embroidery!,0.9998371601104736,25-34
9436,1094,32,Muumuu,"I was surprised at the high quality of fabric; however, the dress looked like a muumuu on. maybe with a belt it would be cuter...",3,0,0,General Petite,Dresses,Dresses,"Muumuu. I was surprised at the high quality of fabric; however, the dress looked like a muumuu on. maybe with a belt it would be cuter...",-0.9079188108444214,25-34
23221,1087,44,"Almost, but not quite","This dress had so much potential but the horizontal knit ruined it. i tried on size xxs in grey since my usual petite xxs size was not available. the fabric was a good weight and dress was well constructed. however, the wide horizontal knit made the dress bulge out at places especially in the lower body thus made me look wide and bulky. i wish they had used a cable knit pattern which will make the dress drape much more nicely and more flattering.",2,0,0,General Petite,Dresses,Dresses,"Almost, but not quite. This dress had so much potential but the horizontal knit ruined it. i tried on size xxs in grey since my usual petite xxs size was not available. the fabric was a good weight and dress was well constructed. however, the wide horizontal knit made the dress bulge out at places especially in the lower body thus made me look wide and bulky. i wish they had used a cable knit pattern which will make the dress drape much more nicely and more flattering.",-0.9950384497642517,35-44
1159,235,32,Not sure what body type this suit is designed for,"I was so excited to splurge on a mara hoffman suit and was sorely disappointed when i received this suit in the mail. i'm petite and fairly curvy, so i knew it would likely be a little long in the torso but the whole suit was so oddly shaped, i couldn't imagine anyone it would fit. the square shape in between the halter pieces is awkward, and the pieces that are supposed to hold your chest are super wide and loose.",1,0,0,Initmates,Intimate,Swim,"Not sure what body type this suit is designed for. I was so excited to splurge on a mara hoffman suit and was sorely disappointed when i received this suit in the mail. i'm petite and fairly curvy, so i knew it would likely be a little long in the torso but the whole suit was so oddly shaped, i couldn't imagine anyone it would fit. the square shape in between the halter pieces is awkward, and the pieces that are supposed to hold your chest are super wide and loose.",-0.9932916164398193,25-34
6753,844,57,Love it,"Very comfortable,  looks great on. like the color & fabric. something you can throw on & go",5,1,0,General,Tops,Blouses,"Love it. Very comfortable,  looks great on. like the color & fabric. something you can throw on & go",0.9998867511749268,55+
18615,867,38,The perfect spring/summer staple,"I have this tee in every single color and love it. this shirt is so soft, airy, and comfortable, and the ribbon embellishment on the back dresses it up a little. i love wearing leggings or skinny jeans with it and accessorizing with an infinity scarf. i normally wear a size small, but i sized up to a medium this time. there is very little difference in the two sizes, but i liked the modest increase in length. i'm glad that i did this, because the tees shrunk ever so slightly after being in the d",5,1,2,General,Tops,Knits,"The perfect spring/summer staple. I have this tee in every single color and love it. this shirt is so soft, airy, and comfortable, and the ribbon embellishment on the back dresses it up a little. i love wearing leggings or skinny jeans with it and accessorizing with an infinity scarf. i normally wear a size small, but i sized up to a medium this time. there is very little difference in the two sizes, but i liked the modest increase in length. i'm glad that i did this, because the tees shrunk ever so slightly after being in the d",0.9995835423469543,35-44
20771,1078,48,Wonderful comfy maxi,"This is a super cute, adorable and flattering maxi. it's very comfortable and soft. i stayed tts in this dress... the length hit just right .. ...perfect for summer",5,1,0,General,Dresses,Dresses,"Wonderful comfy maxi. This is a super cute, adorable and flattering maxi. it's very comfortable and soft. i stayed tts in this dress... the length hit just right .. ...perfect for summer",0.9998435974121094,45-54
21723,895,33,So very pretty,"This is such a classy, elegant and interest piece for your wardrobe. the fabric and cut is lovely and it drapes really nice. i love how it doesn't slide around on your frame when you move and the pockets are awesome - such a fun and practical extra. i thought the arms were a little tricky - but you would see the same issue with any cape style top. the gray is a nice color, but i wish it came in another option - a wine color would be amazing.",5,1,1,General Petite,Tops,Fine gauge,"So very pretty. This is such a classy, elegant and interest piece for your wardrobe. the fabric and cut is lovely and it drapes really nice. i love how it doesn't slide around on your frame when you move and the pockets are awesome - such a fun and practical extra. i thought the arms were a little tricky - but you would see the same issue with any cape style top. the gray is a nice color, but i wish it came in another option - a wine color would be amazing.",0.9998313188552856,25-34
19889,872,62,Love this,I'm obsessed with this top. i actually love that the sides are a bit higher than the front and back. i feel like that gives it shape. i bought jeans similar to the pic here and they look so good together. love!,5,1,8,General Petite,Tops,Knits,Love this. I'm obsessed with this top. i actually love that the sides are a bit higher than the front and back. i feel like that gives it shape. i bought jeans similar to the pic here and they look so good together. love!,0.9998713731765747,55+
17790,936,69,Soft & warm,"Beautiful medium weight duster; it looks just like on line photos!
my store did not have this duster so i ordered on line. i usually wear a medium top, but sometimes a large.
i'm 5'7"", 140 lbs, and i don't like my tops tight.
i ordered this duster in xl because i like room in my cardigans; i could have gone with a large.
i have to roll up the cuffs of the sleeves, but i like to do that anyway.
this sweater duster is soooo soft and warm! so comfy! very stretchy with no closures on the front.",5,1,0,General Petite,Tops,Sweaters,"Soft & warm. Beautiful medium weight duster; it looks just like on line photos!
my store did not have this duster so i ordered on line. i usually wear a medium top, but sometimes a large.
i'm 5'7"", 140 lbs, and i don't like my tops tight.
i ordered this duster in xl because i like room in my cardigans; i could have gone with a large.
i have to roll up the cuffs of the sleeves, but i like to do that anyway.
this sweater duster is soooo soft and warm! so comfy! very stretchy with no closures on the front.",0.982705295085907,55+
12244,1110,34,Beautiful print,"I loved this dress before putting it on, but it was just not the right cut or style for my body type. it is very roomy and full and looked like a maternity dress which was not a look i was going for. sadly this will be going back. i loved the print and the feel of the material. just not a flattering cut for me.",2,0,0,General,Dresses,Dresses,"Beautiful print. I loved this dress before putting it on, but it was just not the right cut or style for my body type. it is very roomy and full and looked like a maternity dress which was not a look i was going for. sadly this will be going back. i loved the print and the feel of the material. just not a flattering cut for me.",-0.9465479254722595,25-34
6200,872,52,This top could have been so sweet!,"I ordered the top from a store to have it shipped. 
it is very pretty but once on, it fit the wrong way. i got a small because i know that this designer tends to run tight across the bust. 
the shoulder was too rounded for this neck line. sleeves should have been either longer or sleeveless. the empire waist even on a smaller busted woman like myself was cut too high.",2,0,3,General Petite,Tops,Knits,"This top could have been so sweet!. I ordered the top from a store to have it shipped. 
it is very pretty but once on, it fit the wrong way. i got a small because i know that this designer tends to run tight across the bust. 
the shoulder was too rounded for this neck line. sleeves should have been either longer or sleeveless. the empire waist even on a smaller busted woman like myself was cut too high.",-0.9990673661231995,45-54
22268,867,39,Adorable,"This seems like a simple tank, but the shape of it is super flattering. it kind of soles in at the seam, and the shoulders are just adorable and sexy at the same time. i love the detail in the straps, coloring is neutral enough, adn the fabric is very soft... i am glad i finally tried it on, jsut didn't want t pay full price, but broke down as sizes are selling out (smaller sizes, i am usually xs petite and that is gone, so is xxs, so went with xs). i am 115 lbs and 30dd for reference...",5,1,2,General Petite,Tops,Knits,"Adorable. This seems like a simple tank, but the shape of it is super flattering. it kind of soles in at the seam, and the shoulders are just adorable and sexy at the same time. i love the detail in the straps, coloring is neutral enough, adn the fabric is very soft... i am glad i finally tried it on, jsut didn't want t pay full price, but broke down as sizes are selling out (smaller sizes, i am usually xs petite and that is gone, so is xxs, so went with xs). i am 115 lbs and 30dd for reference...",-0.794129490852356,35-44
21918,829,57,Perfect fall tunic,"I love everything about this tunic : the color, fabric and design! i am very happy with this perches!",5,1,0,General,Tops,Blouses,"Perfect fall tunic. I love everything about this tunic : the color, fabric and design! i am very happy with this perches!",0.9998888969421387,55+
16314,1078,56,Will take you anywhere,A slip underneath makes this dress substantial. it's a good 'weather' transition dress-fall/spring. the lace is very pretty and it's an overall great dress that will take you anywhere. i plan to wear burgundy tights and brown boots with ti next weekend.,4,1,0,General Petite,Dresses,Dresses,Will take you anywhere. A slip underneath makes this dress substantial. it's a good 'weather' transition dress-fall/spring. the lace is very pretty and it's an overall great dress that will take you anywhere. i plan to wear burgundy tights and brown boots with ti next weekend.,0.9998693466186523,55+
11849,872,46,Comfortable fit & cute style,I ordered this top in xl in the navy print. it fits true to size. it's made of two very soft materials. the printed part looks like sailboats to me. it doesn't wrinkle or have a static problem. the solid knit portion is a good quality too. i love the styling details of the ruffled neck and the middle pleat. it's flattering. i like how the details make this a dressy version of a t-shirt while being very comfortable too.,5,1,17,General Petite,Tops,Knits,Comfortable fit & cute style. I ordered this top in xl in the navy print. it fits true to size. it's made of two very soft materials. the printed part looks like sailboats to me. it doesn't wrinkle or have a static problem. the solid knit portion is a good quality too. i love the styling details of the ruffled neck and the middle pleat. it's flattering. i like how the details make this a dressy version of a t-shirt while being very comfortable too.,0.999687910079956,45-54
8169,1081,32,Silky smooth weighty fabric in rich wine color,"I tried on this dress in the portland, me, store today. so much good to say about it: the wine color is deep and rich, the fabric hand is similar to a heavy weight silk, the cut of the dress so flattering.
but, i didn't get it. i am 5'2"" and weigh 135 lbs. i can sometimes wear a medium, but my upper arms and hips can require a large, usually petite for proper length. the store didn't have a large (i didn't even realize the dress also came in petite), so i tried on a medium. nice fit through the",5,1,2,General Petite,Dresses,Dresses,"Silky smooth weighty fabric in rich wine color. I tried on this dress in the portland, me, store today. so much good to say about it: the wine color is deep and rich, the fabric hand is similar to a heavy weight silk, the cut of the dress so flattering.
but, i didn't get it. i am 5'2"" and weigh 135 lbs. i can sometimes wear a medium, but my upper arms and hips can require a large, usually petite for proper length. the store didn't have a large (i didn't even realize the dress also came in petite), so i tried on a medium. nice fit through the",-0.5222362279891968,25-34
9878,860,44,,"This shirt drapes beautifully. forgiving fabric in a beautiful taupe. it is a bit low cut, i wear a camisole underneath. true to size.",5,1,0,General,Tops,Knits,". This shirt drapes beautifully. forgiving fabric in a beautiful taupe. it is a bit low cut, i wear a camisole underneath. true to size.",0.9991127848625183,35-44
3162,906,44,,Great light weight sweater. perfect for spring. runs true to size. definitely will buy another color.,5,1,0,General Petite,Tops,Fine gauge,. Great light weight sweater. perfect for spring. runs true to size. definitely will buy another color.,0.999583899974823,35-44
19484,1110,43,Definitely cuter on,"This dress didn't do much for me on the hanger but it was on sale and thought i would try it on in the store. so glad i did, definitely cuter on than just hanging there. the back has a belt feature that adds a little structure. the colors are nice and bright. will be good for our hot austin summers.",5,1,0,General Petite,Dresses,Dresses,"Definitely cuter on. This dress didn't do much for me on the hanger but it was on sale and thought i would try it on in the store. so glad i did, definitely cuter on than just hanging there. the back has a belt feature that adds a little structure. the colors are nice and bright. will be good for our hot austin summers.",0.9997426867485046,35-44
3011,1082,45,Cute....but,"This is a cute, flattering dress, however the drop-waist, the short length and the odd-length sleeves (shorter than shown in the photos!!!) added up to me feeling like i was dressing way to young. it just didn't convey an elegant, mature vibe. this dress is perfect for a 20s-30s woman who wants a versatile dress to wear on many occasions. it's great because it's not too expensive and you could wear it with any type of shoes.

my big problem is the lack of transparency regarding the actual slee",3,1,1,General,Dresses,Dresses,"Cute....but. This is a cute, flattering dress, however the drop-waist, the short length and the odd-length sleeves (shorter than shown in the photos!!!) added up to me feeling like i was dressing way to young. it just didn't convey an elegant, mature vibe. this dress is perfect for a 20s-30s woman who wants a versatile dress to wear on many occasions. it's great because it's not too expensive and you could wear it with any type of shoes.

my big problem is the lack of transparency regarding the actual slee",-0.9755250215530396,35-44
14493,864,57,Fantabulous sleeves!,"I was pleasantly surprised when i received this top in the mail. i expected the top to be more of a tee shirt but it is very soft and more like a light sweater. i feel the sizing is true-to-size but the design is not meant to be close to the body. for me, the shoulders and length were perfect.

this top is all about the sleeves. matador? perhaps, but it was the sleeves that attracted me to this sweater. i will wear with with a vest, skinny jeans and booties.",5,1,0,General Petite,Tops,Knits,"Fantabulous sleeves!. I was pleasantly surprised when i received this top in the mail. i expected the top to be more of a tee shirt but it is very soft and more like a light sweater. i feel the sizing is true-to-size but the design is not meant to be close to the body. for me, the shoulders and length were perfect.

this top is all about the sleeves. matador? perhaps, but it was the sleeves that attracted me to this sweater. i will wear with with a vest, skinny jeans and booties.",0.9889496564865112,55+
20530,954,41,Odd fit,I wanted to love this sweater but the fit is just awkward. it is very short and box and ends up being very short in the back. i am going to return this item.,2,0,3,General,Tops,Sweaters,Odd fit. I wanted to love this sweater but the fit is just awkward. it is very short and box and ends up being very short in the back. i am going to return this item.,-0.9897218346595764,35-44
11598,1078,71,Retro,"I have always bought interesting, pretty, wearable dresses for my daughters at retailer. now the dresses are just retro funky. sad to see.",1,0,0,General Petite,Dresses,Dresses,"Retro. I have always bought interesting, pretty, wearable dresses for my daughters at retailer. now the dresses are just retro funky. sad to see.",0.9975101947784424,55+
18763,829,42,Very pretty!,"I purchased this blouse in the kelly green the other day and i love it. the color is beautiful and i like how it hangs/flows- especially the sleeves. it's not warm enough to wear by itself when it's really cold but would be beautiful layered with a cardigan in the winter months and by its own when it's warmer. looks great with skinny jeans, flares and just about anything including the right skirt. i'm so happy i purchased this!!",5,1,1,General Petite,Tops,Blouses,"Very pretty!. I purchased this blouse in the kelly green the other day and i love it. the color is beautiful and i like how it hangs/flows- especially the sleeves. it's not warm enough to wear by itself when it's really cold but would be beautiful layered with a cardigan in the winter months and by its own when it's warmer. looks great with skinny jeans, flares and just about anything including the right skirt. i'm so happy i purchased this!!",0.9997757077217102,35-44
7707,936,66,Lovely long cardi,"Love the knit. contrast stitches add interest. quality is great and it is true to size. very happy i made this purchase, especially because i caught it on sale after eyeing it for months. great with denim or a black dress.",4,1,0,General,Tops,Sweaters,"Lovely long cardi. Love the knit. contrast stitches add interest. quality is great and it is true to size. very happy i made this purchase, especially because i caught it on sale after eyeing it for months. great with denim or a black dress.",0.9998772144317627,55+
1969,872,41,Cute basic,"This is a great basic tee (purchased in navy) but fits much larger than it appears on the model. the arms/chest area fit fine but it really billows out below. the front is shorter and the back is longer than i would've expected. i thought this would be great for summer, but it's really too long in the back to wear with shorts. it does, however, look great with skinny jeans.",4,1,0,General Petite,Tops,Knits,"Cute basic. This is a great basic tee (purchased in navy) but fits much larger than it appears on the model. the arms/chest area fit fine but it really billows out below. the front is shorter and the back is longer than i would've expected. i thought this would be great for summer, but it's really too long in the back to wear with shorts. it does, however, look great with skinny jeans.",-0.9144457578659058,35-44
17095,229,36,Get these if you want to run around bare-bottomed!,"I am so sad i have to return these leggings. they're adorable--so much so that my fiancã© commented favorably on them--but as other reviewers have pointed out, there's no elastic or string in the waistband so you have to walk around holding them up with one hand or they'll fall down! why, sleeping on snow? whyyyyyyyyyyy? they're so great otherwise!",1,0,2,Initmates,Intimate,Legwear,"Get these if you want to run around bare-bottomed!. I am so sad i have to return these leggings. they're adorable--so much so that my fiancã© commented favorably on them--but as other reviewers have pointed out, there's no elastic or string in the waistband so you have to walk around holding them up with one hand or they'll fall down! why, sleeping on snow? whyyyyyyyyyyy? they're so great otherwise!",0.7691394686698914,35-44
4124,1098,37,So comfortable,"I love the style of this dress, comfortable but chic, and it feels great!",5,1,0,General Petite,Dresses,Dresses,"So comfortable. I love the style of this dress, comfortable but chic, and it feels great!",0.9998867511749268,35-44
18541,820,56,Flattering and stylish,"I got this top in white/rust and it is darling. the lining keeps it from being too see through. the bell sleeves add style without getting in the way thanks to the shorter length. i get many compliments each time i wear it. i am 5'1"", 103 lbs and take xs- fit was true to size.",5,1,0,General Petite,Tops,Blouses,"Flattering and stylish. I got this top in white/rust and it is darling. the lining keeps it from being too see through. the bell sleeves add style without getting in the way thanks to the shorter length. i get many compliments each time i wear it. i am 5'1"", 103 lbs and take xs- fit was true to size.",0.9997549653053284,55+
12443,936,75,Perfect versatile sweater,This cream sweater is a great addition to your wardrobe. the length hits below the waist and the zipper adds an updated touch to the look. is a bit itchy but there's room for a light layer underneath.,5,1,2,General Petite,Tops,Sweaters,Perfect versatile sweater. This cream sweater is a great addition to your wardrobe. the length hits below the waist and the zipper adds an updated touch to the look. is a bit itchy but there's room for a light layer underneath.,0.999005138874054,55+
18199,1096,61,So pretty!,"Dress is wonderfully made. the fabric is soft and the print is beautiful.wonderful detail,especially the ties.  nice lining...not see thru at all.
mid calf length looks good with heels or flats.
lovely dress for a sunny day or an evening out!!",5,1,17,General,Dresses,Dresses,"So pretty!. Dress is wonderfully made. the fabric is soft and the print is beautiful.wonderful detail,especially the ties.  nice lining...not see thru at all.
mid calf length looks good with heels or flats.
lovely dress for a sunny day or an evening out!!",0.999848484992981,55+
6375,862,53,,"I love, love love this top. i've bought several over the years and they wash great and are very flattering and comfortable. i always pick up the newest color.",5,1,2,General,Tops,Knits,". I love, love love this top. i've bought several over the years and they wash great and are very flattering and comfortable. i always pick up the newest color.",0.9998679161071777,45-54
20173,883,35,Beautiful color!,"I bough the blue color and love it. the neckline detail is fun and make you take a double take when looking at what is otherwise a relatively simple top. it drapes nicely, and paired nicely with dark skinny jeans and ballet flats for work (i'm at a tech company, so casual to business casual). the ombre color is gorgeous! (the lavender is pretty too but seemed to wash me out and not fall as nicely).
regarding what other reviewers said: yes, it has a slightly vinegar smell when it came shipped, b",4,1,1,General Petite,Tops,Knits,"Beautiful color!. I bough the blue color and love it. the neckline detail is fun and make you take a double take when looking at what is otherwise a relatively simple top. it drapes nicely, and paired nicely with dark skinny jeans and ballet flats for work (i'm at a tech company, so casual to business casual). the ombre color is gorgeous! (the lavender is pretty too but seemed to wash me out and not fall as nicely).
regarding what other reviewers said: yes, it has a slightly vinegar smell when it came shipped, b",0.9997183680534363,25-34
2417,1099,34,Huge,I wear med or large in most items. the medium was huge. fit like a moo moo. size down by at least two.,2,0,8,General Petite,Dresses,Dresses,Huge. I wear med or large in most items. the medium was huge. fit like a moo moo. size down by at least two.,-0.9978237152099609,25-34
9114,265,32,Great as a nightgown,"So i can see why this might not be an amazing shirt, it runs a little large imo and its long. i'm 5'5"" and its almost to my knees, but......as a nightgown, it's amazing! super comfy and its now my new favorite pajama dress. lol. i might wear it as a shirt too, but most likely just jammies!",4,1,0,Initmates,Intimate,Sleep,"Great as a nightgown. So i can see why this might not be an amazing shirt, it runs a little large imo and its long. i'm 5'5"" and its almost to my knees, but......as a nightgown, it's amazing! super comfy and its now my new favorite pajama dress. lol. i might wear it as a shirt too, but most likely just jammies!",0.9980432987213135,25-34
13959,1094,56,Thin material,"This is a lovely dress, but much more casual than i thought from the picture. the material is very thin and casual. i needed a dressier dress, and i didn't need another casual dress, so i sent it back, but it would be fine if you want something casual.",3,1,0,General Petite,Dresses,Dresses,"Thin material. This is a lovely dress, but much more casual than i thought from the picture. the material is very thin and casual. i needed a dressier dress, and i didn't need another casual dress, so i sent it back, but it would be fine if you want something casual.",0.8411510586738586,55+
9425,829,35,Go to top,"When i'm looking for something comfortable to wear that looks effortless and cool, this is the top i pick! i ended up buying it in navy too. it's really soft, ur washes well, and it's great quality! a must have.",5,1,0,General Petite,Tops,Blouses,"Go to top. When i'm looking for something comfortable to wear that looks effortless and cool, this is the top i pick! i ended up buying it in navy too. it's really soft, ur washes well, and it's great quality! a must have.",0.9997743964195251,25-34
9024,824,43,Adorable!,"I thought i'd be the first to review for non -size- small ladies... i'm usually between a large and xl in retailer.  the large was great.. with room , as this top is pictured.  you'll love the details on this colorful, fun top ( ex: buttons on the side).  great with skinnies. i bought it on sale, but it really is a special top and worth the price.",5,1,4,General,Tops,Blouses,"Adorable!. I thought i'd be the first to review for non -size- small ladies... i'm usually between a large and xl in retailer.  the large was great.. with room , as this top is pictured.  you'll love the details on this colorful, fun top ( ex: buttons on the side).  great with skinnies. i bought it on sale, but it really is a special top and worth the price.",0.9998679161071777,35-44
19405,1059,31,Perfectly long,"I love these pants! the pattern is polished and the flowy style is perfect for warm weather. i ordered a small and was worried they would be too short (i'm 5'10""), but they are just right when i wear them just slightly lower than my true waist. my new favorite summer pants.",5,1,0,General,Bottoms,Pants,"Perfectly long. I love these pants! the pattern is polished and the flowy style is perfect for warm weather. i ordered a small and was worried they would be too short (i'm 5'10""), but they are just right when i wear them just slightly lower than my true waist. my new favorite summer pants.",0.9997125267982483,25-34
1889,860,41,,Very nice top. flattering and goes with everything. i bought the medium in the green but would have needed the large in the white as the white was a little see through and showed more of my flaws. i agree with the other reviewer in that this top has good button placement.,5,1,16,General,Tops,Knits,. Very nice top. flattering and goes with everything. i bought the medium in the green but would have needed the large in the white as the white was a little see through and showed more of my flaws. i agree with the other reviewer in that this top has good button placement.,0.9975689053535461,35-44
6472,170,49,Soft and sweet,"This dress is very soft and comfy but transparency is an issue. having said that, i think as long as you wear flesh-colored undergarments you'd be fine in a casual situation. the natural fiber is especially comfortable and the detailed stitching around the neck and chest area is pretty. my store didn't have petite sizes and the regular length was too long for me so i passed on it.",4,1,3,Initmates,Intimate,Sleep,"Soft and sweet. This dress is very soft and comfy but transparency is an issue. having said that, i think as long as you wear flesh-colored undergarments you'd be fine in a casual situation. the natural fiber is especially comfortable and the detailed stitching around the neck and chest area is pretty. my store didn't have petite sizes and the regular length was too long for me so i passed on it.",0.9976575374603271,45-54
19399,995,64,,"I have two tracy reese skirts from a few years back that i still wear. so i am favorably disposed to this designer's style and quality. this is a slim fitting skirt, though i ordered it in a 6 and my two others are 8s. so i don't agree with previous review that this skirt runs large. it is nicely fitted and flattering. it does not ride up when sitting, which is almost amazing. i wish the pockets laid a bit flatter. also, on my skirt there is no sewn-in fabric or laundering instructions. none! th",4,1,5,General,Bottoms,Skirts,". I have two tracy reese skirts from a few years back that i still wear. so i am favorably disposed to this designer's style and quality. this is a slim fitting skirt, though i ordered it in a 6 and my two others are 8s. so i don't agree with previous review that this skirt runs large. it is nicely fitted and flattering. it does not ride up when sitting, which is almost amazing. i wish the pockets laid a bit flatter. also, on my skirt there is no sewn-in fabric or laundering instructions. none! th",0.9939380884170532,55+
6997,719,35,Beautiful,"This is the most comfortable beautiful dress/cover up. i can't believe the sale price. when i ordered, my reg m was not available so i ordered a small. it fits except the top button (36c). i just called and got a m since there was one available today online. hoping it ships! so impressed with this! i'll wear in summer and spring with a white slip underneath.",5,1,0,Initmates,Intimate,Lounge,"Beautiful. This is the most comfortable beautiful dress/cover up. i can't believe the sale price. when i ordered, my reg m was not available so i ordered a small. it fits except the top button (36c). i just called and got a m since there was one available today online. hoping it ships! so impressed with this! i'll wear in summer and spring with a white slip underneath.",0.9994304776191711,25-34
16786,824,36,Cute top,"Cute top, wish they had xxs. looks great with jeans and a fun necklace like pix. i got an xs (5'4 and 135 lbs) and it's still a little wider than i would prefer, but i'm not a skinny jeans gal so might look better with those. i decided to keep it since no xxs. wore all day with jeans for a more casual event, then added a skirt and high heels later for a theater show. super comfortable and looks great for all occasions.",4,1,2,General Petite,Tops,Blouses,"Cute top. Cute top, wish they had xxs. looks great with jeans and a fun necklace like pix. i got an xs (5'4 and 135 lbs) and it's still a little wider than i would prefer, but i'm not a skinny jeans gal so might look better with those. i decided to keep it since no xxs. wore all day with jeans for a more casual event, then added a skirt and high heels later for a theater show. super comfortable and looks great for all occasions.",0.9966815114021301,35-44
7845,1059,56,,"I bought these to go with the boiled wool jacket that is also currently on sale. i have several pairs of charlie trousers, and i really like the brand. these are in a thicker ""winter fabric"" and i understand why the other reviews found them itchy. i don't find that bothersome, but the texture is a bit different. the quality is typical for charlies. the color stripe is a metallic bronze, but could look pink in the right light. the fabric is noticeably stretchy--i think without that stretch, these",4,1,1,General,Bottoms,Pants,". I bought these to go with the boiled wool jacket that is also currently on sale. i have several pairs of charlie trousers, and i really like the brand. these are in a thicker ""winter fabric"" and i understand why the other reviews found them itchy. i don't find that bothersome, but the texture is a bit different. the quality is typical for charlies. the color stripe is a metallic bronze, but could look pink in the right light. the fabric is noticeably stretchy--i think without that stretch, these",-0.8375343084335327,55+
12168,865,33,Ok top,"Very nice material, soft and feminine colors. however, the waist sat higher than my natural waist and was uncomfortable. unfortunately it's going back",3,1,0,General,Tops,Knits,"Ok top. Very nice material, soft and feminine colors. however, the waist sat higher than my natural waist and was uncomfortable. unfortunately it's going back",-0.970905601978302,25-34
18447,862,47,Perfect fit!,Love the fit and color of this top. i love that it is somewhat fitted around the arm holes which doesn't allow for extra skin to show. it drapes nicely over my hips and tummy. got rave reviews from my husband!!,5,1,0,General Petite,Tops,Knits,Perfect fit!. Love the fit and color of this top. i love that it is somewhat fitted around the arm holes which doesn't allow for extra skin to show. it drapes nicely over my hips and tummy. got rave reviews from my husband!!,0.9997242093086243,45-54
16972,984,68,,"Great jacket for night time in the south this time of year ... very nice fabric, great classic style with a little twist... love retailerplogy ... being an older female, sometimes things can look boring ....i love to dress in fun clothes ... finding something that will work for all ages and that is a ""little out side the lines "" is very nice!!!!",5,1,3,General,Jackets,Jackets,". Great jacket for night time in the south this time of year ... very nice fabric, great classic style with a little twist... love retailerplogy ... being an older female, sometimes things can look boring ....i love to dress in fun clothes ... finding something that will work for all ages and that is a ""little out side the lines "" is very nice!!!!",0.9997615218162537,55+
9320,815,43,Swing away,"A swing top by tiny done right. this is a well made top that fits in all the right places, no gapping arm pit! the fabric has a design in it and i think this is a blouse that can be worn all year. the blouse does run large and depending on the chest size, you may have to go down two sizes. i went for the large at first just because swing tops are so short but realized i would need a medium and the length was still perfect. it did not flare out to where you looked like an expectant mother.",5,1,14,General Petite,Tops,Blouses,"Swing away. A swing top by tiny done right. this is a well made top that fits in all the right places, no gapping arm pit! the fabric has a design in it and i think this is a blouse that can be worn all year. the blouse does run large and depending on the chest size, you may have to go down two sizes. i went for the large at first just because swing tops are so short but realized i would need a medium and the length was still perfect. it did not flare out to where you looked like an expectant mother.",0.9983094930648804,35-44
19769,818,38,Tight sleeves,"I ordered this item when it was first advertised, fell in love with the unique pattern in the top and could hardly wait for it to get here. however when i received the top i was very disappointed, the fabric is cheap, the sleeves are tight and the overall product is of poor quality and poorly constructed. needless to say i returned it.",3,0,4,General,Tops,Blouses,"Tight sleeves. I ordered this item when it was first advertised, fell in love with the unique pattern in the top and could hardly wait for it to get here. however when i received the top i was very disappointed, the fabric is cheap, the sleeves are tight and the overall product is of poor quality and poorly constructed. needless to say i returned it.",-0.9993498921394348,35-44
20018,95,24,Pretty but runs way too small,"I really was looking forward to this piece but unfortunately it was too small to even pass through my head nevertheless i couldn't even get both arms in. i got a size small and probably needed a large; but as far as the quality and color, it's really pretty! just go up a size or two if anything and try it out.",3,0,0,Initmates,Intimate,Intimates,"Pretty but runs way too small. I really was looking forward to this piece but unfortunately it was too small to even pass through my head nevertheless i couldn't even get both arms in. i got a size small and probably needed a large; but as far as the quality and color, it's really pretty! just go up a size or two if anything and try it out.",-0.8877535462379456,<25
19059,1077,47,Gorgeous print,"I sized down in this dress from a 6 to a 4 (32d-31-38). the 6 was too blousy in the bust and it did feel ""sack-like"". i sized down and suddenly it looked great--fitted enough through the bust and hips. be warned--this dress has to be pulled over your head. the fit in the bust will determine a lot. i am tall--almost 5' 9"" and the length was great--similar to the model in the photo. the cream and black print is gorgeous.",4,1,2,General,Dresses,Dresses,"Gorgeous print. I sized down in this dress from a 6 to a 4 (32d-31-38). the 6 was too blousy in the bust and it did feel ""sack-like"". i sized down and suddenly it looked great--fitted enough through the bust and hips. be warned--this dress has to be pulled over your head. the fit in the bust will determine a lot. i am tall--almost 5' 9"" and the length was great--similar to the model in the photo. the cream and black print is gorgeous.",0.9867430925369263,45-54
21468,861,40,Cute pattern,"I love t-shirts by t la, but unfortunately this particular one was different. the sizing was off. it ran small, although i ordered my usual size medium for this brand. i think the shirt is cute though;)",4,1,0,General,Tops,Knits,"Cute pattern. I love t-shirts by t la, but unfortunately this particular one was different. the sizing was off. it ran small, although i ordered my usual size medium for this brand. i think the shirt is cute though;)",-0.9976556301116943,35-44
12912,863,35,"Wonderful fit, flattering, easy care tee","I purchased all the colors of this wonderful tee after receiving the first. it's machine wash and dry, and they've all held up well through multiple washes so far. the neckline and fit is flattering for a larger bust, due to the ribbing, but would be great on a more athletic figure as well. the fabric is soft enough that the 3/4 sleeves don't bug me, like some other tops do. all the colors are great and you'll want more than one! true to size.",5,1,15,General,Tops,Knits,"Wonderful fit, flattering, easy care tee. I purchased all the colors of this wonderful tee after receiving the first. it's machine wash and dry, and they've all held up well through multiple washes so far. the neckline and fit is flattering for a larger bust, due to the ribbing, but would be great on a more athletic figure as well. the fabric is soft enough that the 3/4 sleeves don't bug me, like some other tops do. all the colors are great and you'll want more than one! true to size.",0.9996579885482788,25-34
16479,836,40,Disappointed,"Sleeves were tight, was difficult to put on ?. for the price, you want to love the shirt. sending it back.",2,0,15,General,Tops,Blouses,"Disappointed. Sleeves were tight, was difficult to put on ?. for the price, you want to love the shirt. sending it back.",0.9974387884140015,35-44
5838,1146,38,Great material,"I bought this dress for my wedding rehearsal dinner. it's beautiful. the material is thicker than i imagined, not a bad thing at all. i ironed it with lots of steam and it came out great. the tie in back is nice because it can be cinched tight or worn more loosely",5,1,0,General,Trend,Trend,"Great material. I bought this dress for my wedding rehearsal dinner. it's beautiful. the material is thicker than i imagined, not a bad thing at all. i ironed it with lots of steam and it came out great. the tie in back is nice because it can be cinched tight or worn more loosely",0.9997480511665344,35-44
22239,918,34,An elegant sweater for all occasions,"Unlike one comment below a review on here who stated it felt childish, i didn't feel this way at all. i'm a sucker for anything white with tulle and soft colors and a bit of bling :) here's my thoughts:
-------------------------
pros:
- very soft with good amount of stretch.
- tulle bottom is exactly as pictured. i disagree with another reviewer who said the color was more of taupe; it is not. this is pink/nude shade all the way.
- runs tts. i'm a 36c, hourglass, 5'9"" and found the medium to be",5,1,2,General Petite,Tops,Fine gauge,"An elegant sweater for all occasions. Unlike one comment below a review on here who stated it felt childish, i didn't feel this way at all. i'm a sucker for anything white with tulle and soft colors and a bit of bling :) here's my thoughts:
-------------------------
pros:
- very soft with good amount of stretch.
- tulle bottom is exactly as pictured. i disagree with another reviewer who said the color was more of taupe; it is not. this is pink/nude shade all the way.
- runs tts. i'm a 36c, hourglass, 5'9"" and found the medium to be",-0.8850669860839844,25-34
7760,986,40,Beautiful but won't last!,"I feel in love with this piece. the color are gorgeous and i received so many compliments. it lifted my mood just wearing it! sadly, ut the end of the first wear i had a run up the front and by the middle of the second wear the light fabric got caught on something and a hole developed. upon further inspection i found another hole at the top where the price tag must have been attached. i also noticed all over pilling after the first wear! so sad! they should recreate this in a heavy fabric.",1,0,1,General,Jackets,Jackets,"Beautiful but won't last!. I feel in love with this piece. the color are gorgeous and i received so many compliments. it lifted my mood just wearing it! sadly, ut the end of the first wear i had a run up the front and by the middle of the second wear the light fabric got caught on something and a hole developed. upon further inspection i found another hole at the top where the price tag must have been attached. i also noticed all over pilling after the first wear! so sad! they should recreate this in a heavy fabric.",-0.7482705116271973,35-44
2227,867,40,,I love this tee. really comfortable and super cute too!,4,1,0,General Petite,Tops,Knits,. I love this tee. really comfortable and super cute too!,0.9998713731765747,35-44
1273,850,34,Avoid if you're curvy...,"Didn't work on this curvy gal.
sizing up would have helped with the button gaps, but the flowy shape of the blouse would have looked too maternity on a larger size.
major pass.",2,0,0,General,Tops,Blouses,"Avoid if you're curvy.... Didn't work on this curvy gal.
sizing up would have helped with the button gaps, but the flowy shape of the blouse would have looked too maternity on a larger size.
major pass.",-0.9985307455062866,25-34
6799,1035,53,Great!,"They fit me great, are super comfortable. they are casual, yet also stylish thanks to details like the colorful waistband and the zippers on the side of the legs. they looks great and i think i can wear them for many occasions. i love them with booties :). i think they look better in person than online, too",5,1,1,General,Bottoms,Jeans,"Great!. They fit me great, are super comfortable. they are casual, yet also stylish thanks to details like the colorful waistband and the zippers on the side of the legs. they looks great and i think i can wear them for many occasions. i love them with booties :). i think they look better in person than online, too",0.9998013377189636,45-54
13885,1080,41,Perfect dress,"I love this dress. it fits perfect (i'm 5,3, 108 and ordered xs)i think the off white stone color is true to the picture. i will be wearing this dress as my wedding dress for our small intimidate wedding. i can't wait.",4,1,0,General,Dresses,Dresses,"Perfect dress. I love this dress. it fits perfect (i'm 5,3, 108 and ordered xs)i think the off white stone color is true to the picture. i will be wearing this dress as my wedding dress for our small intimidate wedding. i can't wait.",0.9998533725738525,35-44
18427,876,28,Gorgeous top! perfect for summer!,"Absolutely love this top! i've been on the lookout for a cute cotton top, something that'd be ideal for summertime. this beautiful piece doesn't disappoint. the color pairing - white cotton base and lovely red thread embroidery - looks stunning. not the mention the unique back detailing makes it a must-have. highly recommend.",5,1,1,General,Tops,Knits,"Gorgeous top! perfect for summer!. Absolutely love this top! i've been on the lookout for a cute cotton top, something that'd be ideal for summertime. this beautiful piece doesn't disappoint. the color pairing - white cotton base and lovely red thread embroidery - looks stunning. not the mention the unique back detailing makes it a must-have. highly recommend.",0.9998688697814941,25-34
11573,835,59,Beautiful,"Very feminine, fun and if you like this style i highly recommend. i am a 6/8 and both fit the same so i went with the 6- 36c bust 29 waist-short torso. fabric nice and light and i need no cami! very attractive blouse and very retailer.",5,1,7,General,Tops,Blouses,"Beautiful. Very feminine, fun and if you like this style i highly recommend. i am a 6/8 and both fit the same so i went with the 6- 36c bust 29 waist-short torso. fabric nice and light and i need no cami! very attractive blouse and very retailer.",0.9996325969696045,55+
19318,895,51,Short torso and static cling problem,"This top is pretty and i'm sad it didn't work out for me. i'm 5'9, 145 lbs and i found it to be short and boxy in the torso (tried on a s, m and l). also material in the front is super staticky - i hate that feeling.",3,0,0,General,Tops,Fine gauge,"Short torso and static cling problem. This top is pretty and i'm sad it didn't work out for me. i'm 5'9, 145 lbs and i found it to be short and boxy in the torso (tried on a s, m and l). also material in the front is super staticky - i hate that feeling.",-0.9956924319267273,45-54
21882,1022,55,"Not loving the extra stretchy fabric, part 2","Long-time ag jeans fan. lately though, i'm finding the material is much too stretchy. i wanted a good pair of jeans. if i wanted pajama jeans, i would've ordered them. i found the same thing with the prima jeans i ordered (same review there).
so back both pairs went. 
it's a shame because the color was as pictured and just what i wanted. if only they had been made out of actual jeans material.",2,0,9,General,Bottoms,Jeans,"Not loving the extra stretchy fabric, part 2. Long-time ag jeans fan. lately though, i'm finding the material is much too stretchy. i wanted a good pair of jeans. if i wanted pajama jeans, i would've ordered them. i found the same thing with the prima jeans i ordered (same review there).
so back both pairs went. 
it's a shame because the color was as pictured and just what i wanted. if only they had been made out of actual jeans material.",-0.9990536570549011,45-54
17704,1092,57,Cute style!,"Dress is darling and well made. however, it runs very large. i tried to size down but then it became a little short in xsp. would be great for taller slim women. the style is so cute. the online picture does not do it justice.",4,1,0,General,Dresses,Dresses,"Cute style!. Dress is darling and well made. however, it runs very large. i tried to size down but then it became a little short in xsp. would be great for taller slim women. the style is so cute. the online picture does not do it justice.",-0.9927524328231812,55+
7159,1100,31,In love,"I swooned over this dress when it first came online. i had never worn a petite size before so i wasn't sure about the fit. i am curvy (34dd-27-42) and normally wear a size 8 dress, but the 6p fit me like it was made for my body. i think this is because the dress runs large, but i really really enjoyed the fit. the quality of the lace is evident immediately and the color is more of a cornflower blue, which i adore. the lace feels like a soft cotton, but has a lot of strength to it. cannot recomme",5,1,3,General Petite,Dresses,Dresses,"In love. I swooned over this dress when it first came online. i had never worn a petite size before so i wasn't sure about the fit. i am curvy (34dd-27-42) and normally wear a size 8 dress, but the 6p fit me like it was made for my body. i think this is because the dress runs large, but i really really enjoyed the fit. the quality of the lace is evident immediately and the color is more of a cornflower blue, which i adore. the lace feels like a soft cotton, but has a lot of strength to it. cannot recomme",0.9994614720344543,25-34
9573,1066,42,Love these pants,"Not long ago, i bought a pair of hei hei pants that i love, so when i saw these, i immediately tried them on. i love them too. they are pretty and comfortable, and i am so happy to get away from tight jeans! they are also very flattering. size wise, i find that i have to size down with hei hei, perhaps because they have a looser cut.",5,1,1,General Petite,Bottoms,Pants,"Love these pants. Not long ago, i bought a pair of hei hei pants that i love, so when i saw these, i immediately tried them on. i love them too. they are pretty and comfortable, and i am so happy to get away from tight jeans! they are also very flattering. size wise, i find that i have to size down with hei hei, perhaps because they have a looser cut.",0.999115526676178,35-44
20501,860,48,Little overwhelming on me,"I had high hopes for this cool top. i ordered it in xxs because no petites were available at the time, and i think the size is just right (i'm +/- 105 lbs, 34aa). i just suspect it looks better on people with broad shoulders, like the models'; mine are kind of narrow. plus, crew necks aren't the most flattering neckline on me. i would say it's fairly short, just barely covering my belt, so on taller people it may be cropped, and the waist is kind of fitted, as shown. i love that it's cotton, mad",4,1,31,General Petite,Tops,Knits,"Little overwhelming on me. I had high hopes for this cool top. i ordered it in xxs because no petites were available at the time, and i think the size is just right (i'm +/- 105 lbs, 34aa). i just suspect it looks better on people with broad shoulders, like the models'; mine are kind of narrow. plus, crew necks aren't the most flattering neckline on me. i would say it's fairly short, just barely covering my belt, so on taller people it may be cropped, and the waist is kind of fitted, as shown. i love that it's cotton, mad",-0.8633443713188171,45-54
13792,1078,57,Potato sack,"I look like i put a baggy bag over my head. also, the material really seemed like fake velvet to me.",1,0,1,General,Dresses,Dresses,"Potato sack. I look like i put a baggy bag over my head. also, the material really seemed like fake velvet to me.",-0.999218225479126,55+
12265,1059,57,Just okay,"I was so excited to receive this romper. it's a great material, but it's actually a bit drab. the colors are very bland and the flowers just hang. it's not flattering as it is very roomy.",3,0,0,General,Bottoms,Pants,"Just okay. I was so excited to receive this romper. it's a great material, but it's actually a bit drab. the colors are very bland and the flowers just hang. it's not flattering as it is very roomy.",-0.5241421461105347,55+
21562,1051,42,"True red, true beauty.","These pants are gorgeous--the fabric has a satiny stretch that simply feels decadent on. i tried on the size 0 and 2 and though they both fit, the size 2 was more flattering (i'm 5' 8"" 120lbs). compared to cartonnier's capris (which i love and wear a size 4 in), the fabric and construction on these is superior. and the color is knockout red.",5,1,0,General,Bottoms,Pants,"True red, true beauty.. These pants are gorgeous--the fabric has a satiny stretch that simply feels decadent on. i tried on the size 0 and 2 and though they both fit, the size 2 was more flattering (i'm 5' 8"" 120lbs). compared to cartonnier's capris (which i love and wear a size 4 in), the fabric and construction on these is superior. and the color is knockout red.",0.9992837309837341,35-44
13553,927,27,Nice casual piece,This piece was really great for summer. you can wear it dressed up or down. i wore it over another green retailer dress with wedges. i usually never layer clothes but it just made sense. i love it?,4,1,0,General Petite,Tops,Sweaters,Nice casual piece. This piece was really great for summer. you can wear it dressed up or down. i wore it over another green retailer dress with wedges. i usually never layer clothes but it just made sense. i love it?,0.999806821346283,25-34
11496,868,48,"Pretty, if you have an alterations whiz","Gorgeous sleeves, flattering neckline...and a voluminous torso. i loved the fit of the top portion so much, i decided to buy it, knowing it would require alteration. the seamstress removed a *significant* amount of bulk and added vintage buttons to clasp the inverted pleat. i find many of these ""easy breezy"" tops create a shapeless look. extra volume in both the front and back creates a needlessly rotund profile. despite excellent posture, i looked both hunched and pregnant in the unaltered silh",3,0,0,General,Tops,Knits,"Pretty, if you have an alterations whiz. Gorgeous sleeves, flattering neckline...and a voluminous torso. i loved the fit of the top portion so much, i decided to buy it, knowing it would require alteration. the seamstress removed a *significant* amount of bulk and added vintage buttons to clasp the inverted pleat. i find many of these ""easy breezy"" tops create a shapeless look. extra volume in both the front and back creates a needlessly rotund profile. despite excellent posture, i looked both hunched and pregnant in the unaltered silh",-0.9899052977561951,45-54
17058,944,41,Soft and lovely.,"Pretty detail, fits nicely. i feel it runs very tts. it's a lot, though. fuzzy and detailed. it definitely takes over the outfit. i wonder about shedding as well if you pair it with dark pants or jeans...? it would be gorgeous with simple winter white pants at a holiday event. still on the fence, i don't know if its for me.",4,1,0,General,Tops,Sweaters,"Soft and lovely.. Pretty detail, fits nicely. i feel it runs very tts. it's a lot, though. fuzzy and detailed. it definitely takes over the outfit. i wonder about shedding as well if you pair it with dark pants or jeans...? it would be gorgeous with simple winter white pants at a holiday event. still on the fence, i don't know if its for me.",0.9997519850730896,35-44
14800,1055,39,Adorable menswear look,"I was a little hesitant to buy these given that i am just 5'1"" - i didn't want to look like an extra from the set of ""newsies."" but these are very well made and tailored for a woman's body...the trousers actually accentuate the waist and the cropped leg works well for a petite frame. they are nicely lined and the wool blend is soft and not scratchy. i love them!",5,1,8,General Petite,Bottoms,Pants,"Adorable menswear look. I was a little hesitant to buy these given that i am just 5'1"" - i didn't want to look like an extra from the set of ""newsies."" but these are very well made and tailored for a woman's body...the trousers actually accentuate the waist and the cropped leg works well for a petite frame. they are nicely lined and the wool blend is soft and not scratchy. i love them!",0.9997490048408508,35-44
3414,860,26,Nice tunic,"I like this tunic. it is quite long and print in blue looks good with the butterflies. it feels very hot though! maybe better for winter. the sleeves are linen, i usually don't like linen much, it feels scratchy. this top works better in colder weather due to the sleeves and length of top. more like a tunic. i recommend it but am sending it back because i need something for summer.",4,1,8,General,Tops,Knits,"Nice tunic. I like this tunic. it is quite long and print in blue looks good with the butterflies. it feels very hot though! maybe better for winter. the sleeves are linen, i usually don't like linen much, it feels scratchy. this top works better in colder weather due to the sleeves and length of top. more like a tunic. i recommend it but am sending it back because i need something for summer.",-0.7173863649368286,25-34
15690,945,36,Love it!,"Loved this vest when i tried it on in the store, and ordered it during the last sale.   i usually wear a medium, and the xs/s fit much better than the m/l.   getting excited for fall!   now if the weather would cooperate, so i can wear this cute new vest!",5,1,0,General,Tops,Sweaters,"Love it!. Loved this vest when i tried it on in the store, and ordered it during the last sale.   i usually wear a medium, and the xs/s fit much better than the m/l.   getting excited for fall!   now if the weather would cooperate, so i can wear this cute new vest!",0.9997498393058777,35-44
15083,872,35,The circus is in town,"At first i was taken by the beautiful lacework and the pictures online showing what appeared to be a loose but shaped silhouette. the pictures must have been staged with pins in the back because, in person, the shirt fits like a circus tent. without exaggeration, there is a surplus of about 16 inches.

the material is still beautiful. and because of that, i haven't decided whether i'll return this shirt or try cutting out some excess fabric to create a cleaner, more fitted shape.",2,0,0,General,Tops,Knits,"The circus is in town. At first i was taken by the beautiful lacework and the pictures online showing what appeared to be a loose but shaped silhouette. the pictures must have been staged with pins in the back because, in person, the shirt fits like a circus tent. without exaggeration, there is a surplus of about 16 inches.

the material is still beautiful. and because of that, i haven't decided whether i'll return this shirt or try cutting out some excess fabric to create a cleaner, more fitted shape.",0.9547408223152161,25-34
20362,1078,39,So in love,"The turquoise print is absolutely stunning. i love the feel of the fabric, the drape",5,1,0,General Petite,Dresses,Dresses,"So in love. The turquoise print is absolutely stunning. i love the feel of the fabric, the drape",0.9998767375946045,35-44
19644,877,67,Best t-shirt,Love this t-shirt....i will be wearing this until it wears out. very soft; great fit; and very comfortable....,5,1,2,General,Tops,Knits,Best t-shirt. Love this t-shirt....i will be wearing this until it wears out. very soft; great fit; and very comfortable....,0.9997407793998718,55+
3595,869,37,Dream of a top,"Every once in a while, i randomly pick something from the sales floor that really knocks it out of the park. print is subtle and pretty, crochet neck really lightens up the look of a long top with a lot of coverage. it's cut perfectly--beautifully drapes without being so flowy it's mistaken for maternity. worth full price! word of warning, i saw one top on the rack with a small amount of crochet that was unraveling, so may need to check before buying. i'm usually a size 6-8, purchased size small",5,1,11,General Petite,Tops,Knits,"Dream of a top. Every once in a while, i randomly pick something from the sales floor that really knocks it out of the park. print is subtle and pretty, crochet neck really lightens up the look of a long top with a lot of coverage. it's cut perfectly--beautifully drapes without being so flowy it's mistaken for maternity. worth full price! word of warning, i saw one top on the rack with a small amount of crochet that was unraveling, so may need to check before buying. i'm usually a size 6-8, purchased size small",0.998810887336731,35-44
4266,1068,47,I will live in these pants the rest of my life,"Seriously, most comfortable pants ever!!! fabric feels very luxe. are they dressy enough for the office? i don't care, they feel that great.",5,1,0,General Petite,Bottoms,Pants,"I will live in these pants the rest of my life. Seriously, most comfortable pants ever!!! fabric feels very luxe. are they dressy enough for the office? i don't care, they feel that great.",0.9975010752677917,45-54
14415,1078,36,"Pretty dress, bad fit","This dress is very cute! i loved it. the quality is excellent. however, the fit is off. i'm 5""1, 107lbs, 32c. this dress was roomy in the bust and was a little too broad shouldered. it was tight around the waist. this caused creasing and buldging in the back. the color is much more vibrant in person. i would have kept it, if it fit properly.",3,1,0,General Petite,Dresses,Dresses,"Pretty dress, bad fit. This dress is very cute! i loved it. the quality is excellent. however, the fit is off. i'm 5""1, 107lbs, 32c. this dress was roomy in the bust and was a little too broad shouldered. it was tight around the waist. this caused creasing and buldging in the back. the color is much more vibrant in person. i would have kept it, if it fit properly.",0.6453584432601929,35-44
2735,872,66,Adorable but different than i expected,This top caught my eye right away and i had to have it! i am obsessed with everything off the shoulder and this is a great transition piece to wear that off the shoulder look well into fall. i was expecting the fabric to be a little lighter and i did't realize there would be a ribbed texture to the fabric. the shirt is also very long and i feel as though it runs large. that being said it looks super cute on and i intend to style it just as shown in these pictures with zipper accented skinny jean,4,1,5,General,Tops,Knits,Adorable but different than i expected. This top caught my eye right away and i had to have it! i am obsessed with everything off the shoulder and this is a great transition piece to wear that off the shoulder look well into fall. i was expecting the fabric to be a little lighter and i did't realize there would be a ribbed texture to the fabric. the shirt is also very long and i feel as though it runs large. that being said it looks super cute on and i intend to style it just as shown in these pictures with zipper accented skinny jean,0.967296838760376,55+
4191,1025,32,Great classic boyfriend jean (not distressed),"I bought these in the store yesterday and am thrilled with them.

sizing: they run large. i am glad i bought them in store because i was planning to buy the 28s and the 26s fit instead. for reference, i am 5'4"", athletic, postpartum, 135 pounds. 

fit: inseam is very long. waist is a flattering v-shape, versus straight across the midline. i find these a little lower rise than i'd ideally choose--they hit around 2 inches below my navel. the back pockets are small and high. i find the butt are",5,1,2,General Petite,Bottoms,Jeans,"Great classic boyfriend jean (not distressed). I bought these in the store yesterday and am thrilled with them.

sizing: they run large. i am glad i bought them in store because i was planning to buy the 28s and the 26s fit instead. for reference, i am 5'4"", athletic, postpartum, 135 pounds. 

fit: inseam is very long. waist is a flattering v-shape, versus straight across the midline. i find these a little lower rise than i'd ideally choose--they hit around 2 inches below my navel. the back pockets are small and high. i find the butt are",-0.9588503837585449,25-34
22770,335,34,Amazing pair of leggings!,The fabric is super soft and the quality is just exceptional. the pattern/coloring is even more beautiful in person. overall an excellent pair of leggings to work out in or run errands in.,5,1,1,General Petite,Intimate,Lounge,Amazing pair of leggings!. The fabric is super soft and the quality is just exceptional. the pattern/coloring is even more beautiful in person. overall an excellent pair of leggings to work out in or run errands in.,0.9998781681060791,25-34
3520,872,62,Loved so much i bought both!,"Immediately loved this when i saw it online and even more in person. i'm only 5'1' so i tried the petite sizing first but ended up buying the regular in an xs for the slightly longer length. the regular fit me like the model in length and i probably could have taken the xxs except the sleeves were too narrow in that size. i like that the cuffs are long so if you have to turn it up (like i do) it doesn't look weird. also, i found the fit flattering at the hips, following my hourglass shape withou",5,1,11,General,Tops,Knits,"Loved so much i bought both!. Immediately loved this when i saw it online and even more in person. i'm only 5'1' so i tried the petite sizing first but ended up buying the regular in an xs for the slightly longer length. the regular fit me like the model in length and i probably could have taken the xxs except the sleeves were too narrow in that size. i like that the cuffs are long so if you have to turn it up (like i do) it doesn't look weird. also, i found the fit flattering at the hips, following my hourglass shape withou",0.9256389141082764,55+
18504,825,47,Sad :(,"I love this top so much online. i received it yesterday in the mail and unfortunately i am very disappointed.  there is nothing wrong with the quality but i do think it looks more appealing online. also, this top is probably not for anyone with a large chest. it looks nice and drapey on the model. when i put it on it just makes me look fat and the top (thanks to my 38dds) looks more like a swing top. i'm sure it's a lovely top on very thin people with a smaller chest.",2,0,0,General,Tops,Blouses,"Sad :(. I love this top so much online. i received it yesterday in the mail and unfortunately i am very disappointed.  there is nothing wrong with the quality but i do think it looks more appealing online. also, this top is probably not for anyone with a large chest. it looks nice and drapey on the model. when i put it on it just makes me look fat and the top (thanks to my 38dds) looks more like a swing top. i'm sure it's a lovely top on very thin people with a smaller chest.",0.7720344066619873,45-54
6756,1033,57,Nice high waisted flare,"I'm so glad to own this one. i just tried it today and fully satisfied as always with pilcro. true to size, perfect color.
high waisted and flare just right. can be paired with cropped top or peasant top. looking taller on this outfit!
best of all i got it on sale!",5,1,0,General Petite,Bottoms,Jeans,"Nice high waisted flare. I'm so glad to own this one. i just tried it today and fully satisfied as always with pilcro. true to size, perfect color.
high waisted and flare just right. can be paired with cropped top or peasant top. looking taller on this outfit!
best of all i got it on sale!",0.999782383441925,55+
3210,903,60,Feminine take on the classic polo,"This polo shirt has just the perfect amount of feminine detail to make it a great addition to my wardrobe. i love the shorter version, and it looks great with both jeans or skirts.",5,1,0,General,Tops,Fine gauge,"Feminine take on the classic polo. This polo shirt has just the perfect amount of feminine detail to make it a great addition to my wardrobe. i love the shorter version, and it looks great with both jeans or skirts.",0.9998364448547363,55+
524,1104,26,Great dress,I absolutely love everything about this dress. it can be dressed up or down. no complaints.,5,1,4,General,Dresses,Dresses,Great dress. I absolutely love everything about this dress. it can be dressed up or down. no complaints.,0.9998750686645508,25-34
9216,1104,25,Beautiful flowy dress,"This dress is beautiful and delicate, so flattering! runs a little big- slightly looser fit- got the size small, usually a 6-8, and it is perfect. the slip included is very sheer however, so i am using a different black slip for mine.",5,1,0,General,Dresses,Dresses,"Beautiful flowy dress. This dress is beautiful and delicate, so flattering! runs a little big- slightly looser fit- got the size small, usually a 6-8, and it is perfect. the slip included is very sheer however, so i am using a different black slip for mine.",0.9998363256454468,<25
13095,850,38,Super cute but embroidery is stiff,"Tried on standard xs and the photo on-line is slightly misleading as i thought that there were more colors involved in the embroidery pattern. in person, the pattern is not as intricate with only 2 solid colors. the body of the shirt is light, airy/billowy, not as form grazing like on the model..which i don't mind. i still love the top but would have to go for a petite xs or even a petite xxs so that it would be a little more fitted all around. note that the embroidery on the dã©colletã© feels lik",4,1,1,General,Tops,Blouses,"Super cute but embroidery is stiff. Tried on standard xs and the photo on-line is slightly misleading as i thought that there were more colors involved in the embroidery pattern. in person, the pattern is not as intricate with only 2 solid colors. the body of the shirt is light, airy/billowy, not as form grazing like on the model..which i don't mind. i still love the top but would have to go for a petite xs or even a petite xxs so that it would be a little more fitted all around. note that the embroidery on the dã©colletã© feels lik",-0.9865875840187073,35-44
20032,1075,34,Almost perfect,"The cut and print of this dress is beautiful. however, the armhole is way too low, which is a reoccurring problem with anything sleeveless from retailer these days. please don't drop the armholes so low, most women do not want their bra completely showing every time you lift your arm!",3,1,0,General Petite,Dresses,Dresses,"Almost perfect. The cut and print of this dress is beautiful. however, the armhole is way too low, which is a reoccurring problem with anything sleeveless from retailer these days. please don't drop the armholes so low, most women do not want their bra completely showing every time you lift your arm!",-0.8916699290275574,25-34
2030,1095,64,Very cute but...,"I ordered a 6p in this dress so it wld fall above my knees & be slightly smaller than a regular 6. sometimes a regular size 4 works, sometimes a 6. typically a regular size 6 is big on me. i am 5'3"", 118#, 36c. just recd the 6p in the mail. the first thing i noticed is that it's s a knit fabric that looks & feels like polyester although says 'cotton' on the inside label. i think it wld be a bit warm in hot weather, but that is just my observation. the main problem is that it is too big on each s",4,1,9,General Petite,Dresses,Dresses,"Very cute but.... I ordered a 6p in this dress so it wld fall above my knees & be slightly smaller than a regular 6. sometimes a regular size 4 works, sometimes a 6. typically a regular size 6 is big on me. i am 5'3"", 118#, 36c. just recd the 6p in the mail. the first thing i noticed is that it's s a knit fabric that looks & feels like polyester although says 'cotton' on the inside label. i think it wld be a bit warm in hot weather, but that is just my observation. the main problem is that it is too big on each s",-0.9940555095672607,55+
12774,215,42,Long legs required,"Nice quality, but enough material for two sets of tights. can scrunch up at the bottom for a different look.",4,1,1,Initmates,Intimate,Legwear,"Long legs required. Nice quality, but enough material for two sets of tights. can scrunch up at the bottom for a different look.",-0.8935682773590088,35-44
3869,1081,53,,"I really want to like this dress - it's beautiful, but it just fits like a sack. the yoke exaggerates my bust and the dress makes me look 20 lbs heavier. perhaps if you are tall and thin like the mode, or small chested, it would be great! the quality and color is beautiful.",3,0,1,General Petite,Dresses,Dresses,". I really want to like this dress - it's beautiful, but it just fits like a sack. the yoke exaggerates my bust and the dress makes me look 20 lbs heavier. perhaps if you are tall and thin like the mode, or small chested, it would be great! the quality and color is beautiful.",0.9721472263336182,45-54
6317,938,35,"Great consept, didn't work on me","I really liked this cardigan when i saw it today. the cut and detail in the back is slimming and very flattering. i love the idea of the safety pin closure, and i really like how the model wears it in this photo-open with the pin on the side. when i saw this in-store, it was closed in the front with the pin, which i also like. i thought for sure the cardigan was also pinned in back when i saw it in the model, so it looked fantastic. however, when i tried it on myself, it wasn't quite the same.",3,0,17,General Petite,Tops,Sweaters,"Great consept, didn't work on me. I really liked this cardigan when i saw it today. the cut and detail in the back is slimming and very flattering. i love the idea of the safety pin closure, and i really like how the model wears it in this photo-open with the pin on the side. when i saw this in-store, it was closed in the front with the pin, which i also like. i thought for sure the cardigan was also pinned in back when i saw it in the model, so it looked fantastic. however, when i tried it on myself, it wasn't quite the same.",0.9941816926002502,25-34
8477,863,44,Big flowy tee,I wanted to love this shirt but it quickly lost shape and a hole was created in the middle of the shirt after just a few washes. not worth the price. poorly made. you need to wear a shirt underneath bc it is so thin. the shirt looks better int he picture. i like it but it wears terribly.,3,0,0,General,Tops,Knits,Big flowy tee. I wanted to love this shirt but it quickly lost shape and a hole was created in the middle of the shirt after just a few washes. not worth the price. poorly made. you need to wear a shirt underneath bc it is so thin. the shirt looks better int he picture. i like it but it wears terribly.,-0.9997246861457825,35-44
19997,899,45,Great fall cardigan,"Very comfortable, well made, great with leggings or skinny jeans.",5,1,1,General,Tops,Fine gauge,"Great fall cardigan. Very comfortable, well made, great with leggings or skinny jeans.",0.9998125433921814,35-44
2768,972,72,,"The kimono is as pictured. the colors are true to what is shown on line, though the description indicates ""green multi""--it is not green. i returned the item, however. the quality is fine, but it seemed extremely over-priced to me. it seems to me that half the price would be fair for the quality.",3,0,5,General,Jackets,Jackets,". The kimono is as pictured. the colors are true to what is shown on line, though the description indicates ""green multi""--it is not green. i returned the item, however. the quality is fine, but it seemed extremely over-priced to me. it seems to me that half the price would be fair for the quality.",-0.9956438541412354,55+
5773,868,61,"Versatile, comfortable, quality","I bought this shirt in white, i have worn it 2 ways so far and love it. i wore it under a pull over and had the tail ends stick out and it was great that way, and i wore it with a long cardigan. i received a lot of compliments on it. i will be buying it in red!!",5,1,0,General,Tops,Knits,"Versatile, comfortable, quality. I bought this shirt in white, i have worn it 2 ways so far and love it. i wore it under a pull over and had the tail ends stick out and it was great that way, and i wore it with a long cardigan. i received a lot of compliments on it. i will be buying it in red!!",0.999858021736145,55+
15474,974,44,,"This is the tiniest blazer i've ever purchased in a size 10. i usually wear an 8, but sized up based on other reviews and it was still too small. it's very attractive but please size true to size",1,0,5,General,Jackets,Jackets,". This is the tiniest blazer i've ever purchased in a size 10. i usually wear an 8, but sized up based on other reviews and it was still too small. it's very attractive but please size true to size",0.9922288060188293,35-44
907,1008,46,Georgeous skirt,"I love the fabric, since it's fall wasn't expecting it to be light. but its not heavy either. just the right balance.
this is one of those classics. i love the collage like pattern of the fabric.
the fit is true to size and looks great with bootie/boots. (dressed up or down).",5,1,2,General Petite,Bottoms,Skirts,"Georgeous skirt. I love the fabric, since it's fall wasn't expecting it to be light. but its not heavy either. just the right balance.
this is one of those classics. i love the collage like pattern of the fabric.
the fit is true to size and looks great with bootie/boots. (dressed up or down).",0.999794065952301,45-54
13087,1037,36,Flattering and comfortable,"I bought these in light grey and navy. they are both beautiful. high quality,very flattering, and so comfortable! i love them! they're a perfect long length. i have long legs and it can be challenging finding a good length in pants. the pockets are deep and functional, which is rare in women's pants. they are more than i like to spend, but i will get a lot of wear out of them. they look and feel fantastic. i highly recommend these!",5,1,0,General Petite,Bottoms,Jeans,"Flattering and comfortable. I bought these in light grey and navy. they are both beautiful. high quality,very flattering, and so comfortable! i love them! they're a perfect long length. i have long legs and it can be challenging finding a good length in pants. the pockets are deep and functional, which is rare in women's pants. they are more than i like to spend, but i will get a lot of wear out of them. they look and feel fantastic. i highly recommend these!",0.9996342658996582,35-44
8214,867,39,Awesome blouse,This blouse is flattering and fits great. i also have the other color in cream with the floral design. very nice!,5,1,0,General Petite,Tops,Knits,Awesome blouse. This blouse is flattering and fits great. i also have the other color in cream with the floral design. very nice!,0.9998786449432373,35-44
18533,820,58,Flowing comfort,I love love this top.  it is so pretty!  i am stopped by strangers complimenting me on it. it is so flattering.  i wear a cami under it and find it perfect!  it hits at the perfect length below the waist on my jeans.  it's easy to throw on and go.  casual but dressy.  the sleeves do bell out so you may need to watch them when you eat.  i've accidentally caught them on my plate.  the shirts washes well.,5,1,0,General Petite,Tops,Blouses,Flowing comfort. I love love this top.  it is so pretty!  i am stopped by strangers complimenting me on it. it is so flattering.  i wear a cami under it and find it perfect!  it hits at the perfect length below the waist on my jeans.  it's easy to throw on and go.  casual but dressy.  the sleeves do bell out so you may need to watch them when you eat.  i've accidentally caught them on my plate.  the shirts washes well.,0.9996417760848999,55+
4811,829,27,,"Must have - i splurged on the white style and red style; couldn't choose between the two. shape of shirt worked for me. the white style isn't too thin that you have to wear something underneath. costly for the quality of fabric, but i had a gift card, and it is retailer after all.",5,1,0,General,Tops,Blouses,". Must have - i splurged on the white style and red style; couldn't choose between the two. shape of shirt worked for me. the white style isn't too thin that you have to wear something underneath. costly for the quality of fabric, but i had a gift card, and it is retailer after all.",0.872824490070343,25-34
4066,828,50,Beautiful boho top,"Love this top , although it ran very small in bust and arms , i'm normally a medium will have to return for a large!",3,1,1,General,Tops,Blouses,"Beautiful boho top. Love this top , although it ran very small in bust and arms , i'm normally a medium will have to return for a large!",0.9997766613960266,45-54
6378,1082,39,Nice ivory vintag-y,"I tried on a regular size at the store, and definitely need petite (5'1.5', 115 lbs). the dress is comfrotbale, and the ivory color gives it a victorian feel. the sleeves are nice a cover the shoulder in a flattrering spot, where hte muscles meet. there is alining, so not see-through. length was too long, why i need petie, also loose-fitting, i would like it more a little more fitted, jsut a bit.",4,1,25,General,Dresses,Dresses,"Nice ivory vintag-y. I tried on a regular size at the store, and definitely need petite (5'1.5', 115 lbs). the dress is comfrotbale, and the ivory color gives it a victorian feel. the sleeves are nice a cover the shoulder in a flattrering spot, where hte muscles meet. there is alining, so not see-through. length was too long, why i need petie, also loose-fitting, i would like it more a little more fitted, jsut a bit.",0.9638731479644775,35-44
21398,1095,39,,"This is a beautiful dress, just not for me though. since i'm 5'10"" it hit me 2-3"" over my knees. the colors are vibrant- would look good on most!",4,1,0,General,Dresses,Dresses,". This is a beautiful dress, just not for me though. since i'm 5'10"" it hit me 2-3"" over my knees. the colors are vibrant- would look good on most!",0.9998514652252197,35-44
19123,1078,46,Cute dress!,"I love the bright red color and also the texture of fabric. it's light, soft and crisp, which is perfect for summer days. the dress is definitely designed for people with a short torso. the waste line is a bit high for me, but overall it didn't feel weird or look funny. there is just something about this dress that made me very difficult to part with. once i tried it on, i had to bring it home with me!",5,1,3,General Petite,Dresses,Dresses,"Cute dress!. I love the bright red color and also the texture of fabric. it's light, soft and crisp, which is perfect for summer days. the dress is definitely designed for people with a short torso. the waste line is a bit high for me, but overall it didn't feel weird or look funny. there is just something about this dress that made me very difficult to part with. once i tried it on, i had to bring it home with me!",0.9888592958450317,45-54
17258,1072,40,,"I am so glad i read the reviews for this before i purchased it. i am 5'5 and 135 pounds and normally wear a size 6 in dresses. i would normally buy a small, but sized down to an xs and it was perfect! it's a beautiful dress and very flattering!",5,1,0,General,Dresses,Dresses,". I am so glad i read the reviews for this before i purchased it. i am 5'5 and 135 pounds and normally wear a size 6 in dresses. i would normally buy a small, but sized down to an xs and it was perfect! it's a beautiful dress and very flattering!",0.9994693398475647,35-44
1236,1094,60,The lady dress,"If there ever was the perfect feminine dress, this would be it .",5,1,1,General,Dresses,Dresses,"The lady dress. If there ever was the perfect feminine dress, this would be it .",-0.9839622974395752,55+
12815,555,39,Nice quality,"This dress runs tts. the fabric is a good quality, and it has pockets. i am about 5'5"", and it hit just above the knee. i really wanted to keep it, but it hit me at an odd spot and not on my waistline. this made the dress look awkwardly full and me look hippy (despite the fact that my waist is 26"" and my hips are 35"").",4,1,16,General,Trend,Trend,"Nice quality. This dress runs tts. the fabric is a good quality, and it has pockets. i am about 5'5"", and it hit just above the knee. i really wanted to keep it, but it hit me at an odd spot and not on my waistline. this made the dress look awkwardly full and me look hippy (despite the fact that my waist is 26"" and my hips are 35"").",-0.9870017766952515,35-44
6216,829,53,Traditional material in a new way,Love the movement of the blouse and how it falls. great quality material.,1,1,0,General,Tops,Blouses,Traditional material in a new way. Love the movement of the blouse and how it falls. great quality material.,0.999859094619751,45-54
22615,886,30,Great top,"This is a lovely top! sooo soft, very flattering draping if you have a bit of a tummy. i wasn't sure about it on the hanger but was pleasantly surprised when i tried it on- very glad i have it a chance!",5,1,1,General Petite,Tops,Knits,"Great top. This is a lovely top! sooo soft, very flattering draping if you have a bit of a tummy. i wasn't sure about it on the hanger but was pleasantly surprised when i tried it on- very glad i have it a chance!",0.9998241066932678,25-34
12326,1022,32,Great fit,"These pants fit true to size. i have a small waist and curvy hips, and while i have always loved the low rise ag stevie, these offer more coverage at the back with the same great slim fit through the leg. the length is also great for those of us who are not super tall. the have some stretch but i wore them several times without washing and the never got baggy in the knees or other stretch points. i own two other pairs of ag stevie in traditional denim and they still look great after years of wea",5,1,1,General,Bottoms,Jeans,"Great fit. These pants fit true to size. i have a small waist and curvy hips, and while i have always loved the low rise ag stevie, these offer more coverage at the back with the same great slim fit through the leg. the length is also great for those of us who are not super tall. the have some stretch but i wore them several times without washing and the never got baggy in the knees or other stretch points. i own two other pairs of ag stevie in traditional denim and they still look great after years of wea",0.9984096884727478,25-34
289,984,55,Almost perfect denim jacket,"Love this denim jacket (also have it in white) the reason i didn't give it 5 stars all around is the distressing is just a bit too much (none on the back which is kind of strange). i'd love it even more if it wasn't distressed at all, then it could be dressed up much more for work. but overall it's my favorite, great fit and a bit of stretch so very comfy. please make this in some other denim colors!",5,1,0,General Petite,Jackets,Jackets,"Almost perfect denim jacket. Love this denim jacket (also have it in white) the reason i didn't give it 5 stars all around is the distressing is just a bit too much (none on the back which is kind of strange). i'd love it even more if it wasn't distressed at all, then it could be dressed up much more for work. but overall it's my favorite, great fit and a bit of stretch so very comfy. please make this in some other denim colors!",0.9969021081924438,45-54
17871,1003,61,Feminine skirt,"I really like this skirt but unfortunately there is no lining, so it's a bit see through under the light. also there is no hook at the top of the zipper to secure the skirt. i just think that with this kind of price, the skirt should come at least with the lining. otherwise, it's beautiful skirt, flowy and very feminine.",3,1,6,General,Bottoms,Skirts,"Feminine skirt. I really like this skirt but unfortunately there is no lining, so it's a bit see through under the light. also there is no hook at the top of the zipper to secure the skirt. i just think that with this kind of price, the skirt should come at least with the lining. otherwise, it's beautiful skirt, flowy and very feminine.",0.9699636101722717,55+
1434,1094,59,Not good quality,"The dress is just ok. i cannot imagine having paid full price for this. i got it for florida vacation. i put it on to wear to church first and spilled a drop of lavender oil on it and it stained!!!! cant get it out. thats punk for a dress that even on sale is like. 
sending back",2,0,2,General,Dresses,Dresses,"Not good quality. The dress is just ok. i cannot imagine having paid full price for this. i got it for florida vacation. i put it on to wear to church first and spilled a drop of lavender oil on it and it stained!!!! cant get it out. thats punk for a dress that even on sale is like. 
sending back",0.8639827370643616,55+
5710,819,59,,"Love this top-i love the colors, flow and that you can wear with a regular bra and straps are covered. i was torn between the xs and s but went with the s due to length. have already worn several times with a casual white jean summer skirt and crops. love love love.",5,1,3,General,Tops,Blouses,". Love this top-i love the colors, flow and that you can wear with a regular bra and straps are covered. i was torn between the xs and s but went with the s due to length. have already worn several times with a casual white jean summer skirt and crops. love love love.",0.9992088675498962,55+
9720,1056,33,Good 'ol pilcros,They're the same quality and fit as my hyphens from last year. easy purchase!,5,1,0,General,Bottoms,Pants,Good 'ol pilcros. They're the same quality and fit as my hyphens from last year. easy purchase!,0.9995660185813904,25-34
336,895,32,,"This is a great piece to help ease on in to the chillier days of fall and winter. it's versatile- i can see myself wearing it with plain short or long sleeved tees or even tops with more elaborate padderns or button downs! there's so many options i cannot wait to put this gorgeous piece to use! just as an fyi, the sleeve openings are slightly unfinished and have a frayed effect to them. this may not even be noticeable if you're not looking right up close. for me, this adds to the unique quality",5,1,2,General,Tops,Fine gauge,". This is a great piece to help ease on in to the chillier days of fall and winter. it's versatile- i can see myself wearing it with plain short or long sleeved tees or even tops with more elaborate padderns or button downs! there's so many options i cannot wait to put this gorgeous piece to use! just as an fyi, the sleeve openings are slightly unfinished and have a frayed effect to them. this may not even be noticeable if you're not looking right up close. for me, this adds to the unique quality",0.9809973239898682,25-34
8909,854,47,Beautiful detail,I love this blouse with a pair of jeans. the neckline is fairly deep but very flattering and feminine. the detail is beautiful.,5,1,0,General,Tops,Knits,Beautiful detail. I love this blouse with a pair of jeans. the neckline is fairly deep but very flattering and feminine. the detail is beautiful.,0.9998618364334106,45-54
14378,1078,35,Nice quality,Saw this in store and could hardly wait to try it on! the print is adorable and colors are vibrant. the material is heavier than i'd like for hot phoenix summers but decided to get it anyway. will be great for work. i noticed that there is a little more room in the chest area of this dress but not a deal breaker. seems to be well made in general and i love the pockets!,5,1,10,General Petite,Dresses,Dresses,Nice quality. Saw this in store and could hardly wait to try it on! the print is adorable and colors are vibrant. the material is heavier than i'd like for hot phoenix summers but decided to get it anyway. will be great for work. i noticed that there is a little more room in the chest area of this dress but not a deal breaker. seems to be well made in general and i love the pockets!,0.999782145023346,25-34
16243,839,54,Chambray top,"I just received the top today, and will send back for a larger size. i am i between a 4 and 6, so tried the 4 thinking it would be boxy. it is very fitted with no opening to assist in pulling over shoulders. i am hoping the 6 is only slightly bigger. the shirt also had a slight musty odor. it's a rather thin chambray....with 3/4 sleeves. the top came to just the top of my jeans, which should work for higher waisted skirts or layering.",4,1,1,General Petite,Tops,Blouses,"Chambray top. I just received the top today, and will send back for a larger size. i am i between a 4 and 6, so tried the 4 thinking it would be boxy. it is very fitted with no opening to assist in pulling over shoulders. i am hoping the 6 is only slightly bigger. the shirt also had a slight musty odor. it's a rather thin chambray....with 3/4 sleeves. the top came to just the top of my jeans, which should work for higher waisted skirts or layering.",-0.9988895058631897,45-54
17974,1036,38,,"Buttons were broken off when i opened the package, stretchy at waist, not good quality for the price.",2,0,0,General,Bottoms,Jeans,". Buttons were broken off when i opened the package, stretchy at waist, not good quality for the price.",-0.9996935129165649,35-44
19007,1052,35,Jumpsuit fever,"I'm liking this jumpsuit, it's not love but it's definitely a like. i typically avoid the elevenses brand since it never seems to fit right but i gave this a try. i usually take a l in other retailer brands but sized up to xl in this and it was a good choice. first off, the material is awesome, super soft and drapey. but i agree with another reviewer who mentioned the zipper being short and it being tough to get into. i found that to be right on, makes it a little hard to get your arms through the",4,1,2,General Petite,Bottoms,Pants,"Jumpsuit fever. I'm liking this jumpsuit, it's not love but it's definitely a like. i typically avoid the elevenses brand since it never seems to fit right but i gave this a try. i usually take a l in other retailer brands but sized up to xl in this and it was a good choice. first off, the material is awesome, super soft and drapey. but i agree with another reviewer who mentioned the zipper being short and it being tough to get into. i found that to be right on, makes it a little hard to get your arms through the",0.9971639513969421,25-34
1655,878,41,Loved it but big,This runs really big. i usually wear s or m so i got a small but i need the xs in this top and it is sold out. i don't have a store close by (about an hour away) and i hate paying shipping for returns! i will either have to plan a trip to the store or try to exchange for size over the phone. i debated keeping the small but it is really too big .... i love the style though!,3,1,0,General,Tops,Knits,Loved it but big. This runs really big. i usually wear s or m so i got a small but i need the xs in this top and it is sold out. i don't have a store close by (about an hour away) and i hate paying shipping for returns! i will either have to plan a trip to the store or try to exchange for size over the phone. i debated keeping the small but it is really too big .... i love the style though!,0.6199160218238831,35-44
6267,927,35,Unexpectedly love it!,This vest is great. i'm wearing with my red striped turtleneck dress i got on sale here. i can see this going with so many outfits. mainly those dresses that might feel a little tight around butt and hip area- this will cover it all. worth full price imo. tts. i'm a 10 and this in m is perfect.,5,1,0,General Petite,Tops,Sweaters,Unexpectedly love it!. This vest is great. i'm wearing with my red striped turtleneck dress i got on sale here. i can see this going with so many outfits. mainly those dresses that might feel a little tight around butt and hip area- this will cover it all. worth full price imo. tts. i'm a 10 and this in m is perfect.,0.9998476505279541,25-34
6545,1020,48,"So flattering, not too short","I'm 5'7"", 120 lbs, size 0 was best.  ordered the green color.  great flattering fit!",5,1,0,General,Bottoms,Skirts,"So flattering, not too short. I'm 5'7"", 120 lbs, size 0 was best.  ordered the green color.  great flattering fit!",0.9993606209754944,45-54
15376,249,25,Quality jacket,"Like the other reviewer said, there's a nice inner lining, and the material of the jacket is just so nice. looks a little like a blazer when worn, but the heather gray makes it a dress up or down sort of piece.",5,1,0,General Petite,Intimate,Lounge,"Quality jacket. Like the other reviewer said, there's a nice inner lining, and the material of the jacket is just so nice. looks a little like a blazer when worn, but the heather gray makes it a dress up or down sort of piece.",0.9997521042823792,<25
592,833,33,Super flattering,Love this top! it is super flattering with a long floaty body. i usually wear a 4 but sized up to a 6 due to the reviews and am happy with it but think a 4 would have fit as well.,5,1,2,General,Tops,Blouses,Super flattering. Love this top! it is super flattering with a long floaty body. i usually wear a 4 but sized up to a 6 due to the reviews and am happy with it but think a 4 would have fit as well.,0.9994803071022034,25-34
14185,1083,27,"Beautiful dress, but required lots of tailoring","This dress is truly a work of art, and i've received many compliments on it. 

be warned, though, that it may require extensive tailoring to fit you. i'm 37-28-40 (so pretty darn hourglass shaped) and 5 feet 3 inches. i ordered the 8p. the dress was still huge in the the waist and not flattering at all. the neckline, also, was too low for my comfort. (if you're busty, necklines get pushed out and more things show.) my tailor was able to bring the neckline up by adding seams in the sleeves and",4,1,0,General,Dresses,Dresses,"Beautiful dress, but required lots of tailoring. This dress is truly a work of art, and i've received many compliments on it. 

be warned, though, that it may require extensive tailoring to fit you. i'm 37-28-40 (so pretty darn hourglass shaped) and 5 feet 3 inches. i ordered the 8p. the dress was still huge in the the waist and not flattering at all. the neckline, also, was too low for my comfort. (if you're busty, necklines get pushed out and more things show.) my tailor was able to bring the neckline up by adding seams in the sleeves and",0.9662267565727234,25-34
17262,825,34,Cute plaid top with a feminine cut,"I like the color and the plaid pattern on this top. the material is soft to the touch and despite being petite, i bought the regular length to pair with tights. it has the feel of a baby doll because of the longer length on me. i quite like the feminine cut of the top which makes it slightly unique as far as plaid tops go. the material also doesn't feel too flimsy or cheap and the top feels well made. it will not be hard to reach for this item as it is a versatile piece, as many reviewers have n",3,1,1,General,Tops,Blouses,"Cute plaid top with a feminine cut. I like the color and the plaid pattern on this top. the material is soft to the touch and despite being petite, i bought the regular length to pair with tights. it has the feel of a baby doll because of the longer length on me. i quite like the feminine cut of the top which makes it slightly unique as far as plaid tops go. the material also doesn't feel too flimsy or cheap and the top feels well made. it will not be hard to reach for this item as it is a versatile piece, as many reviewers have n",0.9994934797286987,25-34
10743,886,29,Crop top or not?,"Color, fabric blend, and pattern are even more beautiful in person! unfortunately, i wont be keeping this due to length. i am only 5'3"" and this top dropped only to about 2 inches below my navel. if you have a short torso, or like the short look, i would recommend this!",4,1,1,General,Tops,Knits,"Crop top or not?. Color, fabric blend, and pattern are even more beautiful in person! unfortunately, i wont be keeping this due to length. i am only 5'3"" and this top dropped only to about 2 inches below my navel. if you have a short torso, or like the short look, i would recommend this!",0.9821857810020447,25-34
13539,909,36,,"This is a great sweater. i gave it four instead of five stars because it runs unusually wide and is a bit boxy. if you like your clothes a little big, this is the sweater for you!",4,1,0,General,Tops,Fine gauge,". This is a great sweater. i gave it four instead of five stars because it runs unusually wide and is a bit boxy. if you like your clothes a little big, this is the sweater for you!",0.9985566735267639,35-44
1548,947,41,Wish it loved me back!!!!,"I adore this sweater. it is so soft and cozy. i ordered two because i really need some good winter sweaters that are forgiving on the pooch but not wool (darn allergies). so i ordered this in the white and black (camel is a bad color for me).

tried on the first sweater when they arrived and it was so comfy i didn't want to take it off. then i looked in the mirror. i'm a tall gal, 5' 11"" with broad shoulders and i weigh about 165, and this sweater was so unflattering! it just made me look big",4,1,1,General,Tops,Sweaters,"Wish it loved me back!!!!. I adore this sweater. it is so soft and cozy. i ordered two because i really need some good winter sweaters that are forgiving on the pooch but not wool (darn allergies). so i ordered this in the white and black (camel is a bad color for me).

tried on the first sweater when they arrived and it was so comfy i didn't want to take it off. then i looked in the mirror. i'm a tall gal, 5' 11"" with broad shoulders and i weigh about 165, and this sweater was so unflattering! it just made me look big",0.543532133102417,35-44
21889,41,34,Everyday tights,These tights are perfect. they seem like they will last a couple seasons with minimal wear. just the slightest texture and not shiny. i got the beige/brown to layer with dresses/skirts and boots. love.,5,1,0,Initmates,Intimate,Legwear,Everyday tights. These tights are perfect. they seem like they will last a couple seasons with minimal wear. just the slightest texture and not shiny. i got the beige/brown to layer with dresses/skirts and boots. love.,0.9609826803207397,25-34
10146,820,53,So disappointed!,"This top is much stiffer, more baby-doll and boxier than pictured. lining is stiff too, and colors more muddy than shown. i wear boho tops all the time and this looked terrible on me (i have broad-ish shoulders and a chest). i thought it would be a fun, drapey top for transition to fall but unfortunately it's going back.",3,0,14,General Petite,Tops,Blouses,"So disappointed!. This top is much stiffer, more baby-doll and boxier than pictured. lining is stiff too, and colors more muddy than shown. i wear boho tops all the time and this looked terrible on me (i have broad-ish shoulders and a chest). i thought it would be a fun, drapey top for transition to fall but unfortunately it's going back.",-0.9993873834609985,45-54
2345,964,39,Surprised i liked this,"I saw a stylist wearing a similar piece from a few seasons ago and commented that i liked it on her. i was told they had a different version (a few actually) and i decided to try it on. it actually is pretty flattering, i had flared jeans on but also could see it with a dress. i left it open, as pictured, tied one button, and also played with the neck and tried a cowl... all very nice.

i debated getting my usual xs petite, but hey, they don't make it in petite, and the stylist thought the loo",5,1,0,General,Jackets,Jackets,"Surprised i liked this. I saw a stylist wearing a similar piece from a few seasons ago and commented that i liked it on her. i was told they had a different version (a few actually) and i decided to try it on. it actually is pretty flattering, i had flared jeans on but also could see it with a dress. i left it open, as pictured, tied one button, and also played with the neck and tried a cowl... all very nice.

i debated getting my usual xs petite, but hey, they don't make it in petite, and the stylist thought the loo",-0.6621817946434021,35-44
6034,1110,39,Runs big,"I bought my usual size medium and it's huge on me. if i sized down, my chubneck wouldn't be comfortable. the buttons are frustrating. the color, the pattten, the style are 100% gorgeous! i think i will belt mine",4,1,0,General Petite,Dresses,Dresses,"Runs big. I bought my usual size medium and it's huge on me. if i sized down, my chubneck wouldn't be comfortable. the buttons are frustrating. the color, the pattten, the style are 100% gorgeous! i think i will belt mine",0.9984796643257141,35-44
14509,864,79,Love it,This is such a cool top/sweater. i like simple designs with a twist and the sleeves add that. great with skinnies and heels,5,1,0,General Petite,Tops,Knits,Love it. This is such a cool top/sweater. i like simple designs with a twist and the sleeves add that. great with skinnies and heels,0.9998776912689209,55+
6219,836,30,"Flirty, fun","Bought this shirt on a whim, and it surpassed my expectations. just enough business, just enough pleasure. i wore it with high waisted skinnies and wedges and stopped counting the compliments! excited to try it in other ways. it's summery in print, but fall ish in color, so i think i can get even more use out of it in the next few months.",5,1,0,General,Tops,Blouses,"Flirty, fun. Bought this shirt on a whim, and it surpassed my expectations. just enough business, just enough pleasure. i wore it with high waisted skinnies and wedges and stopped counting the compliments! excited to try it in other ways. it's summery in print, but fall ish in color, so i think i can get even more use out of it in the next few months.",0.9980548620223999,25-34
10419,996,38,Color is too muted and material is odd,It does run a little small. my regular 2 fit but snug. the colors were drab and the material felt like straw. the lining is really silky and nice. just didn't work for me .,3,0,5,General,Bottoms,Skirts,Color is too muted and material is odd. It does run a little small. my regular 2 fit but snug. the colors were drab and the material felt like straw. the lining is really silky and nice. just didn't work for me .,-0.9620271325111389,35-44
20187,873,56,Super huge top,"I have to return this top. the armholes are huge. the material is on the thin side and not what i expected. i can't size down. i got an xxs. maybe if i had been able to order a petite, it would have fit better. i ordered the red and i liked the color.",2,0,0,General Petite,Tops,Knits,"Super huge top. I have to return this top. the armholes are huge. the material is on the thin side and not what i expected. i can't size down. i got an xxs. maybe if i had been able to order a petite, it would have fit better. i ordered the red and i liked the color.",-0.9696821570396423,55+
12956,829,35,Maternity blouse,"I was planning on wearing this at the office but it looks like a maternity blouse. not flattering at all. i loved the concept.. silky, loose fitting, professional.. but they didn't succeed. its a big mess. return.",2,0,0,General Petite,Tops,Blouses,"Maternity blouse. I was planning on wearing this at the office but it looks like a maternity blouse. not flattering at all. i loved the concept.. silky, loose fitting, professional.. but they didn't succeed. its a big mess. return.",-0.9968350529670715,25-34
19226,828,53,,"I love this top. i'm not one to iron, so i wash (and hang dry) and wear it. great with skinny jeans.",5,1,2,General Petite,Tops,Blouses,". I love this top. i'm not one to iron, so i wash (and hang dry) and wear it. great with skinny jeans.",0.9986270666122437,45-54
7175,825,44,A real beauty!,This top is gorgeous! it's a nice weight and the cami that comes with it makes it drapes nicely. i'll have to send it back though because it's too big. i'm always a medium but in this i'll be a small. :(,4,1,3,General,Tops,Blouses,A real beauty!. This top is gorgeous! it's a nice weight and the cami that comes with it makes it drapes nicely. i'll have to send it back though because it's too big. i'm always a medium but in this i'll be a small. :(,0.9991766810417175,35-44
2737,988,26,My heart broke a little when i received this skirt,This skirt for sure was the most disappointing thing i've ever ordered from retailer. it looks like an all white skirt that has a little stiffness to it but looks are deceiving. it has this weird checkered patten and there is no shape to the skirt at all. there are also weird stitching lines. one more thing that i didn't like about the skirt was that it's a cream-ish color. not even the cute flamingos will make me keep this skirt. it's going back.,2,0,3,General,Bottoms,Skirts,My heart broke a little when i received this skirt. This skirt for sure was the most disappointing thing i've ever ordered from retailer. it looks like an all white skirt that has a little stiffness to it but looks are deceiving. it has this weird checkered patten and there is no shape to the skirt at all. there are also weird stitching lines. one more thing that i didn't like about the skirt was that it's a cream-ish color. not even the cute flamingos will make me keep this skirt. it's going back.,-0.9984902143478394,25-34
12458,862,45,Huge,Runs very large. ordered a smaller size due to other reviews but should have ordered several sizes smaller,2,0,0,General Petite,Tops,Knits,Huge. Runs very large. ordered a smaller size due to other reviews but should have ordered several sizes smaller,-0.9988124370574951,35-44
13584,1072,43,Pretty dress but not for me,"The dress is pretty and like retailer it is nice quality, i just didn't keep it because it had no shape on me and even with a belt didn't look right. i would have gone down a size in this dress also.",3,0,3,General Petite,Dresses,Dresses,"Pretty dress but not for me. The dress is pretty and like retailer it is nice quality, i just didn't keep it because it had no shape on me and even with a belt didn't look right. i would have gone down a size in this dress also.",-0.7500535845756531,35-44
17403,860,46,Gorgeous jewel tone color,"The other reviews stated this was a shapeless top, but i sized down and it is very flattering and cute! the green is a bright, gorgeous jewel tone. it has an overall flowy, bohemian look to it.......the bell sleeves add just the right touch of boho! overall, i am very pleased with this top... it will be a great transitional piece into fall!",4,1,3,General Petite,Tops,Knits,"Gorgeous jewel tone color. The other reviews stated this was a shapeless top, but i sized down and it is very flattering and cute! the green is a bright, gorgeous jewel tone. it has an overall flowy, bohemian look to it.......the bell sleeves add just the right touch of boho! overall, i am very pleased with this top... it will be a great transitional piece into fall!",0.9998781681060791,45-54
6770,831,50,"Love, love, love!","Saw this top online and immediately had to purchase it! the first time i wore it i received many compliments... even my husband commented how cute it is. as shown in the photo, the back is longer than the front. i am 5'6"" and my top fell as the model's does. love this top and so happy with my purchase! i bought a size small, i normally wear medium or small tops. fit runs a little large, but small fit perfect!",5,1,7,General Petite,Tops,Blouses,"Love, love, love!. Saw this top online and immediately had to purchase it! the first time i wore it i received many compliments... even my husband commented how cute it is. as shown in the photo, the back is longer than the front. i am 5'6"" and my top fell as the model's does. love this top and so happy with my purchase! i bought a size small, i normally wear medium or small tops. fit runs a little large, but small fit perfect!",0.9995096921920776,45-54
16565,840,34,Love!!!,"Really cute top! love the ruffle detailing and the pattern. quality could be slightly better since i slightly expected the material to be softer. either way, i'm happy with the top. got my usual xs and it fit perfectly. it's meant to be a looser top so i don't mind that it runs a little bigger.",5,1,1,General,Tops,Blouses,"Love!!!. Really cute top! love the ruffle detailing and the pattern. quality could be slightly better since i slightly expected the material to be softer. either way, i'm happy with the top. got my usual xs and it fit perfectly. it's meant to be a looser top so i don't mind that it runs a little bigger.",0.9995539784431458,25-34
10348,1110,36,A stunner,"Gorgeous colors, high quality. my only word of caution is that the top part is very tight. if you have a large chest (c+) this is going to be snug, or not fit at all. i'm wearing it now in pregnancy, but i think it will also look great post-partum. can be dressed up or down.",5,1,0,General,Dresses,Dresses,"A stunner. Gorgeous colors, high quality. my only word of caution is that the top part is very tight. if you have a large chest (c+) this is going to be snug, or not fit at all. i'm wearing it now in pregnancy, but i think it will also look great post-partum. can be dressed up or down.",0.9860287308692932,35-44
13689,831,60,"Perfect style, will be a favorite",This is going to be a favorite. the fabric is substantial without being heavy. it has a beautiful drape. this blouse is loose but skims the body closer rather than being blousy. it works perfectly worn with a skirt or pants and belted or tucked but is not too blousy if left unbelted. i purchased the black with the lovely feather pattern. the colors are vibrant. i'm always looking for something black with some color because i tend to wear a lot of black on the bottom. this fit true to size. i am,5,1,3,General,Tops,Blouses,"Perfect style, will be a favorite. This is going to be a favorite. the fabric is substantial without being heavy. it has a beautiful drape. this blouse is loose but skims the body closer rather than being blousy. it works perfectly worn with a skirt or pants and belted or tucked but is not too blousy if left unbelted. i purchased the black with the lovely feather pattern. the colors are vibrant. i'm always looking for something black with some color because i tend to wear a lot of black on the bottom. this fit true to size. i am",0.9994148015975952,55+
4862,829,61,Conversationalist button-down with cats,"I love this shirt, very comfortable and has a nice drape. i originally bought the size i normally wear but found it to be a little tight across my chest, so i returned for the next size up.

very well made and not sheer so did not have to wear a tank underneath.",5,1,2,General Petite,Tops,Blouses,"Conversationalist button-down with cats. I love this shirt, very comfortable and has a nice drape. i originally bought the size i normally wear but found it to be a little tight across my chest, so i returned for the next size up.

very well made and not sheer so did not have to wear a tank underneath.",0.9989246726036072,55+
3604,1077,48,"So cute, but didn't work for me","I've never been so bummed a dress didn't work for me. this is so cute. i love that it's got a bit of a sleeve. it's one of those easy, pop-it-on-and-go pieces i'd love to have in my closet. i'm 5'2"" and i tried on a 6p in the store and it was prefect except for the bust. the elastic peaked in the front and i can't imaging this dress working on anyone with more than a b cup. (i'm a d and it looked ridiculous in the bodice). i tried on a 6, and the proportions were all off. if the elastic went str",4,1,0,General,Dresses,Dresses,"So cute, but didn't work for me. I've never been so bummed a dress didn't work for me. this is so cute. i love that it's got a bit of a sleeve. it's one of those easy, pop-it-on-and-go pieces i'd love to have in my closet. i'm 5'2"" and i tried on a 6p in the store and it was prefect except for the bust. the elastic peaked in the front and i can't imaging this dress working on anyone with more than a b cup. (i'm a d and it looked ridiculous in the bodice). i tried on a 6, and the proportions were all off. if the elastic went str",0.7267038226127625,45-54
11454,868,71,Adorable,"I thought this top would make me look extremely boxy, but i couldn't resist the stripes and the cut of the top. i did size down, and so glad i did! adorable .... fun and flattering! and that's coming from a curvy girl, with a ddd bust. soo soft!!!!",5,1,16,General,Tops,Knits,"Adorable. I thought this top would make me look extremely boxy, but i couldn't resist the stripes and the cut of the top. i did size down, and so glad i did! adorable .... fun and flattering! and that's coming from a curvy girl, with a ddd bust. soo soft!!!!",0.9997966885566711,55+
3632,1094,30,Sexy comfort!,"I just had to try it on because it was so soft! and i have never felt so comfortable and so sexy at the same time in a dress! i am 5'4 170lbs and 36ddd and the large fit well. i only with the slit came up higher. that might be an issue just because of my height though. loved it, waiting for a good sale!!",4,1,1,General,Dresses,Dresses,"Sexy comfort!. I just had to try it on because it was so soft! and i have never felt so comfortable and so sexy at the same time in a dress! i am 5'4 170lbs and 36ddd and the large fit well. i only with the slit came up higher. that might be an issue just because of my height though. loved it, waiting for a good sale!!",0.9994818568229675,25-34
21314,1092,36,This sweater dress is a keeper,"Overall, i love this dress. it's warm with tights or leggings in cold temperatures. and it's super effortless. there are a few things you should know prior to purchasing online though. the dress runs large. i ordered a large and its big. i'm ok with it; a super tight sweater dress is not was i was hoping for, but i might have been able to order a medium (i still kept the large). the weave of the fabric does not seem as tight as pictured. i felt the need to wear a tank top beneath because you cou",4,1,5,General,Dresses,Dresses,"This sweater dress is a keeper. Overall, i love this dress. it's warm with tights or leggings in cold temperatures. and it's super effortless. there are a few things you should know prior to purchasing online though. the dress runs large. i ordered a large and its big. i'm ok with it; a super tight sweater dress is not was i was hoping for, but i might have been able to order a medium (i still kept the large). the weave of the fabric does not seem as tight as pictured. i felt the need to wear a tank top beneath because you cou",0.998678982257843,35-44
9388,895,38,Great sweater!,I purchased this sweater online and it's amazing. styling with jeans is nice but to me dark navy pants works the best.,5,1,0,General,Tops,Fine gauge,Great sweater!. I purchased this sweater online and it's amazing. styling with jeans is nice but to me dark navy pants works the best.,0.9998273849487305,35-44
1023,936,33,"Cozy, flattering, and practical","At first, i thought this sweater might be too boxy, but fastened at the waist, it's very flattering and the collar is face-framing, and the coral in particular (really more of a mango sorbet shade) is unexpected but cheery for winter.

but the big selling point is the warmth and the giant pockets. brought a new puppy home just after christmas, and this sweater is perfect for layering for late- night trips out with an easy place to stash my phone and treats. bought it in coral and pink.",5,1,1,General,Tops,Sweaters,"Cozy, flattering, and practical. At first, i thought this sweater might be too boxy, but fastened at the waist, it's very flattering and the collar is face-framing, and the coral in particular (really more of a mango sorbet shade) is unexpected but cheery for winter.

but the big selling point is the warmth and the giant pockets. brought a new puppy home just after christmas, and this sweater is perfect for layering for late- night trips out with an easy place to stash my phone and treats. bought it in coral and pink.",0.9975663423538208,25-34
15430,1099,27,The perfect summer dress,"I am 5'1"" and curvy, and purchased this dress in medium petite, and it fits to perfection! i love how light & breezy it is for those hot & muggy summer days. the tie front makes this style very flattering for all body types, and the skirt is lined so it is not see-through! plus, the pockets. this dress is a winner.",5,1,1,General Petite,Dresses,Dresses,"The perfect summer dress. I am 5'1"" and curvy, and purchased this dress in medium petite, and it fits to perfection! i love how light & breezy it is for those hot & muggy summer days. the tie front makes this style very flattering for all body types, and the skirt is lined so it is not see-through! plus, the pockets. this dress is a winner.",0.9998124241828918,25-34
10481,1080,30,I wanted to love this,I had my eye on this dress for months. i came into some extra cash and bought it at full price online and picked it up in the store. the purple pattern is nowhere near as soft as pictures. it was very bright which disappointed me. it's also made for more busty women. at a 34d i could in no way fill this dress out. the result made it look so frumpy and unflattering. i felt like an old lady in a bag.,1,0,0,General Petite,Dresses,Dresses,I wanted to love this. I had my eye on this dress for months. i came into some extra cash and bought it at full price online and picked it up in the store. the purple pattern is nowhere near as soft as pictures. it was very bright which disappointed me. it's also made for more busty women. at a 34d i could in no way fill this dress out. the result made it look so frumpy and unflattering. i felt like an old lady in a bag.,-0.9985746145248413,25-34
15071,1028,31,The best!,"Coh emerson style jeans are the best fit and style. the ""pacifica"" color is a light blue and nice for spring and summer. i love the slim boyfriend. i have thighs and they fit like a skinny without being super tight. there is just enough stretch. no holes either. they are easy to dress up or down and have become my new favorites.",5,1,3,General Petite,Bottoms,Jeans,"The best!. Coh emerson style jeans are the best fit and style. the ""pacifica"" color is a light blue and nice for spring and summer. i love the slim boyfriend. i have thighs and they fit like a skinny without being super tight. there is just enough stretch. no holes either. they are easy to dress up or down and have become my new favorites.",0.9994871616363525,25-34
18833,1028,35,Best pair of jeans i have purchased in years.,"I cannot speak more highly of these jeans! i am a standard size 2, 5'3"" and have never been able to purchase a pair of jeans and wear them right away. i *always* have to hem them by massive amounts. these jeans are so flattering, the wash is amazing. i have worn them with cute ballet flats and tall boots so far, but i think the possibilities are endless. i am petite but in a curvy way and i haven't felt these great in a pair of jeans in so long. the wash is great for dress up/dress down. i have",5,1,0,General,Bottoms,Jeans,"Best pair of jeans i have purchased in years.. I cannot speak more highly of these jeans! i am a standard size 2, 5'3"" and have never been able to purchase a pair of jeans and wear them right away. i *always* have to hem them by massive amounts. these jeans are so flattering, the wash is amazing. i have worn them with cute ballet flats and tall boots so far, but i think the possibilities are endless. i am petite but in a curvy way and i haven't felt these great in a pair of jeans in so long. the wash is great for dress up/dress down. i have",0.9976707100868225,25-34
22397,854,53,Very large,Very pretty cardigan but it is huge! i ordered a large (normally xl or large) and it is so big! the shoulder seam comes to middle of my upper arm. i wanted to exchange it for a medium but they are out of stock. bummer.,4,1,6,General,Tops,Knits,Very large. Very pretty cardigan but it is huge! i ordered a large (normally xl or large) and it is so big! the shoulder seam comes to middle of my upper arm. i wanted to exchange it for a medium but they are out of stock. bummer.,-0.9599412679672241,45-54
12858,975,73,"Cozy, beautiful wine color",Really soft and perfect for work or leisure! fits a little large but ok. i usually take a small or medium (size 8 or 10) and the small in this jacket fits nicely but a little big. very comfortable. will be great for travel.,4,1,2,General,Jackets,Jackets,"Cozy, beautiful wine color. Really soft and perfect for work or leisure! fits a little large but ok. i usually take a small or medium (size 8 or 10) and the small in this jacket fits nicely but a little big. very comfortable. will be great for travel.",0.9998345375061035,55+
17528,1081,45,Dry clean?!,"Has anyone tried to hand wash this dress instead of dryclean?
runs a little large. i am 5'5 135# 34dd and purchased xs. i was really surprised that xs fits well. i initially tried small but the armholes were too big. the waist is a little too high but i plan to wear it with a belt.",5,1,0,General Petite,Dresses,Dresses,"Dry clean?!. Has anyone tried to hand wash this dress instead of dryclean?
runs a little large. i am 5'5 135# 34dd and purchased xs. i was really surprised that xs fits well. i initially tried small but the armholes were too big. the waist is a little too high but i plan to wear it with a belt.",-0.5994429588317871,35-44
17387,869,46,Floral print is gorgeous in person,"I ordered the red motif in size xl. for me, the fit matches the model so i think it's true-to-size. the only larger area on me is for the armholes. i use a cami so my bra won't show when raising my arms. since it's made of rayon/spandex and is a longer length, it's a little clingy along my hipline for my pear-shape. but, overall, it's so soft and comfortable. the colors in the floral pattern are beautiful. prettier in person. there's no problem with pattern placement either. a great top for summ",4,1,2,General,Tops,Knits,"Floral print is gorgeous in person. I ordered the red motif in size xl. for me, the fit matches the model so i think it's true-to-size. the only larger area on me is for the armholes. i use a cami so my bra won't show when raising my arms. since it's made of rayon/spandex and is a longer length, it's a little clingy along my hipline for my pear-shape. but, overall, it's so soft and comfortable. the colors in the floral pattern are beautiful. prettier in person. there's no problem with pattern placement either. a great top for summ",0.9994367957115173,45-54
14590,975,64,Country classic,Perfect fall accessory and transitional piece for cooler days. classic red and black check with a fashion flair. great with jeans or dress it up with jewelry. a great find!,5,1,1,General,Jackets,Jackets,Country classic. Perfect fall accessory and transitional piece for cooler days. classic red and black check with a fashion flair. great with jeans or dress it up with jewelry. a great find!,0.9997784495353699,55+
17824,278,27,Original workout leggings,"These leggings were everything i expected them to be. they are well made, and the material is thick enough that i can wear them outside in the colder months of the year. the pattern on the website is accurate, and the waistband is comfortable and flattering. would definitely buy again!",5,1,0,Initmates,Intimate,Lounge,"Original workout leggings. These leggings were everything i expected them to be. they are well made, and the material is thick enough that i can wear them outside in the colder months of the year. the pattern on the website is accurate, and the waistband is comfortable and flattering. would definitely buy again!",0.9996198415756226,25-34
14313,862,30,Great sweater - runs big!,I originally purchased this sweater in a size small (5'4 125lbs) and i was swimming in it! i went into the store and exchanged it for a size xs and it still runs a little big. i do love the quality though and its so soft! it's made of a sweatshirt like material which gives it a lazy sunday feel. it is definitely more casual than your typical cardigan but is so cozy! this is quickly becoming a go to for after yoga or just lazy sundays at home. great product!,4,1,0,General,Tops,Knits,Great sweater - runs big!. I originally purchased this sweater in a size small (5'4 125lbs) and i was swimming in it! i went into the store and exchanged it for a size xs and it still runs a little big. i do love the quality though and its so soft! it's made of a sweatshirt like material which gives it a lazy sunday feel. it is definitely more casual than your typical cardigan but is so cozy! this is quickly becoming a go to for after yoga or just lazy sundays at home. great product!,0.999568521976471,25-34
328,907,25,,"I absolutely love this sweater!! it's soft, easy to wash, and looks great!",5,1,0,General,Tops,Fine gauge,". I absolutely love this sweater!! it's soft, easy to wash, and looks great!",0.9998794794082642,<25
5317,1020,36,Great wardrobe staple,Adorable skirt. thought the a-line and length were great. 5'4 and 135lbs. went up a size and it fit perfect. can dress it up or down. really happy with this wardrobe staple.  not too stiff denim of so moves well and feels comfortable.,5,1,1,General Petite,Bottoms,Skirts,Great wardrobe staple. Adorable skirt. thought the a-line and length were great. 5'4 and 135lbs. went up a size and it fit perfect. can dress it up or down. really happy with this wardrobe staple.  not too stiff denim of so moves well and feels comfortable.,0.9998472929000854,35-44
16041,1056,46,So comfortable!,"I have always been a pilcro fan and these are so comfortable and fit well in the legs. i'm 5'6"" and 128 and the size 26 fit very well.",5,1,3,General,Bottoms,Pants,"So comfortable!. I have always been a pilcro fan and these are so comfortable and fit well in the legs. i'm 5'6"" and 128 and the size 26 fit very well.",0.9998471736907959,45-54
13231,1078,29,Perfect if you have curves,"I ordered this dress the instant it appeared online, hoping that 'tangerine' would mean red, and not orange. and, what luck! it was the perfect red for my coloring - nothing orange or bricky, it was a true red. the background color is actually a deep navy, but it looks almost black in some angles. the fabric is super comfortable. it's long enough for work, easy and fun enough for a date, and perfect for spring-summer months. 

my only problem with it is the top is too large. i am a 34-a, 5ft-3",4,1,4,General,Dresses,Dresses,"Perfect if you have curves. I ordered this dress the instant it appeared online, hoping that 'tangerine' would mean red, and not orange. and, what luck! it was the perfect red for my coloring - nothing orange or bricky, it was a true red. the background color is actually a deep navy, but it looks almost black in some angles. the fabric is super comfortable. it's long enough for work, easy and fun enough for a date, and perfect for spring-summer months. 

my only problem with it is the top is too large. i am a 34-a, 5ft-3",0.9969971179962158,25-34
17122,829,54,,I ordered this in a petite online and i usually wear petites.  it isn't see thru in a way that shows a lot and i love the light weight fabric.  i get a lot of compliments on it.,5,1,3,General Petite,Tops,Blouses,. I ordered this in a petite online and i usually wear petites.  it isn't see thru in a way that shows a lot and i love the light weight fabric.  i get a lot of compliments on it.,0.9996211528778076,45-54
13521,1053,42,"Nice idea, but tricky to get on and off","This is beautiful fabric and a good fit, but it's such a pain to get on and off, that i just don't want to hassle with it. the button is in the back, and very tricky to reach. too bad, because otherwise it's darling!",3,1,0,General Petite,Bottoms,Pants,"Nice idea, but tricky to get on and off. This is beautiful fabric and a good fit, but it's such a pain to get on and off, that i just don't want to hassle with it. the button is in the back, and very tricky to reach. too bad, because otherwise it's darling!",0.6317160129547119,35-44
6656,975,50,Cute comfortable great details,Super comfortable and on trend with the embroidery and beading - wore it day after i received to the airport over tee shirt & jeans and got compliments left and right - love it!!,5,1,1,General Petite,Jackets,Jackets,Cute comfortable great details. Super comfortable and on trend with the embroidery and beading - wore it day after i received to the airport over tee shirt & jeans and got compliments left and right - love it!!,0.9998682737350464,45-54
5043,829,27,Strange,"I was struggling with the options above-- does it fit true to size or is it too small or too large? it is both too small and too large, which is really strange. the model makes this shirt look stunning, but the product is actually very boxy. i am 5' 3"", weigh 112 lbs and i typically order anywhere from a 00p-0r/xxs-xs. i ordered this shirt in an xsp and the shirt sleeves were short and the middle was boxy. quite frankly, it looked like a maternity shirt and the structure was not worth the money",2,0,1,General Petite,Tops,Blouses,"Strange. I was struggling with the options above-- does it fit true to size or is it too small or too large? it is both too small and too large, which is really strange. the model makes this shirt look stunning, but the product is actually very boxy. i am 5' 3"", weigh 112 lbs and i typically order anywhere from a 00p-0r/xxs-xs. i ordered this shirt in an xsp and the shirt sleeves were short and the middle was boxy. quite frankly, it looked like a maternity shirt and the structure was not worth the money",-0.9715416431427002,25-34
16327,1081,37,Easy dress,"This is great without a belt, with or without leggings. it drapes just right and is flattering for big busted, big behind women (like me).",5,1,0,General Petite,Dresses,Dresses,"Easy dress. This is great without a belt, with or without leggings. it drapes just right and is flattering for big busted, big behind women (like me).",0.9990693926811218,35-44
14028,621,46,Drop-dead gorgeous,"When i tried on this dress my husband's jaw dropped to the ground. it is so unique and so beautiful on. however the cut of the fabric fit oddly on me so i am exchanging for a small with fingers crossed. i am a size 6, 5'8"" and the medium just felt a little boxy over the middle section. my six year old son said that it was the most beautiful dress he had ever seen. buy this!",5,1,10,General Petite,Intimate,Lounge,"Drop-dead gorgeous. When i tried on this dress my husband's jaw dropped to the ground. it is so unique and so beautiful on. however the cut of the fabric fit oddly on me so i am exchanging for a small with fingers crossed. i am a size 6, 5'8"" and the medium just felt a little boxy over the middle section. my six year old son said that it was the most beautiful dress he had ever seen. buy this!",0.9982582926750183,45-54
20300,1035,29,Best jeans,"I am short and curvy and pilcro has the best fitting, most comfortable and most cute jeans around. i buy exclusively pilcro now. these jeans were excellent.",5,1,3,General Petite,Bottoms,Jeans,"Best jeans. I am short and curvy and pilcro has the best fitting, most comfortable and most cute jeans around. i buy exclusively pilcro now. these jeans were excellent.",0.9997684359550476,25-34
18959,820,41,Absolutely gorgeous top,"This top is beauitiful. gorgeous detailing with the eyelet lace, black flower appliquã©s, silver beads and tiny rose gold sequins down the front. true to size. i'm 5'2"", 130 lbs, 34b and took my usual size 4. the slits do come up a bit far on the sides like another reviewer noted but not really enough to be a problem. i didn't find it necessary to get the petite size in this top. i was going to wait until further markdown since the top is still pricey even with a 20% discount but couldn't resist",5,1,0,General,Tops,Blouses,"Absolutely gorgeous top. This top is beauitiful. gorgeous detailing with the eyelet lace, black flower appliquã©s, silver beads and tiny rose gold sequins down the front. true to size. i'm 5'2"", 130 lbs, 34b and took my usual size 4. the slits do come up a bit far on the sides like another reviewer noted but not really enough to be a problem. i didn't find it necessary to get the petite size in this top. i was going to wait until further markdown since the top is still pricey even with a 20% discount but couldn't resist",0.9969953298568726,35-44
17757,1060,36,Comfortable wardrobe staple,I just wore these and they were comfortable and didn't stretch our or become baggy throughout the day. i have three kids and am constantly moving. they're a nice in between weight and held up nicely. i have some from j.crew that stretch out and become baggy in the knees and backside and these didn't do that. i usually wear an 8/10 and i purchased a medium and they fit well. i would say that run a little big though.,5,1,8,General,Bottoms,Pants,Comfortable wardrobe staple. I just wore these and they were comfortable and didn't stretch our or become baggy throughout the day. i have three kids and am constantly moving. they're a nice in between weight and held up nicely. i have some from j.crew that stretch out and become baggy in the knees and backside and these didn't do that. i usually wear an 8/10 and i purchased a medium and they fit well. i would say that run a little big though.,0.9994921684265137,35-44
20317,1078,68,,"The print on this is gorgeous, and it's incredibly comfortable. ultimately, i didn't buy it because the length was weird for me (i'm 5'7""); it just looked strange, like it was cutting me off at a weird point.",5,1,1,General,Dresses,Dresses,". The print on this is gorgeous, and it's incredibly comfortable. ultimately, i didn't buy it because the length was weird for me (i'm 5'7""); it just looked strange, like it was cutting me off at a weird point.",0.7413716316223145,55+
14025,864,25,Fun wardrobe addition-get it on sale...,"I got this cute tunic in-store in the coral color during a 25% off sale items promotion. it's a fun, quirky piece with mixed fabrics, and can be worn alone with leggings or layered with a jacket, skinny jeans and boots. a versatile piece, it does have a few issues. i found he armhole to be slightly large on my petite frame, even in the xs; not a deal-breaker, but a bit of a pet peeve for me. i'll probably end up wearing cami under it most of the time, since the top knit portion is a somewhat loo",4,1,1,General,Tops,Knits,"Fun wardrobe addition-get it on sale.... I got this cute tunic in-store in the coral color during a 25% off sale items promotion. it's a fun, quirky piece with mixed fabrics, and can be worn alone with leggings or layered with a jacket, skinny jeans and boots. a versatile piece, it does have a few issues. i found he armhole to be slightly large on my petite frame, even in the xs; not a deal-breaker, but a bit of a pet peeve for me. i'll probably end up wearing cami under it most of the time, since the top knit portion is a somewhat loo",0.9953190684318542,<25
8034,939,38,Unique upgraded blazer / cardi,"Really nice quality warm, sleek sweater. runs small-ish. i'm 5'8"", 140 lbs, 34c. i got the small and could have gotten x-small.",4,1,1,General Petite,Tops,Sweaters,"Unique upgraded blazer / cardi. Really nice quality warm, sleek sweater. runs small-ish. i'm 5'8"", 140 lbs, 34c. i got the small and could have gotten x-small.",0.9925678968429565,35-44
4802,1094,47,,"Gorgeous, but so big. i got eh pxs and it's like a mumu. i wiill return",2,0,0,General,Dresses,Dresses,". Gorgeous, but so big. i got eh pxs and it's like a mumu. i wiill return",-0.8660134673118591,45-54
2843,20,34,Classy black dress,"My husband bought this for my birthday. i love that it can be dressed up or worn for a more fun occasion.

i'm a tad small up top, so it fits a little too loose up there, but other than that it fits great. i'm considering getting it altered just because i love it so much.",4,1,0,General,Dresses,Dresses,"Classy black dress. My husband bought this for my birthday. i love that it can be dressed up or worn for a more fun occasion.

i'm a tad small up top, so it fits a little too loose up there, but other than that it fits great. i'm considering getting it altered just because i love it so much.",0.9987034797668457,25-34
22162,169,27,So amazing,"From quality, to design, and overall comfort...these leggings have it all. they are so so soft and feel and look amazing on. i bought the black and i love the ribbed detailing. it's just enough to add a little something. i ended up buying the other two colors and another pair of black! for the price it's more than worth it.",5,1,0,Initmates,Intimate,Legwear,"So amazing. From quality, to design, and overall comfort...these leggings have it all. they are so so soft and feel and look amazing on. i bought the black and i love the ribbed detailing. it's just enough to add a little something. i ended up buying the other two colors and another pair of black! for the price it's more than worth it.",0.999873161315918,25-34
7178,800,47,Light and breezy,"I bought this in my usual size small.  it is really light and airy--very pretty.  as the other reviewer noted, it is longer in front and shorter in the back.  the back hit my waistband, as it does on the model in the picture.  it hid my bra very well (always a plus).  i wouldn't describe the fabric as soft and i did get a static electricity issue, but the top stayed put.  overall, very pleased.",4,1,0,Initmates,Intimate,Intimates,"Light and breezy. I bought this in my usual size small.  it is really light and airy--very pretty.  as the other reviewer noted, it is longer in front and shorter in the back.  the back hit my waistband, as it does on the model in the picture.  it hid my bra very well (always a plus).  i wouldn't describe the fabric as soft and i did get a static electricity issue, but the top stayed put.  overall, very pleased.",0.9991980195045471,45-54
13810,1095,33,Cute summer dress,"This was a cute design, but didn't work for me. the fabric was slightly see-through, and too tight around the bust.",4,1,0,General Petite,Dresses,Dresses,"Cute summer dress. This was a cute design, but didn't work for me. the fabric was slightly see-through, and too tight around the bust.",-0.9864387512207031,25-34
9434,1104,56,Way way too big,"I loved this dress online and was luckily able to locate it in a store about an hour away from me. i drove to the store to purchase it; however, when i tried it on, i was so disappointed! the print is adorable and it is made of great quality, but the swing style is definitely more than mini! i could have fit 3 of myself in this dress. it is definitely not as depicted in the photographs. also, the background of the dress is way more pink than appears in the photos, and the floral print isn't as r",1,0,9,General,Dresses,Dresses,"Way way too big. I loved this dress online and was luckily able to locate it in a store about an hour away from me. i drove to the store to purchase it; however, when i tried it on, i was so disappointed! the print is adorable and it is made of great quality, but the swing style is definitely more than mini! i could have fit 3 of myself in this dress. it is definitely not as depicted in the photographs. also, the background of the dress is way more pink than appears in the photos, and the floral print isn't as r",0.8437995314598083,55+
6691,1100,44,,"This dress is fun to wear! i wear the purple one flowy and get lots of compliments. i haven't worn the navy yet, but when i do it will be belted. my only complaint is the material that is used at the shoulders shows bra/slip straps. luckily it isn't too noticeable but a design flaw worth mentioning nonetheless.",4,1,0,General,Dresses,Dresses,". This dress is fun to wear! i wear the purple one flowy and get lots of compliments. i haven't worn the navy yet, but when i do it will be belted. my only complaint is the material that is used at the shoulders shows bra/slip straps. luckily it isn't too noticeable but a design flaw worth mentioning nonetheless.",-0.7169879078865051,35-44
6737,1053,36,Versatile joggers,"Great quality and cut! they are so versatile, which i love! highly recommend these!",5,1,6,General,Bottoms,Pants,"Versatile joggers. Great quality and cut! they are so versatile, which i love! highly recommend these!",0.9998838901519775,35-44
5628,940,37,Comfortable sweater,"I love this sweater. it's warm, comfortable, and soft. nice quality too.",5,1,0,General Petite,Tops,Sweaters,"Comfortable sweater. I love this sweater. it's warm, comfortable, and soft. nice quality too.",0.9998749494552612,35-44
230,840,39,"Runs large, bohemian","I tried on the petite size in my usual xs, adn i actually have to go down to xxs, i looked overtaken by the shirt. i'm 5'2"" and 115lbs)

cut is flowy and not close to the body, sleeves are narrower, but still ok with athletic built.

color: light one is great for gals with darker complexion and hair, but for my pale self, the darker one was better... but can't go wrong, i ordered both colors and liked both of them.

ruffle is a great addition too...",5,1,13,General,Tops,Blouses,"Runs large, bohemian. I tried on the petite size in my usual xs, adn i actually have to go down to xxs, i looked overtaken by the shirt. i'm 5'2"" and 115lbs)

cut is flowy and not close to the body, sleeves are narrower, but still ok with athletic built.

color: light one is great for gals with darker complexion and hair, but for my pale self, the darker one was better... but can't go wrong, i ordered both colors and liked both of them.

ruffle is a great addition too...",0.9993083477020264,35-44
3314,872,28,Great top!,"This top is very cute, very flattering, and very unique! love the high/low back! also very comfy, would recommend to anyone!",5,1,2,General Petite,Tops,Knits,"Great top!. This top is very cute, very flattering, and very unique! love the high/low back! also very comfy, would recommend to anyone!",0.9998646974563599,25-34
3216,862,41,,Great spin on a basic turtleneck! i like it unbuttoned just as must as buttoned! material is super soft. good length.,5,1,0,General Petite,Tops,Knits,. Great spin on a basic turtleneck! i like it unbuttoned just as must as buttoned! material is super soft. good length.,0.9996781349182129,35-44
18238,1094,54,Beautifully made but snug on top,"This sheath is extremely well-made, and the fabric is even more vibrant and beautiful than it looks in the photos. my only complaint: it does run a little small in the bodice. my usual size 4 fit like a dream everywhere but the top, which borders on uncomfortably snug. for reference, i'm a full 34b.",4,1,1,General,Dresses,Dresses,"Beautifully made but snug on top. This sheath is extremely well-made, and the fabric is even more vibrant and beautiful than it looks in the photos. my only complaint: it does run a little small in the bodice. my usual size 4 fit like a dream everywhere but the top, which borders on uncomfortably snug. for reference, i'm a full 34b.",0.9982013702392578,45-54
17935,1104,47,Very chic,"I found this at my retailer store--the only dress left. i bought this in black in my usual size small (4-6). this dress was so pretty on and fabulous in hot weather. the material is gauzy and so the look is casual. i'm not sure i would wear it in the evening but the fit was great. i am tall, (5' 9"") and the dress is long enough for me. i would say it is the same length as on the model. it is a bit pricey for what it is but i bought it as a birthday gift to myself.",5,1,1,General Petite,Dresses,Dresses,"Very chic. I found this at my retailer store--the only dress left. i bought this in black in my usual size small (4-6). this dress was so pretty on and fabulous in hot weather. the material is gauzy and so the look is casual. i'm not sure i would wear it in the evening but the fit was great. i am tall, (5' 9"") and the dress is long enough for me. i would say it is the same length as on the model. it is a bit pricey for what it is but i bought it as a birthday gift to myself.",0.9973312616348267,45-54
23277,862,56,A lot to work with,"Other reviewers have pointed out that these tops (i have both colors now, spoilers!) run long- and i am happy to agree. basically, there's a lot to work with here. i'm always looking for longer tops to traverse a larger bust, and this is a great hip-hitting length for me. plus, the neckline can be style multiple ways. all in all, a flattering better-than-basic sweater.",4,1,8,General,Tops,Knits,"A lot to work with. Other reviewers have pointed out that these tops (i have both colors now, spoilers!) run long- and i am happy to agree. basically, there's a lot to work with here. i'm always looking for longer tops to traverse a larger bust, and this is a great hip-hitting length for me. plus, the neckline can be style multiple ways. all in all, a flattering better-than-basic sweater.",0.9997506737709045,55+
12807,1008,74,Great twist on a pencil skirt,"I love the style and quality of this skirt. the material is a bit heavier than anticipated, so it works well in cooler months, and the thickness makes it easy to wear a shirt underneath. it fits true to size - my usual 6 is form-fitting without being overly snug or pulled.

i am on the taller side, and the skirt is fairly long - it comes to the bottom of my knee.",5,1,0,General,Bottoms,Skirts,"Great twist on a pencil skirt. I love the style and quality of this skirt. the material is a bit heavier than anticipated, so it works well in cooler months, and the thickness makes it easy to wear a shirt underneath. it fits true to size - my usual 6 is form-fitting without being overly snug or pulled.

i am on the taller side, and the skirt is fairly long - it comes to the bottom of my knee.",0.9996737241744995,55+
1528,927,54,,This vest was of excellent weight but it had very little style. it was like a giant piece of felt was cut out with little thought to design or nuance. not for me.,3,0,1,General,Tops,Sweaters,. This vest was of excellent weight but it had very little style. it was like a giant piece of felt was cut out with little thought to design or nuance. not for me.,-0.9995848536491394,45-54
20459,1094,69,Lovely...not on me,"I saw this dress worn on the street and thought it was lovely, the perfect work dress. i then found it in the store and my size was already sold out, so i visited another retailer, and another to find it. unfortunately the color blocking on the chest was not very flattering for me, it seemed to overly accentuate it. i am 5'9"" a 36 dd size 12.
the colors, the fabric are all wonderful. but this dress is not for me.",2,0,0,General Petite,Dresses,Dresses,"Lovely...not on me. I saw this dress worn on the street and thought it was lovely, the perfect work dress. i then found it in the store and my size was already sold out, so i visited another retailer, and another to find it. unfortunately the color blocking on the chest was not very flattering for me, it seemed to overly accentuate it. i am 5'9"" a 36 dd size 12.
the colors, the fabric are all wonderful. but this dress is not for me.",-0.9838852882385254,55+
5571,861,49,Cute top,"I bought this top in 2 colors -- white and light green. i really like them both. the shirt is a nice weight and texture and the soft green color is really nice. the fit is true to size. i am 5'-6"" and 145 lbs. and the medium was perfect. i like how the back dips in a slight v as well.",5,1,2,General,Tops,Knits,"Cute top. I bought this top in 2 colors -- white and light green. i really like them both. the shirt is a nice weight and texture and the soft green color is really nice. the fit is true to size. i am 5'-6"" and 145 lbs. and the medium was perfect. i like how the back dips in a slight v as well.",0.9998524188995361,45-54
11970,824,32,Pretty but lots of fabric,"I grabbed this during a 20% off sale so i will state first that i don't think this top is worth full price, and even at 20% off i wasn't wowed enough to pay that much for it. the colors are more saturated in person and very pretty. however, the cut- both the length and the width- just made it too overwhelming on my size 14/16 frame. i ordered the xl and it was wayyyy too big through the chest but sizing down to a large meant that it didn't flow over my hips as well because it's so long. i think",4,1,0,General Petite,Tops,Blouses,"Pretty but lots of fabric. I grabbed this during a 20% off sale so i will state first that i don't think this top is worth full price, and even at 20% off i wasn't wowed enough to pay that much for it. the colors are more saturated in person and very pretty. however, the cut- both the length and the width- just made it too overwhelming on my size 14/16 frame. i ordered the xl and it was wayyyy too big through the chest but sizing down to a large meant that it didn't flow over my hips as well because it's so long. i think",-0.8970224857330322,25-34
18682,1094,31,Lovely. size up...maybe twice.,"This dress is so lovely in person, with more muted colors than pictured which will transition nicely into fall.  the overall cut of the dress is really flattering, especially for hourglass/ pear figures.  sadly, i had to return the dress because the arms were insanely small.  i after putting the dress on, i was worried i wouldn't be able to actually get it off.  if you have teeny, tiny arms...you'll probably be okay with your regular size.  if you have any kind of muscle (or squish :)), size up.",4,1,0,General,Dresses,Dresses,"Lovely. size up...maybe twice.. This dress is so lovely in person, with more muted colors than pictured which will transition nicely into fall.  the overall cut of the dress is really flattering, especially for hourglass/ pear figures.  sadly, i had to return the dress because the arms were insanely small.  i after putting the dress on, i was worried i wouldn't be able to actually get it off.  if you have teeny, tiny arms...you'll probably be okay with your regular size.  if you have any kind of muscle (or squish :)), size up.",0.9958959817886353,25-34
7477,968,38,Every vest has different coloration,"The material is so soft and cozy. there is just enough padding to keep me warm all year round in southern california. but, i ended up leaving the store without this vest  bc 1)the cut is slightly boxy.  2) every vest had different color variations. you definitely should go into the store to check it out. the ones i saw made the vest have cheap pattern of wide stripes, not an even vintage fade as shown. i'm so sad as everything else is perfect. fits true to size",3,1,0,General,Jackets,Jackets,"Every vest has different coloration. The material is so soft and cozy. there is just enough padding to keep me warm all year round in southern california. but, i ended up leaving the store without this vest  bc 1)the cut is slightly boxy.  2) every vest had different color variations. you definitely should go into the store to check it out. the ones i saw made the vest have cheap pattern of wide stripes, not an even vintage fade as shown. i'm so sad as everything else is perfect. fits true to size",0.9946454763412476,35-44
21228,936,26,So unique,"I was able to purchase this on sale and i'm so glad i did. i usually go between a size s and m (133 lbs., 5' 5"", 34 d) but the small fits perfectly. the color really isn't dark orange as stated......kind of a cross between rose/pale red/ salmon but i really love the color. it's not super heavy weight but not really thin either....actually perfect!",5,1,1,General,Tops,Sweaters,"So unique. I was able to purchase this on sale and i'm so glad i did. i usually go between a size s and m (133 lbs., 5' 5"", 34 d) but the small fits perfectly. the color really isn't dark orange as stated......kind of a cross between rose/pale red/ salmon but i really love the color. it's not super heavy weight but not really thin either....actually perfect!",0.9996212720870972,25-34
10903,1081,34,,"Looks great, the material feels great but when i put this dress on for the first time today it fell apart at the seams in the rib cage area. total disappointment! i had purchased this on sale for my graduation and was getting ready to walk out the door when i saw two holes on each side!",1,0,0,General Petite,Dresses,Dresses,". Looks great, the material feels great but when i put this dress on for the first time today it fell apart at the seams in the rib cage area. total disappointment! i had purchased this on sale for my graduation and was getting ready to walk out the door when i saw two holes on each side!",-0.9995707869529724,25-34
729,1087,55,Surprisingly heavy,"I wanted to love this dress. the colors are heavenly and it looks light and airy. it isn't, it is very heavy, much too heavy for florida heat. the top layer is a beautiful sand color and while the fabric is nice, the heaviness of the top really weighs the whole dress down. i felt like it added ten pounds to my appearance, easily. back it went, boo hoo. if you are between sizes, i would size down, runs a bit big.",3,0,2,General,Dresses,Dresses,"Surprisingly heavy. I wanted to love this dress. the colors are heavenly and it looks light and airy. it isn't, it is very heavy, much too heavy for florida heat. the top layer is a beautiful sand color and while the fabric is nice, the heaviness of the top really weighs the whole dress down. i felt like it added ten pounds to my appearance, easily. back it went, boo hoo. if you are between sizes, i would size down, runs a bit big.",-0.9096935391426086,45-54
4110,1094,29,,I bought this to wear to my winter bridal shower. it was a cold day so i turned it into a jumper by pairing it with a silk blouse. it is flattering and comfortable. great for work and other semi-formal events.,5,1,0,General Petite,Dresses,Dresses,. I bought this to wear to my winter bridal shower. it was a cold day so i turned it into a jumper by pairing it with a silk blouse. it is flattering and comfortable. great for work and other semi-formal events.,0.9995911717414856,25-34
14642,966,37,Cool vest,Just got this vest in my store yesterday and i was immediately drawn to it. the outside of the vest is this thick knit in an oatmeal color and a bright cobalt blue (even brighter than it appears online). the inside is a jersey knit fabric in grey. its an eye catcher for sure. i knew i needed to try it on. the vest is longer in length (like it appears in the photos). my only gripe is the fit. its great around the neck...nice and full. but i wish the body of the vest was larger. it fits very much,4,1,2,General,Jackets,Jackets,Cool vest. Just got this vest in my store yesterday and i was immediately drawn to it. the outside of the vest is this thick knit in an oatmeal color and a bright cobalt blue (even brighter than it appears online). the inside is a jersey knit fabric in grey. its an eye catcher for sure. i knew i needed to try it on. the vest is longer in length (like it appears in the photos). my only gripe is the fit. its great around the neck...nice and full. but i wish the body of the vest was larger. it fits very much,-0.8492659330368042,35-44
22479,948,60,What a mess,"I had my eye on this one for awhile and decided to buy it when it popped back on my wishlist. i can see why someone returned it. the sweater top hits at the worst possible spot and made me look ridiculous, like a mushroom top. from the side i saw the potential, but not enough to save it. probably one of the worst things i have ever purchased from retailer.",2,0,0,General,Tops,Sweaters,"What a mess. I had my eye on this one for awhile and decided to buy it when it popped back on my wishlist. i can see why someone returned it. the sweater top hits at the worst possible spot and made me look ridiculous, like a mushroom top. from the side i saw the potential, but not enough to save it. probably one of the worst things i have ever purchased from retailer.",-0.9998058676719666,55+
12599,984,68,Too many ideas,"I was hesitant to buy this because it is double breasted which isn't my first choice. that was the least of the problems with this jacket. i love sparkle, and i love beautiful detail, none of the elements by themselves was a problem. the sum of the parts didn't work, though. the end result was an unflattering, confusing mess. the silhouette plus the frayed edges, plus the sequins plus the vent in back plus the huge buttons plus the double breast, plus the zipper were just too many things to go t",2,0,1,General Petite,Jackets,Jackets,"Too many ideas. I was hesitant to buy this because it is double breasted which isn't my first choice. that was the least of the problems with this jacket. i love sparkle, and i love beautiful detail, none of the elements by themselves was a problem. the sum of the parts didn't work, though. the end result was an unflattering, confusing mess. the silhouette plus the frayed edges, plus the sequins plus the vent in back plus the huge buttons plus the double breast, plus the zipper were just too many things to go t",-0.9992713332176208,55+
18481,941,28,Scratchy,Cute but too thick and rough,3,0,0,General Petite,Tops,Sweaters,Scratchy. Cute but too thick and rough,-0.9882116913795471,25-34
17111,907,39,"Pretty, comnfortable and loose-fit","I ordered the xx petite on this one, and unlike last year's version of a similar sweater, this one is a bit longer and looser. last year, i kept the xs p, but it was shorter too. the fit is loose, not snug or form-fitting, even as the smallest size available, it was loose but not large or unflattering. the length was also appropriate. love the colors, and pattern too. the material is soft, and the button detail in the back is fun. i am 30dd, 26.5 in waist, 115 lbs, for reference.",5,1,2,General Petite,Tops,Fine gauge,"Pretty, comnfortable and loose-fit. I ordered the xx petite on this one, and unlike last year's version of a similar sweater, this one is a bit longer and looser. last year, i kept the xs p, but it was shorter too. the fit is loose, not snug or form-fitting, even as the smallest size available, it was loose but not large or unflattering. the length was also appropriate. love the colors, and pattern too. the material is soft, and the button detail in the back is fun. i am 30dd, 26.5 in waist, 115 lbs, for reference.",0.9902099370956421,35-44
2324,828,39,Nice summer top,"I bought the color ""black motif""although the markings look more dark purple and are similar to tie dyed coloring which is one of the things i love about this top. the fabric is so soft and i love the way the neckline falls. it is slightly sheer so may want to wear camisole underneath. personally i'm fine without it. looks great with jeans. i also tried it on in the ""blue motif"" which is the stripe version but found nothing special about that one.",5,1,2,General,Tops,Blouses,"Nice summer top. I bought the color ""black motif""although the markings look more dark purple and are similar to tie dyed coloring which is one of the things i love about this top. the fabric is so soft and i love the way the neckline falls. it is slightly sheer so may want to wear camisole underneath. personally i'm fine without it. looks great with jeans. i also tried it on in the ""blue motif"" which is the stripe version but found nothing special about that one.",0.9684574604034424,35-44
20354,872,36,Casual comfort chic,I saw this top and loved the pattern. meadow rue is one of my favorite brands for tops at retailer. the pattern is lovely and the fit it tts. this top is comfortable for running errands and can be dressed up too. very versatile for spring.,5,1,3,General,Tops,Knits,Casual comfort chic. I saw this top and loved the pattern. meadow rue is one of my favorite brands for tops at retailer. the pattern is lovely and the fit it tts. this top is comfortable for running errands and can be dressed up too. very versatile for spring.,0.9997918009757996,35-44
17739,1077,43,"Beautiful dress, not for me","I hated to send this dress back, but my busty and curvy figure looked bigger and rounder in this dress. sent it back. it is meant for taller and more slender women.",4,0,1,General Petite,Dresses,Dresses,"Beautiful dress, not for me. I hated to send this dress back, but my busty and curvy figure looked bigger and rounder in this dress. sent it back. it is meant for taller and more slender women.",0.9913869500160217,35-44
7252,868,44,"So comfy, great fabric","This is such a comfy top, and the fabric is really great. more supple / flowy than i expected. it does run larger than i expected. i typically wear a large, and it's almost more billowy than i would normally prefer. i would love to try a medium to see the difference, but since it was purchased online, i'm just going with it. this will get lots of wear this season.",5,1,5,General,Tops,Knits,"So comfy, great fabric. This is such a comfy top, and the fabric is really great. more supple / flowy than i expected. it does run larger than i expected. i typically wear a large, and it's almost more billowy than i would normally prefer. i would love to try a medium to see the difference, but since it was purchased online, i'm just going with it. this will get lots of wear this season.",0.9996994733810425,35-44
21221,1055,27,It's adorable,"Very cute. a size small worked perfectly for me, fits like a glove. it has open sides so i wear a tank top under it.",4,1,0,General Petite,Bottoms,Pants,"It's adorable. Very cute. a size small worked perfectly for me, fits like a glove. it has open sides so i wear a tank top under it.",0.9994567036628723,25-34
13946,1098,29,Fits snug,"This dress was too cute to pass up! i loved it online but when i got it home, it was so tight i couldn't zip up my normal size. the length was perfect on me being 5'7"". the fabric and detail was beautiful. if you have a bust, order a size up. beautiful dress just really snug up top.",2,1,0,General,Dresses,Dresses,"Fits snug. This dress was too cute to pass up! i loved it online but when i got it home, it was so tight i couldn't zip up my normal size. the length was perfect on me being 5'7"". the fabric and detail was beautiful. if you have a bust, order a size up. beautiful dress just really snug up top.",0.999382734298706,25-34
14074,1110,54,Raspberry delight of a dress,"Tried on a size 2 regular and it fit well, felt incredibly soft and airy, and is handwashable. i'm 5'2"", currently 33-25-37 or 38, with narrow shoulders and torso, somewhat long-waisted but petite from bust to shoulders. i often wear a size 0p or 0 in retailer dresses and tops. the arm holes were a tiny bit low, but not terrible. a petite would have been shorter, but also more of an empire waist. the pink really is more of a red like the online photo; great color.",5,1,0,General Petite,Dresses,Dresses,"Raspberry delight of a dress. Tried on a size 2 regular and it fit well, felt incredibly soft and airy, and is handwashable. i'm 5'2"", currently 33-25-37 or 38, with narrow shoulders and torso, somewhat long-waisted but petite from bust to shoulders. i often wear a size 0p or 0 in retailer dresses and tops. the arm holes were a tiny bit low, but not terrible. a petite would have been shorter, but also more of an empire waist. the pink really is more of a red like the online photo; great color.",0.9909007549285889,45-54
13195,1078,29,Throw it on and go,"Since there were so many colors to choose from and the 20% full priced items sale was going on, i went in person to retailer to check these great dresses out. glad i did! online i was torn between several prints, but in the dressing room, there was a clear winner for me (just for personal preference. the prints are still all great!). these dresses are so flattering and comfortable. great with a cardigan or jacket for work or sandals for the weekend. definitely tts. i am pretty much always a m in e",5,1,0,General,Dresses,Dresses,"Throw it on and go. Since there were so many colors to choose from and the 20% full priced items sale was going on, i went in person to retailer to check these great dresses out. glad i did! online i was torn between several prints, but in the dressing room, there was a clear winner for me (just for personal preference. the prints are still all great!). these dresses are so flattering and comfortable. great with a cardigan or jacket for work or sandals for the weekend. definitely tts. i am pretty much always a m in e",0.9995949864387512,25-34
5164,881,36,Took me by surprise,"Grabbed this top because i loved the color and to my surprise i loved the style too! it is longer on me than the model (and i'm 5'10"") and it looks great with a long pendant necklace and white skinny jeans. i also wear a white tank underneath just in case, otherwise i think i'd be showing some skin. i like that the front and back are two different materials.",5,1,0,General Petite,Tops,Knits,"Took me by surprise. Grabbed this top because i loved the color and to my surprise i loved the style too! it is longer on me than the model (and i'm 5'10"") and it looks great with a long pendant necklace and white skinny jeans. i also wear a white tank underneath just in case, otherwise i think i'd be showing some skin. i like that the front and back are two different materials.",0.9990890026092529,35-44
2949,1090,34,Beautiful dress for spring,"I bought this dress for an awards ceremony, and couldn't be more pleased. the quality and detailing on the dress are great, and the hidden side zipper makes the dress easy to put on. i love that it's machine washable on a delicate setting. i've already worn it twice, and can't wait to wear it again for easter.",5,1,5,General Petite,Dresses,Dresses,"Beautiful dress for spring. I bought this dress for an awards ceremony, and couldn't be more pleased. the quality and detailing on the dress are great, and the hidden side zipper makes the dress easy to put on. i love that it's machine washable on a delicate setting. i've already worn it twice, and can't wait to wear it again for easter.",0.999497652053833,25-34
21992,1084,60,Perfect dress,"This is the most perfect dress i've ever bought. i'm 5'8"" and the length was perfect. the cut is flattering and very slimming. the fabric is gorgeous and the pattern is stunning. please offer more dresses in this cut!!",5,1,0,General,Dresses,Dresses,"Perfect dress. This is the most perfect dress i've ever bought. i'm 5'8"" and the length was perfect. the cut is flattering and very slimming. the fabric is gorgeous and the pattern is stunning. please offer more dresses in this cut!!",0.9996978044509888,55+
44,862,48,Beautiful!,"Tried this on today at my local retailer and had to have it. it is so comfortable and flattering. it's too bad the picture online has the model tucking it into the skirt because you can't see the ruching across the front. a little dressier alternative to a plain tee and reasonably priced for retailer. 5'8"""" and i generally wear a 6, the small fit well. will probably be back for the black!",5,1,9,General,Tops,Knits,"Beautiful!. Tried this on today at my local retailer and had to have it. it is so comfortable and flattering. it's too bad the picture online has the model tucking it into the skirt because you can't see the ruching across the front. a little dressier alternative to a plain tee and reasonably priced for retailer. 5'8"""" and i generally wear a 6, the small fit well. will probably be back for the black!",-0.9367135763168335,45-54
3422,939,58,Wanted to like this...,"The craftmanship & material (not itchy at all to me) are exquisite for this unique sweater/coat, but the shape is not for me. i have a slender build, 5'8"" 130 lbs, 34 b chest (i oredered my usual sm, which fit), and the silouette of this piece looked ridiculous on me. when buttoned, the top half was nicely fitted-- not snug; however, the lower half ballooned out to overemphasize the hips due to the pleating in back. the thing is, i have no hips, and having hips is a very good thing, though not i",4,1,0,General,Tops,Sweaters,"Wanted to like this.... The craftmanship & material (not itchy at all to me) are exquisite for this unique sweater/coat, but the shape is not for me. i have a slender build, 5'8"" 130 lbs, 34 b chest (i oredered my usual sm, which fit), and the silouette of this piece looked ridiculous on me. when buttoned, the top half was nicely fitted-- not snug; however, the lower half ballooned out to overemphasize the hips due to the pleating in back. the thing is, i have no hips, and having hips is a very good thing, though not i",0.9614502191543579,55+
9083,1094,70,Beautiful dress!,Just received this dress in the mail. it's stunning!! the lace is just beautiful. i ordered two sizes and had to size down a bit - the fit is generous. can't wait to wear this to my rehearsal dinner next week.,5,1,6,General,Dresses,Dresses,Beautiful dress!. Just received this dress in the mail. it's stunning!! the lace is just beautiful. i ordered two sizes and had to size down a bit - the fit is generous. can't wait to wear this to my rehearsal dinner next week.,0.9998251795768738,55+
8758,1051,45,,"The cut is small. i am 5'9"", 150 lbs and usually wear 6-8/medium pants. medium in these is too fitted on my hips and rear.the polyester will be hot in summer. returning for another brand.",2,0,1,General Petite,Bottoms,Pants,". The cut is small. i am 5'9"", 150 lbs and usually wear 6-8/medium pants. medium in these is too fitted on my hips and rear.the polyester will be hot in summer. returning for another brand.",-0.9844181537628174,35-44
9185,1104,53,,"This dress is flattering, comfortable and beautiful. it hides my imperfections too. currently my favorite dress!",5,1,5,General,Dresses,Dresses,". This dress is flattering, comfortable and beautiful. it hides my imperfections too. currently my favorite dress!",0.9997621178627014,45-54
7282,862,38,Love it!,"I love the way this looks on me! definitely flattering on curvy/full-figured girls. i am a 36-38c and bought an xl - i don't like things that are too tight or that cling to the wrong areas. if they had xl in other sizes, i would buy it in every color. can be dressed up or down. i'm very happy with this purchase.",5,1,0,General,Tops,Knits,"Love it!. I love the way this looks on me! definitely flattering on curvy/full-figured girls. i am a 36-38c and bought an xl - i don't like things that are too tight or that cling to the wrong areas. if they had xl in other sizes, i would buy it in every color. can be dressed up or down. i'm very happy with this purchase.",0.9997531771659851,35-44
18344,1150,35,I wanted to love this dress ...,"But, it just doesn't measure up. first, the slip/lining comes unattached if pulled slightly and it is very difficult to actually get it on - either stepping into it or pulling it over your head. and, once on, the top was a big snug and there was too much material at the bottom which made it look really bulky. unfortunately, i am finding this to be the case with so many of the items i buy from retailer lately. the material is really cute, but the dress isn't worth the price / effort.",2,0,3,General,Dresses,Dresses,"I wanted to love this dress .... But, it just doesn't measure up. first, the slip/lining comes unattached if pulled slightly and it is very difficult to actually get it on - either stepping into it or pulling it over your head. and, once on, the top was a big snug and there was too much material at the bottom which made it look really bulky. unfortunately, i am finding this to be the case with so many of the items i buy from retailer lately. the material is really cute, but the dress isn't worth the price / effort.",-0.9973176121711731,25-34
13526,909,25,Luxurious,"This sweater is very warm yet light. the pink color is very cute, and the buttons are detailed very nicely! it hangs a bit low under the arms, and definitely tightens at the wrist. i ordered the xs size, and i find that i am unable to push the sleeves up. this is so beautiful and has a subtle uniqueness.",5,1,3,General,Tops,Fine gauge,"Luxurious. This sweater is very warm yet light. the pink color is very cute, and the buttons are detailed very nicely! it hangs a bit low under the arms, and definitely tightens at the wrist. i ordered the xs size, and i find that i am unable to push the sleeves up. this is so beautiful and has a subtle uniqueness.",0.9998524188995361,<25
3645,1094,31,Best dress ever,"I got this dress in pxxs in the gray color, i am 5'4"", 100lbs, petite frame, and it fits like a dream. true to size. the fabric is super soft and thick, drapes well, not too tight, and u can wear a regular bra!!!. length is also perfect, no shortening required (which is rare for me - this could be an issue for tall girls but i wouldnt know about that). it looks great with dressy flip flops for any summer occasion, can be casual or dressy depending on accessories. great purchase, 100% recommend.",5,1,0,General,Dresses,Dresses,"Best dress ever. I got this dress in pxxs in the gray color, i am 5'4"", 100lbs, petite frame, and it fits like a dream. true to size. the fabric is super soft and thick, drapes well, not too tight, and u can wear a regular bra!!!. length is also perfect, no shortening required (which is rare for me - this could be an issue for tall girls but i wouldnt know about that). it looks great with dressy flip flops for any summer occasion, can be casual or dressy depending on accessories. great purchase, 100% recommend.",0.999691367149353,25-34
12243,1078,37,Even better in person!,I'm 5' 120 and the 4p fit like a glove. i have a bigger chest and there is no pulling on the buttons. the colors and fit on the dress are perfect. i had so many compliments when i wore it!,5,1,1,General Petite,Dresses,Dresses,Even better in person!. I'm 5' 120 and the 4p fit like a glove. i have a bigger chest and there is no pulling on the buttons. the colors and fit on the dress are perfect. i had so many compliments when i wore it!,0.9992712140083313,35-44
7144,1005,59,Love this skirt!!,"I'd been eyeing this for a long time but couldn't afford the full price. when it came on sale, my size -- regular 8 -- was sold out. so i took a chance and went with the petite 8 (only difference is length). and am i glad i did!

it fits beautifully, even a little roomy. but the length is perfect. the longer pieces are at/barely below the knee, and the shorter flap is about two inches above. (for reference, i'm 5'7"", 135 pounds, measurements 38-30-38.)

the skirt is substantial, with high-qualit",5,1,4,General,Bottoms,Skirts,"Love this skirt!!. I'd been eyeing this for a long time but couldn't afford the full price. when it came on sale, my size -- regular 8 -- was sold out. so i took a chance and went with the petite 8 (only difference is length). and am i glad i did!

it fits beautifully, even a little roomy. but the length is perfect. the longer pieces are at/barely below the knee, and the shorter flap is about two inches above. (for reference, i'm 5'7"", 135 pounds, measurements 38-30-38.)

the skirt is substantial, with high-qualit",0.9997404217720032,55+
5520,861,58,Great t-shirt,"I love the fit and the color. i would buy this t-shirt again in other patterns and colors. the fabric is thin and lightweight, but i knew that when i bought it. ( apparently, nothing this is a problem for some others.) i do choose to wear a camisole or a tank top underneath it. to preserve the fabric, i hang dry after laundering. the colors have not faded, and the fabric is holding up well. i am 5'4"", weigh 134 lbs, and do typically wear size medium.",5,1,0,General,Tops,Knits,"Great t-shirt. I love the fit and the color. i would buy this t-shirt again in other patterns and colors. the fabric is thin and lightweight, but i knew that when i bought it. ( apparently, nothing this is a problem for some others.) i do choose to wear a camisole or a tank top underneath it. to preserve the fabric, i hang dry after laundering. the colors have not faded, and the fabric is holding up well. i am 5'4"", weigh 134 lbs, and do typically wear size medium.",0.9966400861740112,55+
10525,1080,36,As pictured,"The dress is just perfect. it's fits true to size and the colors are as pictured. also, a bonus, it travels well - despite having so many pleats it folds nicely and can be worn right out of the bag. very happy i got it while on sale.",5,1,1,General Petite,Dresses,Dresses,"As pictured. The dress is just perfect. it's fits true to size and the colors are as pictured. also, a bonus, it travels well - despite having so many pleats it folds nicely and can be worn right out of the bag. very happy i got it while on sale.",0.999847412109375,35-44
12710,1110,45,"Good idea, but...","This dress has great potential. i happen to have a longer torso so the fit was off. as a previous review stated, it's short waisted and a lot a skirt which i agree, the hem is also funky. i am still deciding if i want to keep it, but if i do, i plan on altering the skirt to be narrower and hemming it a bit shorter too. for reference, i'm 5'3"" and weigh 110 and i purchased a size 0.",3,1,3,General,Dresses,Dresses,"Good idea, but.... This dress has great potential. i happen to have a longer torso so the fit was off. as a previous review stated, it's short waisted and a lot a skirt which i agree, the hem is also funky. i am still deciding if i want to keep it, but if i do, i plan on altering the skirt to be narrower and hemming it a bit shorter too. for reference, i'm 5'3"" and weigh 110 and i purchased a size 0.",0.9971729516983032,35-44
12179,869,54,,"I was intrigued by this top...it's very cute but i feel that the tassels are just slightly too big and if the fringe would have been a little more subtle, the top would be cuter. i'm still on the fence with this one....",4,1,1,General,Tops,Knits,". I was intrigued by this top...it's very cute but i feel that the tassels are just slightly too big and if the fringe would have been a little more subtle, the top would be cuter. i'm still on the fence with this one....",-0.9991662502288818,45-54
2011,862,41,"Beautiful shade of pink, very low-cut","I bought the pink, which is a vibrant but not neon shade of deep reddish pink. love it. i love how the flutter of the sleeves is balanced with a slimmer fitting body, which keeps it from looking frumpy. i did order a size down to achieve this look. i prefer a more tailored look so this suits me while satisfying my desire for a little whimsy now and then. my only issue is that it's too low cut. trying to decide if i just need to wear it with a lower-cut bra or if this requires a cami. i hate laye",4,1,2,General Petite,Tops,Knits,"Beautiful shade of pink, very low-cut. I bought the pink, which is a vibrant but not neon shade of deep reddish pink. love it. i love how the flutter of the sleeves is balanced with a slimmer fitting body, which keeps it from looking frumpy. i did order a size down to achieve this look. i prefer a more tailored look so this suits me while satisfying my desire for a little whimsy now and then. my only issue is that it's too low cut. trying to decide if i just need to wear it with a lower-cut bra or if this requires a cami. i hate laye",0.9940657615661621,35-44
21682,1008,50,Lovely skirt!,Love this skirt! i have worn it to work with a simple black shirt for a great outfit! i have had many compliments on it. it is very flattering and comfortable!,5,1,0,General Petite,Bottoms,Skirts,Lovely skirt!. Love this skirt! i have worn it to work with a simple black shirt for a great outfit! i have had many compliments on it. it is very flattering and comfortable!,0.9998751878738403,45-54
1592,878,51,,"I love sundry clothing. this lightweight fleece is the perfect weight. it keeps you warm enough when it's cold, but not hot when it is milder. it's super soft with nice embroidery. size 1 is a great fit for my 5'1"" frame. wear it to hang at home or to go out.",5,1,1,General,Tops,Knits,". I love sundry clothing. this lightweight fleece is the perfect weight. it keeps you warm enough when it's cold, but not hot when it is milder. it's super soft with nice embroidery. size 1 is a great fit for my 5'1"" frame. wear it to hang at home or to go out.",0.9997209906578064,45-54
21126,877,68,The pleats in this jacket are unruly,"Despite the fact that this jacket is made from a gorgeous ottoman looking knit fabric, and has perfect fit, nice arm length, looks good on the hanger, the jacket did me no justice at all. it arrived folded, in the mail, so i had to press down the unruly pleats before i could try it on (you have to do this with nearly every item you buy online that comes folded flat and stuck in a cellophane bag.). so i pressed the jacket, tried to neaten the pleats but to no avail. the pleats would not stay put",3,1,2,General,Tops,Knits,"The pleats in this jacket are unruly. Despite the fact that this jacket is made from a gorgeous ottoman looking knit fabric, and has perfect fit, nice arm length, looks good on the hanger, the jacket did me no justice at all. it arrived folded, in the mail, so i had to press down the unruly pleats before i could try it on (you have to do this with nearly every item you buy online that comes folded flat and stuck in a cellophane bag.). so i pressed the jacket, tried to neaten the pleats but to no avail. the pleats would not stay put",-0.9960557222366333,55+
2623,1044,24,Vintage-contemporary fashion,"I purchased this gaucho as a gift for my mother.
at first, i was about to try it for myself because gaucho is a little trend nowadays.
but later, it turned out that it was a perfect fit for my mother.
it went well with her perhaps because she saved a lot of her fashion from 1980s.
it also fit well with contemporary fashion as well.
however, i think it matches better with vintage fashion than to contemporary fashion.
so, if you happen to save those ""good old fashion"", take them out and try",4,1,3,General,Bottoms,Pants,"Vintage-contemporary fashion. I purchased this gaucho as a gift for my mother.
at first, i was about to try it for myself because gaucho is a little trend nowadays.
but later, it turned out that it was a perfect fit for my mother.
it went well with her perhaps because she saved a lot of her fashion from 1980s.
it also fit well with contemporary fashion as well.
however, i think it matches better with vintage fashion than to contemporary fashion.
so, if you happen to save those ""good old fashion"", take them out and try",0.9993839263916016,<25
4160,829,42,Front slit,"I somehow missed that there was a slit in the front of this tunic below the buttons. it looks fine on, i'm just wondering if i can still pull it off with only leggings underneath (why i got it). otherwise, just as pictured. i'm 5'7"" 125 lbs and got an xs.",4,1,0,General,Tops,Blouses,"Front slit. I somehow missed that there was a slit in the front of this tunic below the buttons. it looks fine on, i'm just wondering if i can still pull it off with only leggings underneath (why i got it). otherwise, just as pictured. i'm 5'7"" 125 lbs and got an xs.",-0.9634339809417725,35-44
20072,1094,36,"I never write reviews, but...","This dress is amazing! the fit, style, quality of fabric is just perfect. just the right amount of ""v"" in the front and back to be flattering and sexy without being too exposed! will be looking for more styles from this designer!",5,1,2,General,Dresses,Dresses,"I never write reviews, but.... This dress is amazing! the fit, style, quality of fabric is just perfect. just the right amount of ""v"" in the front and back to be flattering and sexy without being too exposed! will be looking for more styles from this designer!",0.9998843669891357,35-44
16262,1181,33,Wardrobe staple,"I love this tee! while it is true to size i feel, it is meant to have a loose fit. that being said, it is a very flattering cut and has a great drape. super comfy, flattering and classic.",5,1,1,General Petite,Tops,Knits,"Wardrobe staple. I love this tee! while it is true to size i feel, it is meant to have a loose fit. that being said, it is a very flattering cut and has a great drape. super comfy, flattering and classic.",0.996802806854248,25-34
21675,1008,41,Va va voom!,"Great skirt! i bought the red and paired it with a casual white button down. i feel like the top definitely needs to be short or tucked in for the look to work. i am typically a 2 in bottoms, and went with the small in this. the xs probably fits more like it's intended to, but it is very curve-hugging, and i was more comfortable with the looser fit of the small (especially since i am tucking in a blouse). there is stretch in the skirt, and the fabric has a nice feel.",5,1,0,General Petite,Bottoms,Skirts,"Va va voom!. Great skirt! i bought the red and paired it with a casual white button down. i feel like the top definitely needs to be short or tucked in for the look to work. i am typically a 2 in bottoms, and went with the small in this. the xs probably fits more like it's intended to, but it is very curve-hugging, and i was more comfortable with the looser fit of the small (especially since i am tucking in a blouse). there is stretch in the skirt, and the fabric has a nice feel.",0.9566254019737244,35-44
22918,945,71,So cute and comfy!!,"Slouchy, longer in the sleeves, a little cropped, great neckline, stylish.....these are just some of the reasons i absolutely love this sweater! i've been looking for a style like this for a long time. i went down a size because of the wide neckline and the fact that it is a bit oversized. i'm petite, 119 lbs., with a 32f bust size. i went with the grey, but i'm loving it so much i might pick one up in the pink. so comfy and cozy and chic!!",5,1,0,General,Tops,Sweaters,"So cute and comfy!!. Slouchy, longer in the sleeves, a little cropped, great neckline, stylish.....these are just some of the reasons i absolutely love this sweater! i've been looking for a style like this for a long time. i went down a size because of the wide neckline and the fact that it is a bit oversized. i'm petite, 119 lbs., with a 32f bust size. i went with the grey, but i'm loving it so much i might pick one up in the pink. so comfy and cozy and chic!!",0.9998020529747009,55+
21746,863,33,"Flattering, beautiful autumn top","I have this color also in the grey - flattering, interesting shirt. i have think hips but a fuller waist, the vertical lines of this shirt design suggest otherwise. great to pair with torn up skinny jeans! love the petite line now in portland.",5,1,0,General Petite,Tops,Knits,"Flattering, beautiful autumn top. I have this color also in the grey - flattering, interesting shirt. i have think hips but a fuller waist, the vertical lines of this shirt design suggest otherwise. great to pair with torn up skinny jeans! love the petite line now in portland.",0.9928828477859497,25-34
10627,1036,66,Way too tight,I wear a 32 and sometimes a 31 but i could barely squeeze these on in a 32. the fabric is thick with lots of stretch but these are super skinny all the way to the ankle like a legging and not a jean. made for much thinner frames than mine.,3,1,1,General,Bottoms,Jeans,Way too tight. I wear a 32 and sometimes a 31 but i could barely squeeze these on in a 32. the fabric is thick with lots of stretch but these are super skinny all the way to the ankle like a legging and not a jean. made for much thinner frames than mine.,-0.99294114112854,55+
13969,1094,47,"Love it, but it's huge!","This would be a great dress if it was sized correctly. i ordered my usual xs and was shocked at how large it was. sadly the gray/black color is no longer available in xxs (a size i would never typically order) and is not available in petite sizes. i liked the design, the fabric, and the color. if you are lucky enough to be larger than a size xs, i recommend ordering one size smaller than your usual.

for reference, i'm 5'3"", 111 lbs, 28dddd/30ddd, and usual wear a size 0 in dresses and pants (i",4,0,1,General Petite,Dresses,Dresses,"Love it, but it's huge!. This would be a great dress if it was sized correctly. i ordered my usual xs and was shocked at how large it was. sadly the gray/black color is no longer available in xxs (a size i would never typically order) and is not available in petite sizes. i liked the design, the fabric, and the color. if you are lucky enough to be larger than a size xs, i recommend ordering one size smaller than your usual.

for reference, i'm 5'3"", 111 lbs, 28dddd/30ddd, and usual wear a size 0 in dresses and pants (i",-0.9773997068405151,45-54
5226,1033,40,Super cute!,"I bought these cords in navy. the color is beautiful and the fit is great. it is a very slimming fit. i am usually between a 27 and 28, i ordered the 28 and they fit perfectly!",5,1,0,General Petite,Bottoms,Jeans,"Super cute!. I bought these cords in navy. the color is beautiful and the fit is great. it is a very slimming fit. i am usually between a 27 and 28, i ordered the 28 and they fit perfectly!",0.999803364276886,35-44
13090,975,60,,"It jacket of the season! this bomber is absolutely perfect. not only is the embroidery beautiful, but it's super comfy as well. it's lightweight, nicely lined, and well made. i only gave it four stars for quality simply because the embroidery could get pulled and frayed if not careful. you should expect that with any silky embroidered fabric however.  i would highly recommend this jacket for any body type.",5,1,0,General Petite,Jackets,Jackets,". It jacket of the season! this bomber is absolutely perfect. not only is the embroidery beautiful, but it's super comfy as well. it's lightweight, nicely lined, and well made. i only gave it four stars for quality simply because the embroidery could get pulled and frayed if not careful. you should expect that with any silky embroidered fabric however.  i would highly recommend this jacket for any body type.",0.9997687935829163,55+
18218,290,41,New favorite sweater,"Great, easy to wear addition to the wardrobe. i wore it all day today and no pilling! plus the pockets are really convenient...they are a good depth for car keys or a small wallet. i'm pretty busty (32ddd) and have a curvy body...with that said, the small fit well. i prefer wearing it with the zippers opened because my behind and hips look odd with the sweater fully zipped...(for ref 36 inch hips). give this one a shot...it's a nice surprise.",5,1,1,Initmates,Intimate,Lounge,"New favorite sweater. Great, easy to wear addition to the wardrobe. i wore it all day today and no pilling! plus the pockets are really convenient...they are a good depth for car keys or a small wallet. i'm pretty busty (32ddd) and have a curvy body...with that said, the small fit well. i prefer wearing it with the zippers opened because my behind and hips look odd with the sweater fully zipped...(for ref 36 inch hips). give this one a shot...it's a nice surprise.",0.9988076686859131,35-44
4453,868,29,Sleeves are a dealbreaker,"This is literally the most unflattering thing i have ever tried on from retailer. the sleeves are so weird and ugly. they get really fat at the top, like a dolman sleeve, but it looks really strange because they don?t flow into the rest of the top, which is very structured. it made my shoulders look huge even though i have very narrow shoulders. this is not apparent in the model picture at all. the thick black seams at the shoulders are also placed in a really awkward spot which also contri",1,0,2,General,Tops,Knits,"Sleeves are a dealbreaker. This is literally the most unflattering thing i have ever tried on from retailer. the sleeves are so weird and ugly. they get really fat at the top, like a dolman sleeve, but it looks really strange because they don?t flow into the rest of the top, which is very structured. it made my shoulders look huge even though i have very narrow shoulders. this is not apparent in the model picture at all. the thick black seams at the shoulders are also placed in a really awkward spot which also contri",-0.9965542554855347,25-34
3392,836,62,Size up if you're busty,"I've been looking for a great white blouse for awhile, and this is it! the tie waist is especially flattering for hourglass figures, but i'm sure it would add some curves to any body type. the fabric is soft, not crisp, and drapes beautifully. you definitely will be doing some ironing, though. it's a bit sheer, but i always wear nude bras and felt no need for a cami. i did buy the regular, rather than petite sizing and usually wear a 0 or 2, but had to size up to a 4 regular to avoid gaping in f",5,1,1,General Petite,Tops,Blouses,"Size up if you're busty. I've been looking for a great white blouse for awhile, and this is it! the tie waist is especially flattering for hourglass figures, but i'm sure it would add some curves to any body type. the fabric is soft, not crisp, and drapes beautifully. you definitely will be doing some ironing, though. it's a bit sheer, but i always wear nude bras and felt no need for a cami. i did buy the regular, rather than petite sizing and usually wear a 0 or 2, but had to size up to a 4 regular to avoid gaping in f",0.9979097247123718,55+
356,831,42,Could have been cute...,"The fabric was nothing special (i usually like a cotton/silk blend woven fabric, but this was stiff feeling) and the pattern was cute. but what made me return it was the fact that 1) the rose gold glitter dots are puffy paint. literally. puffy. paint. and 2) the dots were not quite dry on my top when it arrived. parts of the paint came off on my fingers and the top was stuck to itself because of it. i could barely unfold it.

i'm sure this could have been cute, but who wants a top that looks lik",1,0,6,General,Tops,Blouses,"Could have been cute.... The fabric was nothing special (i usually like a cotton/silk blend woven fabric, but this was stiff feeling) and the pattern was cute. but what made me return it was the fact that 1) the rose gold glitter dots are puffy paint. literally. puffy. paint. and 2) the dots were not quite dry on my top when it arrived. parts of the paint came off on my fingers and the top was stuck to itself because of it. i could barely unfold it.

i'm sure this could have been cute, but who wants a top that looks lik",-0.9273824095726013,35-44
14854,833,42,Lovely top,"I'm 5'1"" and this top was too long for me. it's pretty but expensive for what it is.",3,1,0,General,Tops,Blouses,"Lovely top. I'm 5'1"" and this top was too long for me. it's pretty but expensive for what it is.",0.9847420454025269,35-44
15412,1099,56,Great touring dress,"I just bought this dress in the store and i love it. i'm in my 50s and it does every thing i need a dress to do. it has sleeves, it's modest enough and shows my shape. the colors are great and go with most shoes. i'm heading to italy soon and this one will see me through many museums and churches. great buy!",5,1,1,General Petite,Dresses,Dresses,"Great touring dress. I just bought this dress in the store and i love it. i'm in my 50s and it does every thing i need a dress to do. it has sleeves, it's modest enough and shows my shape. the colors are great and go with most shoes. i'm heading to italy soon and this one will see me through many museums and churches. great buy!",0.9998666048049927,55+
22545,1037,51,Excellent quality,"Bought the green in the store. wore them every week for 3 weeks so i bought the bronze color too. i usually wear a 26 in pilcro because they do give a little during the day. i had to go up to the 27 because the thighs were a little too snug for me. there's a zipper at the ankle so getting you foot through isn't a problem. the fabric is sturdy. it almost feels like a brushed cotton (soft to the touch). they zip up the side so are very slimming. i'm 5'4"" 120# for reference.",5,1,2,General,Bottoms,Jeans,"Excellent quality. Bought the green in the store. wore them every week for 3 weeks so i bought the bronze color too. i usually wear a 26 in pilcro because they do give a little during the day. i had to go up to the 27 because the thighs were a little too snug for me. there's a zipper at the ankle so getting you foot through isn't a problem. the fabric is sturdy. it almost feels like a brushed cotton (soft to the touch). they zip up the side so are very slimming. i'm 5'4"" 120# for reference.",-0.8276963233947754,45-54
15903,94,38,"Great idea, poor execution","I absolutely loved the idea of an elongated hoodie as a lounge dress or robe. unfortunately, this particular product left a lot to be desired. firstly, the fit is slim, not relaxed. i'm 5'4"", at 110 lbs and tried both the size 1 (equivalent of a small) and size 2 (equivalent of a medium). sizing up just added length and did not do much to increase roominess. they both zipped up easily but did not drape well. finally, the fabric was really not welcoming. i prefer terry over fleece, however this w",3,0,32,Initmates,Intimate,Lounge,"Great idea, poor execution. I absolutely loved the idea of an elongated hoodie as a lounge dress or robe. unfortunately, this particular product left a lot to be desired. firstly, the fit is slim, not relaxed. i'm 5'4"", at 110 lbs and tried both the size 1 (equivalent of a small) and size 2 (equivalent of a medium). sizing up just added length and did not do much to increase roominess. they both zipped up easily but did not drape well. finally, the fabric was really not welcoming. i prefer terry over fleece, however this w",-0.9996567964553833,35-44
22184,854,46,Very low cut...and a weird snap,"Love tiny. i am 5'7"", 125-128 lbs depending on the day, and a 34a. i also have a very long torso, and tiny shirts are one of the few brands that are usually long enough for me. this one, however, was a huge miss. i ordered online in my usual tiny xs. it was much too big around and felt shorter in the front than stated, so it looked boxy on me. however, the worst part was the placket. the description doesn't note that it's held together with a tiny snap. that snap takes nothing to undo, and then",2,0,1,General,Tops,Knits,"Very low cut...and a weird snap. Love tiny. i am 5'7"", 125-128 lbs depending on the day, and a 34a. i also have a very long torso, and tiny shirts are one of the few brands that are usually long enough for me. this one, however, was a huge miss. i ordered online in my usual tiny xs. it was much too big around and felt shorter in the front than stated, so it looked boxy on me. however, the worst part was the placket. the description doesn't note that it's held together with a tiny snap. that snap takes nothing to undo, and then",-0.9893398880958557,45-54
6889,251,36,,Love this cardigan! i've been searching for a comfortable lounge type of sweater and this is perfect. the sleeves are a bit tighter than the body. but i would wear it over a tank top so it is comfortable. i am 125 lb and 5'5' and i ordered my usual m.,5,1,0,Initmates,Intimate,Lounge,. Love this cardigan! i've been searching for a comfortable lounge type of sweater and this is perfect. the sleeves are a bit tighter than the body. but i would wear it over a tank top so it is comfortable. i am 125 lb and 5'5' and i ordered my usual m.,0.9950546026229858,35-44
10241,592,58,Lovely but...,I have been staring at these shorts since they first appeared and finally decided to treat myself to them for my birthday. when they came in the mail i was so excited and they in person are even more beautiful and well made then in the picture. but be warned these shorts are rather short so if you don't mind showing a bit of leg these will be right up your alley.,4,1,0,General,Bottoms,Shorts,Lovely but.... I have been staring at these shorts since they first appeared and finally decided to treat myself to them for my birthday. when they came in the mail i was so excited and they in person are even more beautiful and well made then in the picture. but be warned these shorts are rather short so if you don't mind showing a bit of leg these will be right up your alley.,0.9962028861045837,55+
6668,552,53,You don't know what you get until you get them...,"Like a previous reviewer mentioned the jeans do not necessarily look like the one in the photo. i first ordered them in my regular size and also had to notice that they are cut like men's jeans with legs so skinny that i could only force them over my calves. the embroiding is beautiful, but it also stops the material from stretching, so the the super skinny legs are a real problem. also, they are not as intensely stone washed as shown in the picture. i decided to order them again one size bigger",3,0,1,General,Trend,Trend,"You don't know what you get until you get them.... Like a previous reviewer mentioned the jeans do not necessarily look like the one in the photo. i first ordered them in my regular size and also had to notice that they are cut like men's jeans with legs so skinny that i could only force them over my calves. the embroiding is beautiful, but it also stops the material from stretching, so the the super skinny legs are a real problem. also, they are not as intensely stone washed as shown in the picture. i decided to order them again one size bigger",-0.9813258647918701,45-54
3108,285,22,,"It seemed to stay in place and did not require constant readjustment. however, i found the band to be extremely small and tight. it is not the most comfortable bra because of the way the band just presses into your skin.",1,0,2,Initmates,Intimate,Intimates,". It seemed to stay in place and did not require constant readjustment. however, i found the band to be extremely small and tight. it is not the most comfortable bra because of the way the band just presses into your skin.",-0.5424760580062866,<25
23460,1078,34,Such high hopes!,"I purchased this for a very good price and i typically love maeve... should have been a win-win. the fabric is thin and slinky in the most unfortunate way. it made finding appropriate undergarments very difficult. i had to add a slip (that helped) and figured that since i'm losing weight, it would look better when i'm down a few more pounds. that being said, i didn't find it to be figure flattering. i have a tummy and there was at least one photo from the bridal shower i wore this to, where i lo",3,0,0,General,Dresses,Dresses,"Such high hopes!. I purchased this for a very good price and i typically love maeve... should have been a win-win. the fabric is thin and slinky in the most unfortunate way. it made finding appropriate undergarments very difficult. i had to add a slip (that helped) and figured that since i'm losing weight, it would look better when i'm down a few more pounds. that being said, i didn't find it to be figure flattering. i have a tummy and there was at least one photo from the bridal shower i wore this to, where i lo",-0.9970278143882751,25-34
5705,1078,53,Great dress,Great dress that can be casual or dressy. well-made and comes with.a built-in slip.,5,1,0,General,Dresses,Dresses,Great dress. Great dress that can be casual or dressy. well-made and comes with.a built-in slip.,0.9988683462142944,45-54
9298,1030,30,,This picture does not represent these jeans .. the color is way off. they are more yellow toned and look much more worn than in the picture. they also run very small.,2,0,0,General,Bottoms,Jeans,. This picture does not represent these jeans .. the color is way off. they are more yellow toned and look much more worn than in the picture. they also run very small.,-0.9995542168617249,25-34
3285,877,35,A cozy peplum top,"I love the look of peplum tops, i think they are very forgiving, and they do a fantastic job of hiding my residual baby weight while still allowing me to look like i have an amazing figure (not washed out figure). i have several peplum tops, but most of them are made out of a thicker fabric and they don't have much movability. i absolutely love this one because it is a more casual design and much more comfortable than i am used to while still keeping the integrity of the peplum design. the fabri",5,1,7,General,Tops,Knits,"A cozy peplum top. I love the look of peplum tops, i think they are very forgiving, and they do a fantastic job of hiding my residual baby weight while still allowing me to look like i have an amazing figure (not washed out figure). i have several peplum tops, but most of them are made out of a thicker fabric and they don't have much movability. i absolutely love this one because it is a more casual design and much more comfortable than i am used to while still keeping the integrity of the peplum design. the fabri",0.9989718198776245,25-34
14599,1084,40,"Very thick & shapless, runs large","This dress didn't work for me at all. i'm 6ft tall, 160lb, i usually wear size l 8/10, but based on the reviews i ordered an m. the material of this dress is very soft and fuzzy, color is about the same as pictured, also length is appropriate. dress is very thick and warm, the fabric however has no stretch at all, dress is very specious and shapeless. there is allot of room everywhere except shoulders & sleeves, i thought that area was tight & snug which is strange because it runs large everywhe",1,0,11,General,Dresses,Dresses,"Very thick & shapless, runs large. This dress didn't work for me at all. i'm 6ft tall, 160lb, i usually wear size l 8/10, but based on the reviews i ordered an m. the material of this dress is very soft and fuzzy, color is about the same as pictured, also length is appropriate. dress is very thick and warm, the fabric however has no stretch at all, dress is very specious and shapeless. there is allot of room everywhere except shoulders & sleeves, i thought that area was tight & snug which is strange because it runs large everywhe",-0.966907262802124,35-44
3598,869,44,My new favorite!,"I can't say enough about this top! absolutely adorable, the pics don't do it justice. it is made of a soft, medium weight jersey material. the lace makes the top more dressey and unique. the drop waiste elongatesy our torso and is loose pleated at the bottom for interest. i am 5'6'', 135 pounds, and long waisted. this fits me perfect (sz small.) the pleated bottom on me begins at low hips (below belly button) so it layes nice and is very flattering. no swing to the top,no bulky extra flare at al",5,1,3,General Petite,Tops,Knits,"My new favorite!. I can't say enough about this top! absolutely adorable, the pics don't do it justice. it is made of a soft, medium weight jersey material. the lace makes the top more dressey and unique. the drop waiste elongatesy our torso and is loose pleated at the bottom for interest. i am 5'6'', 135 pounds, and long waisted. this fits me perfect (sz small.) the pleated bottom on me begins at low hips (below belly button) so it layes nice and is very flattering. no swing to the top,no bulky extra flare at al",0.9919314980506897,35-44
4708,836,42,Not right for every body type.,"I have a 36c bust. i bought this blouse in a 10, even though i wear an 8 or 10. i sized up based on previous reviews. this top was super tight in the bust (it literally flattened my breasts) and very loose on the bottom. it was not flattering at all. the material is gorgeous. it is thick. it is lined. it is darted at the bust and it flares out in a peplum fashion where the light fabric up top meets the dark band of fabric in the middle. the problem is that busty ladies will find the bust area wa",3,0,3,General Petite,Tops,Blouses,"Not right for every body type.. I have a 36c bust. i bought this blouse in a 10, even though i wear an 8 or 10. i sized up based on previous reviews. this top was super tight in the bust (it literally flattened my breasts) and very loose on the bottom. it was not flattering at all. the material is gorgeous. it is thick. it is lined. it is darted at the bust and it flares out in a peplum fashion where the light fabric up top meets the dark band of fabric in the middle. the problem is that busty ladies will find the bust area wa",0.782263994216919,35-44
17049,867,30,Gorgeous,"I bought this on a whim, and i love it. the colors are much brighter than the photo would indicate. it's definitely a poncho - oversize is the name of the game - but it's cozy, gorgeous and i wish i could wear it every day.",5,1,1,General,Tops,Knits,"Gorgeous. I bought this on a whim, and i love it. the colors are much brighter than the photo would indicate. it's definitely a poncho - oversize is the name of the game - but it's cozy, gorgeous and i wish i could wear it every day.",0.999841570854187,25-34
10573,929,46,A new wardrobe staple!,"Love this sweater! i purchased both the green and gray versions and will wear them constantly this winter. although some reviews were critical of the feel of the yarn, i do not find this to be a problem... so happy with these products! for reference to size, i bought the m and am 5'11... the sweater hits me exactly where it does on the model.",5,1,1,General,Tops,Sweaters,"A new wardrobe staple!. Love this sweater! i purchased both the green and gray versions and will wear them constantly this winter. although some reviews were critical of the feel of the yarn, i do not find this to be a problem... so happy with these products! for reference to size, i bought the m and am 5'11... the sweater hits me exactly where it does on the model.",0.9998111128807068,45-54
34,697,39,Love this dress!,"This is such a neat dress. the color is great and the fabric is super soft. i am tall so the long length was an added bonus. it definitely needs something underneath since the front gaps. i am going to pair it with a funky tank top, necklaces and boots. super cute!!",5,1,0,Initmates,Intimate,Lounge,"Love this dress!. This is such a neat dress. the color is great and the fabric is super soft. i am tall so the long length was an added bonus. it definitely needs something underneath since the front gaps. i am going to pair it with a funky tank top, necklaces and boots. super cute!!",0.9996477365493774,35-44
9521,895,39,,I bought the lavender one and i'm so glad i did. the sweater looks prettier in person and it's super soft! the back detailing makes this one not your average v-neck sweater. i highly recommend this to anyone!,5,1,6,General,Tops,Fine gauge,. I bought the lavender one and i'm so glad i did. the sweater looks prettier in person and it's super soft! the back detailing makes this one not your average v-neck sweater. i highly recommend this to anyone!,0.998954176902771,35-44
12261,377,37,Perfect tank!,"I know this is labeled under activewear, but the fabric is a dream, it's incredibly flattering and could absolutely be worn in any outfit! i just bought the moss and may end up getting the other colors too. i generally am a l or xl, and the large fit well. it's alined and has a bit of stretch to it. it's so comfortable! highly recommend!",5,1,8,Initmates,Intimate,Lounge,"Perfect tank!. I know this is labeled under activewear, but the fabric is a dream, it's incredibly flattering and could absolutely be worn in any outfit! i just bought the moss and may end up getting the other colors too. i generally am a l or xl, and the large fit well. it's alined and has a bit of stretch to it. it's so comfortable! highly recommend!",0.9996629953384399,35-44
4071,1056,40,Comfy and cute!!,Love these wide-leg chinos. they are super comfy and the fabric is incredibly soft. the size fit true for me. i would buy these again.,5,1,0,General Petite,Bottoms,Pants,Comfy and cute!!. Love these wide-leg chinos. they are super comfy and the fabric is incredibly soft. the size fit true for me. i would buy these again.,0.9998192191123962,35-44
23220,1122,38,So cozy,"Tried on my normal size in the store and i was swimming in it. the sales associate suggested i order the petite in store. perfect! i just wish there were more opportunities to try on petite sizes in store.
this coat is soft and roomy. when it's buttoned up it has a great shape too.",5,1,1,General,Jackets,Outerwear,"So cozy. Tried on my normal size in the store and i was swimming in it. the sales associate suggested i order the petite in store. perfect! i just wish there were more opportunities to try on petite sizes in store.
this coat is soft and roomy. when it's buttoned up it has a great shape too.",0.9991939663887024,35-44
11662,1078,28,Wife loves it,Got this for my wife for christmas and she is very happy with it. the size is perfect for her and she regularly orders things as a medium from this store.,4,1,2,General,Dresses,Dresses,Wife loves it. Got this for my wife for christmas and she is very happy with it. the size is perfect for her and she regularly orders things as a medium from this store.,0.9998699426651001,25-34
5188,909,70,Great fit and style,"This is a great cardigan to wear buttoned or open. the fit is perfect; it is fitted and looks great with jeans, skirts or over a sleeveless dress. love the little detail of lace to show skin. fabric has lycra so it hugs your bodice just enough!! love it.",5,1,1,General Petite,Tops,Fine gauge,"Great fit and style. This is a great cardigan to wear buttoned or open. the fit is perfect; it is fitted and looks great with jeans, skirts or over a sleeveless dress. love the little detail of lace to show skin. fabric has lycra so it hugs your bodice just enough!! love it.",0.9998156428337097,55+
12930,1078,34,Great dress!,"I bought this dress for fall and will get a lot of wear out of it! the fit is perfect - loose, but structured. plan to pair with booties over the coming months!",5,1,0,General Petite,Dresses,Dresses,"Great dress!. I bought this dress for fall and will get a lot of wear out of it! the fit is perfect - loose, but structured. plan to pair with booties over the coming months!",0.9930140376091003,25-34
23349,834,53,"Cute top, flatters large bust","I was a little wary of this top but decided to try anyway. so glad i did. the style is great and the fabric is lightweight and comfy. i debated between the blue and the honey and ended up with the honey. it is just so different yet such a nice neutral. i am normally a size 10 (or maybe a large 8) in tops and purchased this in size 6. it definitely runs large. for reference i am 5'6"", 145 lbs, 34dd. not sure why another reviewer said this top isn't for large busts. it was very flattering on me an",5,1,0,General,Tops,Blouses,"Cute top, flatters large bust. I was a little wary of this top but decided to try anyway. so glad i did. the style is great and the fabric is lightweight and comfy. i debated between the blue and the honey and ended up with the honey. it is just so different yet such a nice neutral. i am normally a size 10 (or maybe a large 8) in tops and purchased this in size 6. it definitely runs large. for reference i am 5'6"", 145 lbs, 34dd. not sure why another reviewer said this top isn't for large busts. it was very flattering on me an",0.9992885589599609,45-54
14969,1127,29,Odd shaped coat with stripped bands sewn in,Ordered a size medium as i usually take a medium in retailer coats- the wool is wonderful however the stripped bands are sewn into the fabric which add to the weight. the coat has an odd shape - not a line or straight. the medium was large on me. the bottom edges of the coat did not line up when buttoned and there was no inside hook or button to help even out the bottom edges. sadly this coat will be returned.,2,0,10,General,Jackets,Outerwear,Odd shaped coat with stripped bands sewn in. Ordered a size medium as i usually take a medium in retailer coats- the wool is wonderful however the stripped bands are sewn into the fabric which add to the weight. the coat has an odd shape - not a line or straight. the medium was large on me. the bottom edges of the coat did not line up when buttoned and there was no inside hook or button to help even out the bottom edges. sadly this coat will be returned.,-0.9933598637580872,25-34
6443,1080,32,Almost great,"I tried this dress in an xs (my usual size) and it is tts. i love the fabric and pattern and the tiers of the dress are pretty. however, the color kind of washed me out and the neckline made the dress look matronly on me. i didn&#39;t get the dress and wished it worked out.",3,1,0,General Petite,Dresses,Dresses,"Almost great. I tried this dress in an xs (my usual size) and it is tts. i love the fabric and pattern and the tiers of the dress are pretty. however, the color kind of washed me out and the neckline made the dress look matronly on me. i didn&#39;t get the dress and wished it worked out.",0.524348795413971,25-34
6939,662,35,Gorgeous in person,"The pictures online do not do this justice. i did not even recognize it as the same dress at first. i went a size down and that way it flatters my curves beautifully instead of looking like a robe. it can actually be worn 3 ways- i like closing the closest snap(there's two) in the middle with a skinny belt over it, and a slip dress underneath. this way, the dress has a deep v neck and opens out in front when walking. think 1940's glam. it can also be fully closed like in the picture, or left ope",5,1,6,Initmates,Intimate,Lounge,"Gorgeous in person. The pictures online do not do this justice. i did not even recognize it as the same dress at first. i went a size down and that way it flatters my curves beautifully instead of looking like a robe. it can actually be worn 3 ways- i like closing the closest snap(there's two) in the middle with a skinny belt over it, and a slip dress underneath. this way, the dress has a deep v neck and opens out in front when walking. think 1940's glam. it can also be fully closed like in the picture, or left ope",0.5608329176902771,25-34
16855,834,70,This tunic fits perfectly!,This tunic is beautiful! the color is a vibrant blue. i can wear it with jeans or dress it up with my white linen capris! i ordered the small and it fits me perfectly!!!,5,1,0,General,Tops,Blouses,This tunic fits perfectly!. This tunic is beautiful! the color is a vibrant blue. i can wear it with jeans or dress it up with my white linen capris! i ordered the small and it fits me perfectly!!!,0.9998457431793213,55+
22200,858,31,Hole in it after a month,"I have had this shirt for a little over a month. i've wore it maybe 3-5 times and there is a small hole in the middle of the sleeve on my shoulder. it's not even on a seam, so i can't fix it. i expect much better quality from retailer. don't buy this. the quality is very disappointing. which is really unfortunate because this is a very nice fitting shirt and goes well with pencil skirts.",2,0,0,General Petite,Tops,Knits,"Hole in it after a month. I have had this shirt for a little over a month. i've wore it maybe 3-5 times and there is a small hole in the middle of the sleeve on my shoulder. it's not even on a seam, so i can't fix it. i expect much better quality from retailer. don't buy this. the quality is very disappointing. which is really unfortunate because this is a very nice fitting shirt and goes well with pencil skirts.",-0.9936602711677551,25-34
22267,867,36,Lovely,This top is perfectly feminine. the fabric is light and the bow adds that perfect touch of distinction.,4,1,0,General Petite,Tops,Knits,Lovely. This top is perfectly feminine. the fabric is light and the bow adds that perfect touch of distinction.,0.9998795986175537,35-44
20372,1059,69,Love these pants!,"So so cute. i am 5' 7"" 150-155lbs and the 10 fit me perfectly. i expected the m or 10 to be too small. wore them the first day i received them. i have a large waist 34"". hips about 39"" and the 10 fits great, not tight. love the material and the workmanship is tops. i think they are a great buy especially on sale. wore them with a hei hei jacket also on sale, can't get much better.",5,1,0,General,Bottoms,Pants,"Love these pants!. So so cute. i am 5' 7"" 150-155lbs and the 10 fit me perfectly. i expected the m or 10 to be too small. wore them the first day i received them. i have a large waist 34"". hips about 39"" and the 10 fits great, not tight. love the material and the workmanship is tops. i think they are a great buy especially on sale. wore them with a hei hei jacket also on sale, can't get much better.",0.998719334602356,55+
20277,242,35,Runs super small,"Holy cow does this run small-like really small. i ordered the normal size i would wear and couldn't even get it passed my legs-until i supplied the most amount of effort i could (against my better judgment) and managed to get it on-but it was definitely too small. i would classify myself as petite and my normal size was way too short on my torso. it, of course, was a mistake to force it on because it was just as hard to get it off.

that said, i love the suit and am going to try in one and 2 siz",4,1,13,Initmates,Intimate,Swim,"Runs super small. Holy cow does this run small-like really small. i ordered the normal size i would wear and couldn't even get it passed my legs-until i supplied the most amount of effort i could (against my better judgment) and managed to get it on-but it was definitely too small. i would classify myself as petite and my normal size was way too short on my torso. it, of course, was a mistake to force it on because it was just as hard to get it off.

that said, i love the suit and am going to try in one and 2 siz",-0.9988859295845032,25-34
3179,862,60,,"Great layering top! love the color- grey striped, matches almost anything. the sizing is perfect and the material is nice and think but not so chunky that it adds pounds to your frame. interesting detail with the snap neck looks sporty and jeeps it from being just another basic turtleneck.",4,1,0,General Petite,Tops,Knits,". Great layering top! love the color- grey striped, matches almost anything. the sizing is perfect and the material is nice and think but not so chunky that it adds pounds to your frame. interesting detail with the snap neck looks sporty and jeeps it from being just another basic turtleneck.",0.9993070363998413,55+
18980,1078,22,,"Absolutely adore this dress and plan onwearing it to a wedding. it is so well made and luxurious, i feel amazing in it! even more gorgeous in person",5,1,2,General,Dresses,Dresses,". Absolutely adore this dress and plan onwearing it to a wedding. it is so well made and luxurious, i feel amazing in it! even more gorgeous in person",0.9998886585235596,<25
11037,1050,36,I'm tall and it's perfect,I'm always scared of rompers because of my height and long legs. but this one was perfect. it didn't ride up or hit in a weird spot on the hips. it's very flattering.,5,1,1,General Petite,Bottoms,Pants,I'm tall and it's perfect. I'm always scared of rompers because of my height and long legs. but this one was perfect. it didn't ride up or hit in a weird spot on the hips. it's very flattering.,0.9994204044342041,35-44
10189,1076,34,Love this boho dress,"I love this unique piece. it is slightly over sized which is intended - cinches allow you to tighten the waist area/providing more definition. will look great with booties in the fall.. great boho dress.. the included slip runs small and short. however, if it's a piece you love, you could easily wear a different slip if you wanted something a little longer.",4,1,1,General,Dresses,Dresses,"Love this boho dress. I love this unique piece. it is slightly over sized which is intended - cinches allow you to tighten the waist area/providing more definition. will look great with booties in the fall.. great boho dress.. the included slip runs small and short. however, if it's a piece you love, you could easily wear a different slip if you wanted something a little longer.",0.9986382126808167,25-34
16406,1086,42,,"Love love! beautiful, soft, great color! very comfortable!",5,1,5,General,Dresses,Dresses,". Love love! beautiful, soft, great color! very comfortable!",0.9998878240585327,35-44
7739,824,38,"Recommend, reservedly","I'm not sure how i feel about this shirt. i love the fabric, which is soft, lightweight, and richly colored. the polka dot trim is quirky and fun, and i like the idea of the twisted hem. the cut is generous in width, for sure; i ended up ordering a small because i swam in my usual medium-to-large sizes, but the length of the small barely works. the sleeves are juuuust long enough, and the shirt hits me just at the hip, not nearly as far down as the model shots show. it may be because i'm busty a",4,1,0,General Petite,Tops,Blouses,"Recommend, reservedly. I'm not sure how i feel about this shirt. i love the fabric, which is soft, lightweight, and richly colored. the polka dot trim is quirky and fun, and i like the idea of the twisted hem. the cut is generous in width, for sure; i ended up ordering a small because i swam in my usual medium-to-large sizes, but the length of the small barely works. the sleeves are juuuust long enough, and the shirt hits me just at the hip, not nearly as far down as the model shots show. it may be because i'm busty a",0.9968904852867126,35-44
19718,1038,53,Cool and fun!,"I honestly, have to give these jeans 5stars.  i loved them when i saw them in the store and had to have them and when i wore them, i got tons of compliments. they are super comfortable too!  i read some of the other reviews and thought that their comments were a little strange.  these jeans are obviously not classic and they will go of style but, if you run a little outside of the style box you will welcome them in your wardrobe.",5,1,0,General Petite,Bottoms,Jeans,"Cool and fun!. I honestly, have to give these jeans 5stars.  i loved them when i saw them in the store and had to have them and when i wore them, i got tons of compliments. they are super comfortable too!  i read some of the other reviews and thought that their comments were a little strange.  these jeans are obviously not classic and they will go of style but, if you run a little outside of the style box you will welcome them in your wardrobe.",0.9995661377906799,45-54
1261,979,60,Fell in love,"Picture definitely does not do this vest justice.  i saw it on a rack and had to try on and instantly loved the look and feel.  i am 5'9"" - 135 lbs - size 6 and the small works for me.  the vest will work with ivory, black, grey, and red underneath.  i love the little bits of fur sticking out of the seams.  the back has fitted seams to give it a trim look.  there are small pockets in the front as well.  definitely worth the 108$ asking price.",5,1,0,General,Jackets,Jackets,"Fell in love. Picture definitely does not do this vest justice.  i saw it on a rack and had to try on and instantly loved the look and feel.  i am 5'9"" - 135 lbs - size 6 and the small works for me.  the vest will work with ivory, black, grey, and red underneath.  i love the little bits of fur sticking out of the seams.  the back has fitted seams to give it a trim look.  there are small pockets in the front as well.  definitely worth the 108$ asking price.",0.9510791897773743,55+
22249,1046,50,Great pattern,Simple pull-on pant with a great design. they look flattering on and can easily be dressed up. i wear between a 4 and 6 and the small fit perfect. i have washed them and worn them several times and they still seem good as new. the wide elastic waistband ensures that they stay in place.,4,1,4,General,Bottoms,Pants,Great pattern. Simple pull-on pant with a great design. they look flattering on and can easily be dressed up. i wear between a 4 and 6 and the small fit perfect. i have washed them and worn them several times and they still seem good as new. the wide elastic waistband ensures that they stay in place.,0.9996719360351562,45-54
209,862,44,,Love the fabric of this shirt even though it was thinner than i expected. it is soft to the skin and flattering. however i returned it because it is made for women with long torso and shorter shoulders.,1,0,1,General,Tops,Knits,. Love the fabric of this shirt even though it was thinner than i expected. it is soft to the skin and flattering. however i returned it because it is made for women with long torso and shorter shoulders.,0.99665367603302,35-44
15279,1083,67,Third time is the charm !!!!,"Several months ago i bought the byron lars pieced brocade dress (size 10) it's a little large through the torso area but with the belt it fits good enough. since i have loved this dress so much i wanted another byron lars dress so i bought the carissima sheath and the sunrose dress both in a 10. they both were way too big so i ordered a size 8 and they both just barely fit ??? oh was i disappointed....so one more try, i ordered this dress the allusione sheath size 10, and yepeee it fits perfect",5,1,1,General,Dresses,Dresses,"Third time is the charm !!!!. Several months ago i bought the byron lars pieced brocade dress (size 10) it's a little large through the torso area but with the belt it fits good enough. since i have loved this dress so much i wanted another byron lars dress so i bought the carissima sheath and the sunrose dress both in a 10. they both were way too big so i ordered a size 8 and they both just barely fit ??? oh was i disappointed....so one more try, i ordered this dress the allusione sheath size 10, and yepeee it fits perfect",-0.9651392102241516,55+
16667,1092,53,Beautiful dress,This dress is so beautiful in person. i actually am currently wearing it with jeans and i get so many compliments on it. this picture on the website does not really do it justice. very flowy beautiful top/dress.,5,1,3,General,Dresses,Dresses,Beautiful dress. This dress is so beautiful in person. i actually am currently wearing it with jeans and i get so many compliments on it. this picture on the website does not really do it justice. very flowy beautiful top/dress.,0.7249959707260132,45-54
2185,146,31,,Love these pajama bottoms. they are so comfortable and the print is fun and unique. i highly recommend. they run true to size and have a great length. they look short on the model but mine are perfect.,5,1,10,General Petite,Intimate,Lounge,. Love these pajama bottoms. they are so comfortable and the print is fun and unique. i highly recommend. they run true to size and have a great length. they look short on the model but mine are perfect.,0.9998651742935181,25-34
18714,1077,42,,Great dress.  fitted but flowing.  i like the colors and think it will easily grams iron to fall.  i am 5 ft 32 d 27 waist.,5,1,1,General,Dresses,Dresses,. Great dress.  fitted but flowing.  i like the colors and think it will easily grams iron to fall.  i am 5 ft 32 d 27 waist.,0.9979144930839539,35-44
2082,912,70,Versatile vest,I love the black and grey version of the vest but decided too try it in plum. the plum color is used only on the lapels and inside of the garment. it has no finished seams but it is like a soft boiled wool so it wouldn't ravel. the seam in the waistline area breaks up the design and adds more interest.,4,1,4,General,Tops,Fine gauge,Versatile vest. I love the black and grey version of the vest but decided too try it in plum. the plum color is used only on the lapels and inside of the garment. it has no finished seams but it is like a soft boiled wool so it wouldn't ravel. the seam in the waistline area breaks up the design and adds more interest.,0.9233198165893555,55+
8535,964,31,Don't try this on if you aren't prepared to buy it,"I love this jacket. it has great structure and lays nicely, while still have knit arms and a lining. don't try this on if you aren't prepared to buy it because it's amazing. color is more of an olive than a khaki to me as it appears in this picture. i am 5'5"", 135lbs, 34c, and the small fit perfectly. definitely consider this as an investment piece across many seasons.",5,1,1,General Petite,Jackets,Jackets,"Don't try this on if you aren't prepared to buy it. I love this jacket. it has great structure and lays nicely, while still have knit arms and a lining. don't try this on if you aren't prepared to buy it because it's amazing. color is more of an olive than a khaki to me as it appears in this picture. i am 5'5"", 135lbs, 34c, and the small fit perfectly. definitely consider this as an investment piece across many seasons.",0.9998204112052917,25-34
9149,907,37,Love the color,"I love this sweater! i'm very sensitive to fabrics and this really doesn't bother me too much. it's soft, but just a tiny bit scratchy. but the color is a rich purple and the flexibility of being able to wear it draped or not is a nice touch. it comes right at waist length....little on the short side if you want to hide your muffin top, but otherwise a winner all around.",5,1,0,General,Tops,Fine gauge,"Love the color. I love this sweater! i'm very sensitive to fabrics and this really doesn't bother me too much. it's soft, but just a tiny bit scratchy. but the color is a rich purple and the flexibility of being able to wear it draped or not is a nice touch. it comes right at waist length....little on the short side if you want to hide your muffin top, but otherwise a winner all around.",0.9989920258522034,35-44
13921,1110,57,,"I love this dress! good for work or social occasions. flowy fabric, and not boxy. the length is perfect, not too short.  i can't wait to wear it. picture is accurate as to color.",5,1,0,General,Dresses,Dresses,". I love this dress! good for work or social occasions. flowy fabric, and not boxy. the length is perfect, not too short.  i can't wait to wear it. picture is accurate as to color.",0.999823272228241,55+
3553,1077,46,,"Dress is cute and comfortable to wear. i bought the black motif in regular size 0. it fits perfectly and falls just above my knees. i have washed it in the washing machine placed in a large zippered mesh bag and hung it to dry. as mentioned in previous reviews, with the exception of it being unlined, it's a wonderful dress and am so happy to have it.",4,1,5,General,Dresses,Dresses,". Dress is cute and comfortable to wear. i bought the black motif in regular size 0. it fits perfectly and falls just above my knees. i have washed it in the washing machine placed in a large zippered mesh bag and hung it to dry. as mentioned in previous reviews, with the exception of it being unlined, it's a wonderful dress and am so happy to have it.",0.999433696269989,45-54
4092,319,29,,"I absolutely love these shorts. i ordered a medium. i was nervous they would be too small, (my legs aren't the skinniest), but because of the slit on the side, they were fine. i do have a pretty tiny waist, and they were slightly snug but not too much to send them back. i am almost 5'7' and weight 145. i have a solid black one piece suit and they look great with it. i love the material as well, they are extremely comfortable. a little pricey, but i will definitely make use of them. i love the pr",5,1,0,Initmates,Intimate,Swim,". I absolutely love these shorts. i ordered a medium. i was nervous they would be too small, (my legs aren't the skinniest), but because of the slit on the side, they were fine. i do have a pretty tiny waist, and they were slightly snug but not too much to send them back. i am almost 5'7' and weight 145. i have a solid black one piece suit and they look great with it. i love the material as well, they are extremely comfortable. a little pricey, but i will definitely make use of them. i love the pr",0.9995649456977844,25-34
18269,1134,59,Gorgeous fall colors,"I really wish this had fit me so i could keep the vest. beautiful colors and construction. i am 5'9"" with a 36c chest. the medium was quite a bit too small across the chest (i could not close the hook) but it fit perfectly around the hips. i did not want to order a large because i felt the boxy style would be too large around the hips even if the chest fit better.",4,1,0,General,Jackets,Outerwear,"Gorgeous fall colors. I really wish this had fit me so i could keep the vest. beautiful colors and construction. i am 5'9"" with a 36c chest. the medium was quite a bit too small across the chest (i could not close the hook) but it fit perfectly around the hips. i did not want to order a large because i felt the boxy style would be too large around the hips even if the chest fit better.",0.9866936802864075,55+
11520,941,53,Love this sweater but...,".... it sheds on my cloths something fierce! not much i can do as i don't want to return it because i love it so. i love the longer panel in the back and the side slits. nice weight and feel, i just wish it didn't shed so much!",4,1,2,General,Tops,Sweaters,"Love this sweater but.... .... it sheds on my cloths something fierce! not much i can do as i don't want to return it because i love it so. i love the longer panel in the back and the side slits. nice weight and feel, i just wish it didn't shed so much!",0.9952607750892639,45-54
9238,1086,47,Still on the fence,I love denim and this tunic/dress/shirt is soft and fits really well except its almost too long to be a tunic/shirt but too short to be a dress - at least for me but i have a long torso - still not sure if i should keep it.,4,1,0,General,Dresses,Dresses,Still on the fence. I love denim and this tunic/dress/shirt is soft and fits really well except its almost too long to be a tunic/shirt but too short to be a dress - at least for me but i have a long torso - still not sure if i should keep it.,0.8998804092407227,45-54
18051,1008,60,Beautiful runs very small,Size up i was surprised that the fit was small i always seem to wear a 6 in retailer pencil skirts this was tight!,3,1,0,General,Bottoms,Skirts,Beautiful runs very small. Size up i was surprised that the fit was small i always seem to wear a 6 in retailer pencil skirts this was tight!,0.8951171040534973,55+
4442,1094,38,Bummer,"Oh, i wanted this dress to work! i bought it in green, red and the solid blue. all ran really small. i *just* fit in a 10, when i would normally take a 6 in retailer sizes (5'8"" and 140 lbs). as with many other reviewers, i also noticed that the zipper was a huge flaw. it took a long, slow motion to get it zipped because it would get stuck on the fabric variations. such a cute style, was really bummed it didn't work. i kept ordering it in other colors thinking i would hit the jackpot, but they wer",2,0,0,General,Dresses,Dresses,"Bummer. Oh, i wanted this dress to work! i bought it in green, red and the solid blue. all ran really small. i *just* fit in a 10, when i would normally take a 6 in retailer sizes (5'8"" and 140 lbs). as with many other reviewers, i also noticed that the zipper was a huge flaw. it took a long, slow motion to get it zipped because it would get stuck on the fabric variations. such a cute style, was really bummed it didn't work. i kept ordering it in other colors thinking i would hit the jackpot, but they wer",-0.9975135326385498,35-44
9160,860,44,Almost great,"I'm desperate for cute patterned shells to either layer or wear alone. i wanted this cute print to work - and it can, but it's just not great. the material is almost spandex-y, which is a bit weird. the only place it ran a bit small on me is the length of the straps, making the neck and the arms higher than i like. if i go up a size, it might be too much fabric and pleated swing around the waist. so close!",4,1,2,General Petite,Tops,Knits,"Almost great. I'm desperate for cute patterned shells to either layer or wear alone. i wanted this cute print to work - and it can, but it's just not great. the material is almost spandex-y, which is a bit weird. the only place it ran a bit small on me is the length of the straps, making the neck and the arms higher than i like. if i go up a size, it might be too much fabric and pleated swing around the waist. so close!",-0.99539715051651,35-44
398,902,38,Lovely but runs big,"Just tried 'layered sadie top' and it felt so nice on. good hand feel for both materials but note that the knit on top is a little too delicate for machine wash but can be hand washed. this item is definitely ""vanity-sized"". i'm 5'1, 113lbs and the xs looked nothing like how it does on the model. it was flowy as depicted but it came down much lower on me and looked a little maternity-esque. highly recommend because it's gorgeous and well made but i would definitely come in and try it out for you",4,1,6,General,Tops,Fine gauge,"Lovely but runs big. Just tried 'layered sadie top' and it felt so nice on. good hand feel for both materials but note that the knit on top is a little too delicate for machine wash but can be hand washed. this item is definitely ""vanity-sized"". i'm 5'1, 113lbs and the xs looked nothing like how it does on the model. it was flowy as depicted but it came down much lower on me and looked a little maternity-esque. highly recommend because it's gorgeous and well made but i would definitely come in and try it out for you",0.9735912084579468,35-44
14617,1081,69,Perfect summer go-to,"This is the first thing i saw when i walked into retailer and immediately snagged it. it is so flattering and true to size. pretty colors, unusual styling. there is nothing about this beauty that i don't like!",5,1,1,General,Dresses,Dresses,"Perfect summer go-to. This is the first thing i saw when i walked into retailer and immediately snagged it. it is so flattering and true to size. pretty colors, unusual styling. there is nothing about this beauty that i don't like!",0.9992688298225403,55+
8066,936,48,Love it!,"This sweater is super cozy and comfy and my new favorite sweater! the green is a dark khaki and really pretty. it's long enough to wear with leggings, but not boxy or frumpy.",5,1,14,General,Tops,Sweaters,"Love it!. This sweater is super cozy and comfy and my new favorite sweater! the green is a dark khaki and really pretty. it's long enough to wear with leggings, but not boxy or frumpy.",0.999782383441925,45-54
11964,829,43,Didn't work!,"I saw this very shirt online & thought it was so pretty. in person, the shirt seems flimsy. the buttons look as though they'd fall off. i also didn't like the cut of the shirt. it seemed to be tighter on top & looser on the bottom. had to return. i couldn't justify the cost with the quality.",1,0,2,General Petite,Tops,Blouses,"Didn't work!. I saw this very shirt online & thought it was so pretty. in person, the shirt seems flimsy. the buttons look as though they'd fall off. i also didn't like the cut of the shirt. it seemed to be tighter on top & looser on the bottom. had to return. i couldn't justify the cost with the quality.",-0.9993834495544434,35-44
16448,993,31,,"This skirt is a show piece! the design is beautiful and the fit is flattering for different body types. i got my usual size, even though i have a smaller waist and larger hips and thighs. the skirt looks cute with the split-back buttondown by cloth and stone. you will not regret buying this piece!",5,1,2,General,Bottoms,Skirts,". This skirt is a show piece! the design is beautiful and the fit is flattering for different body types. i got my usual size, even though i have a smaller waist and larger hips and thighs. the skirt looks cute with the split-back buttondown by cloth and stone. you will not regret buying this piece!",0.9996163845062256,25-34
9039,824,51,Very pink,On my screen this looked like burnt oranges were mixed with pink but this was all pink & very washed put pinks - looked awful on me as brunette. maybe will work for someone who likes pastels. overall style was also disappointing- just hung. this went back.,2,0,1,General,Tops,Blouses,Very pink. On my screen this looked like burnt oranges were mixed with pink but this was all pink & very washed put pinks - looked awful on me as brunette. maybe will work for someone who likes pastels. overall style was also disappointing- just hung. this went back.,-0.9993689656257629,45-54
20744,1078,27,My new favorite summer dress,"This dress is so much more stunning in person than in the photos. it's incredibly flattering, and i like how it pans out at the bottom. it also has pockets! although it has a built-in slip, it is a little see-through, so keep that in mind, otherwise, i can't wear it enough.",5,1,1,General Petite,Dresses,Dresses,"My new favorite summer dress. This dress is so much more stunning in person than in the photos. it's incredibly flattering, and i like how it pans out at the bottom. it also has pockets! although it has a built-in slip, it is a little see-through, so keep that in mind, otherwise, i can't wear it enough.",0.9966583251953125,25-34
6850,352,24,,"This is so beautiful! i loved it online, but it's even prettier in person. it's a little greener than it appears in the photo. the straps are actually a green rather than white. i'm 5' 6'' 123 lbs and the xs fits perfectly. worth the money!",5,1,1,Initmates,Intimate,Intimates,". This is so beautiful! i loved it online, but it's even prettier in person. it's a little greener than it appears in the photo. the straps are actually a green rather than white. i'm 5' 6'' 123 lbs and the xs fits perfectly. worth the money!",0.9997028708457947,<25
6594,1078,59,So cute!,"As the other reviewers stated, it does run large, i sized down 1 size and it's perfect. great dress to wear so many ways.",5,1,0,General,Dresses,Dresses,"So cute!. As the other reviewers stated, it does run large, i sized down 1 size and it's perfect. great dress to wear so many ways.",0.9998749494552612,55+
15421,1099,62,No petite needed,"I too was immediately drawn to this dress online and was this close to ordering a petite when i stopped my my local retailer and they had just gotten it in, in regular only. of course i tried it on (in the xs regular) and was thrilled to find it fit perfectly and was so flattering on my hourglass figure. i'm 5'1"" and 115 with a 32 dd chest. no gaping or pulling, the waist and shoulders were where they should be and i found the length, with the hi/lo hem to be just above my knees in front. i think",5,1,3,General Petite,Dresses,Dresses,"No petite needed. I too was immediately drawn to this dress online and was this close to ordering a petite when i stopped my my local retailer and they had just gotten it in, in regular only. of course i tried it on (in the xs regular) and was thrilled to find it fit perfectly and was so flattering on my hourglass figure. i'm 5'1"" and 115 with a 32 dd chest. no gaping or pulling, the waist and shoulders were where they should be and i found the length, with the hi/lo hem to be just above my knees in front. i think",0.9935635328292847,55+
2316,1100,44,Navy oompa loompa,"Okay, i love the blouse this brand has in the same material, so i thought i'd delight in this dress. i am a 5'7"" hourglass but have a longer torso. i ordered the large in this, usually a 10 or 12 fits me.. but the waist hit much higher than my natural waist, and yet it was somewhat tight and completely rigid. the bust area was a little loose, and i'm a 36c. then the bottom flared out in sort of a flower fairy poof above my knees which reminded me of a navy blue oompa loompa dress.. and i love my",3,0,3,General,Dresses,Dresses,"Navy oompa loompa. Okay, i love the blouse this brand has in the same material, so i thought i'd delight in this dress. i am a 5'7"" hourglass but have a longer torso. i ordered the large in this, usually a 10 or 12 fits me.. but the waist hit much higher than my natural waist, and yet it was somewhat tight and completely rigid. the bust area was a little loose, and i'm a 36c. then the bottom flared out in sort of a flower fairy poof above my knees which reminded me of a navy blue oompa loompa dress.. and i love my",-0.9687568545341492,35-44
21171,1094,57,Cute,"This dress is flattering, but size up. tight through chest in my normal size.",4,1,2,General,Dresses,Dresses,"Cute. This dress is flattering, but size up. tight through chest in my normal size.",0.9989755153656006,55+
18641,838,59,Huge and shortedr than appears in picture,This top is very wide and shorter than in appears in the picture. it also has a strong chemical smell. i've had a couple pieces with that smell in the past and the smell never washed out.,2,0,4,General Petite,Tops,Blouses,Huge and shortedr than appears in picture. This top is very wide and shorter than in appears in the picture. it also has a strong chemical smell. i've had a couple pieces with that smell in the past and the smell never washed out.,0.9813235402107239,55+
8756,949,53,Love!!!,"I am petite, 5'2"" - purchased the xsmall and it is a little big, but had to have this!! i would say runs a bit large. i think it will be a great addition to any wardrobe.",5,1,0,General,Tops,Sweaters,"Love!!!. I am petite, 5'2"" - purchased the xsmall and it is a little big, but had to have this!! i would say runs a bit large. i think it will be a great addition to any wardrobe.",0.9868707656860352,45-54
16709,868,26,Super compfy,"This top is my go-to running errands top on the weekends, its super comfy and not to warm to wear throughout all the seasons. runs true to size and i get a bunch of compliments on the quality!",5,1,0,General,Tops,Knits,"Super compfy. This top is my go-to running errands top on the weekends, its super comfy and not to warm to wear throughout all the seasons. runs true to size and i get a bunch of compliments on the quality!",0.9987192153930664,25-34
6871,870,46,"Tried to make this top work, too short","I bought this in size xl. it ran much shorter & smaller than is typical for this brand. i found the arms tighter on me compared to the model's photos. the lace itself was pretty, intricate and washed well. i wish this shirt had worked but i ended up donating it after wearing it a couple times. the cropped length and close-fit just didn't work on me. i thought the sleeve shape was pretty. with just a little more material, this would have been a favorite. i hope it works well on whoever receives i",2,0,0,General,Tops,Knits,"Tried to make this top work, too short. I bought this in size xl. it ran much shorter & smaller than is typical for this brand. i found the arms tighter on me compared to the model's photos. the lace itself was pretty, intricate and washed well. i wish this shirt had worked but i ended up donating it after wearing it a couple times. the cropped length and close-fit just didn't work on me. i thought the sleeve shape was pretty. with just a little more material, this would have been a favorite. i hope it works well on whoever receives i",-0.5575977563858032,45-54
4185,1035,54,,"Love these pants. i have several pairs of the pilcro scrip (and formerly super script). these do not have quite as much elastic as some cuts, but they still fit well and look great.",5,1,0,General,Bottoms,Jeans,". Love these pants. i have several pairs of the pilcro scrip (and formerly super script). these do not have quite as much elastic as some cuts, but they still fit well and look great.",0.9998072981834412,45-54
13124,1078,39,Amazing comfy and a dream!,This fit me perfectly with a little room but think it's meant to be this way so easier to get on and off. this feels like a dream and is very good quality. definitely a heavier piece but i like that. it is so very flattering and drapes beautifully to hide my tummy. the back is adorable too! retailer hit it out of park with this one! grab it before it's too late! i'm a 36ddd and size 14 and the large fit perfectly,5,1,19,General,Dresses,Dresses,Amazing comfy and a dream!. This fit me perfectly with a little room but think it's meant to be this way so easier to get on and off. this feels like a dream and is very good quality. definitely a heavier piece but i like that. it is so very flattering and drapes beautifully to hide my tummy. the back is adorable too! retailer hit it out of park with this one! grab it before it's too late! i'm a 36ddd and size 14 and the large fit perfectly,0.9996837377548218,35-44
21458,861,20,,"The shirt is darling, soft and relaxed fit. i usually wear an xs or small in most retailer tops. unfortunately, i ordered an xs and should have ordered the small. i found the length to be a little short in the xs so i'm sending it back to exchange for the small. i hope it's just a little bit longer.",4,1,1,General,Tops,Knits,". The shirt is darling, soft and relaxed fit. i usually wear an xs or small in most retailer tops. unfortunately, i ordered an xs and should have ordered the small. i found the length to be a little short in the xs so i'm sending it back to exchange for the small. i hope it's just a little bit longer.",-0.9938951134681702,<25
8880,867,50,"""go to"" tee for sz 10+ women",Women who want some flutter without too much fullness,5,1,1,General,Tops,Knits,"""go to"" tee for sz 10+ women. Women who want some flutter without too much fullness",0.9842926859855652,45-54
1585,1059,45,Stylish and functional,"Great pair of pants to wear to work, and interview or out to lunch. i got so many compliments the first time i wore these. i'm 5'2"" i ordered the burgundy color in a size 0, regular which is what i normally wear and they fit fine. however they were just a tad big in the waist and a tad tight around my calves but other that they're a great pattern pant to have you wont be disappointed!",5,1,0,General,Bottoms,Pants,"Stylish and functional. Great pair of pants to wear to work, and interview or out to lunch. i got so many compliments the first time i wore these. i'm 5'2"" i ordered the burgundy color in a size 0, regular which is what i normally wear and they fit fine. however they were just a tad big in the waist and a tad tight around my calves but other that they're a great pattern pant to have you wont be disappointed!",0.9990560412406921,35-44
5014,562,25,Not as it seems,"I thought this would be a cute business attire skirt. i hate to say it, but i felt like it flared out as if i were amelia bedelia or some whacky children's book character and not retailer. the fabric made it look bulky. i sadly had to return it.",1,0,5,General,Trend,Trend,"Not as it seems. I thought this would be a cute business attire skirt. i hate to say it, but i felt like it flared out as if i were amelia bedelia or some whacky children's book character and not retailer. the fabric made it look bulky. i sadly had to return it.",-0.9718324542045593,<25
12313,509,35,Not for petites,Length too long and waist to high. these are not sized for petites.,2,0,5,Initmates,Intimate,Sleep,Not for petites. Length too long and waist to high. these are not sized for petites.,-0.9984472393989563,25-34
6415,1016,50,Pretty and versatile skirt,"This is a flattering skirt for work or play. a few things to be aware of: 
- it is a lightweight knit without a lining (would travel great and never need ironing)
- the waist is quite high 
- the waist is quite slim (people with tummy self-consciousness might feel funny in it)
- the hang is flattering for people with butts and hips (such as myself)
- true to size for me

i decided not to keep it because i couldn't come up with enough tops to love it with and because for the money i would",4,1,1,General Petite,Bottoms,Skirts,"Pretty and versatile skirt. This is a flattering skirt for work or play. a few things to be aware of: 
- it is a lightweight knit without a lining (would travel great and never need ironing)
- the waist is quite high 
- the waist is quite slim (people with tummy self-consciousness might feel funny in it)
- the hang is flattering for people with butts and hips (such as myself)
- true to size for me

i decided not to keep it because i couldn't come up with enough tops to love it with and because for the money i would",-0.7957234382629395,45-54
22606,1082,57,Another winner from isabella sinclair,"I saw this dress online this morning, went into a store this afternoon and walked out with it! i love this brand because the designs are modest, but feminine and practical. this dress is made of a thicker study cotton with beautiful all over embroidery. the fit is tts, and you can adjust the waist to fit loose or a bit more snug. the length is just above my knee at 5'3. i plan to wear this now with black boots and a furry vest, and later by itself with sandals and big sunnies!",5,1,10,General,Dresses,Dresses,"Another winner from isabella sinclair. I saw this dress online this morning, went into a store this afternoon and walked out with it! i love this brand because the designs are modest, but feminine and practical. this dress is made of a thicker study cotton with beautiful all over embroidery. the fit is tts, and you can adjust the waist to fit loose or a bit more snug. the length is just above my knee at 5'3. i plan to wear this now with black boots and a furry vest, and later by itself with sandals and big sunnies!",0.9892014265060425,55+
5617,155,31,Cozy,Ordered these to wear around the house more as leggings and they did the trick. love the color and the fact that they are warm without being too thick.,5,1,0,Initmates,Intimate,Legwear,Cozy. Ordered these to wear around the house more as leggings and they did the trick. love the color and the fact that they are warm without being too thick.,0.9998735189437866,25-34
3054,1020,41,"Great skirt, runs small","I definitely agree with the other reviews, however i really like this skirt because it will go with a variety of tops to dress it up, or down, as well as color options. the tricky thing is that it runs super small. i'm usually between a 6, or 8 (28/29), and ended up getting a size 10. i don't like high waisted skirts or pants, so it sits just below my navel and is very comfortable. maybe best to try on in store, but worth it!",5,1,6,General,Bottoms,Skirts,"Great skirt, runs small. I definitely agree with the other reviews, however i really like this skirt because it will go with a variety of tops to dress it up, or down, as well as color options. the tricky thing is that it runs super small. i'm usually between a 6, or 8 (28/29), and ended up getting a size 10. i don't like high waisted skirts or pants, so it sits just below my navel and is very comfortable. maybe best to try on in store, but worth it!",0.9990251064300537,35-44
1346,860,38,,"Another shirt i really wanted to love. i adore green but so few tops are made in this color. (please make more!!) however, this shirt didn't work for me. i think it's a matter of where your curves live. the shirt was true to size, but my boobs meant i was showing more cleavage than the model, and the top part felt more like a bib than embroidery. sad coz it is lovely and feels lovely on. probably a great shirt for different body types. would love to see more green clothing....",3,1,1,General,Tops,Knits,". Another shirt i really wanted to love. i adore green but so few tops are made in this color. (please make more!!) however, this shirt didn't work for me. i think it's a matter of where your curves live. the shirt was true to size, but my boobs meant i was showing more cleavage than the model, and the top part felt more like a bib than embroidery. sad coz it is lovely and feels lovely on. probably a great shirt for different body types. would love to see more green clothing....",0.9969024062156677,35-44
5234,1094,45,,Great fabric and color but fits like a potato sack -- so sad bc i would have loved it,2,0,4,General Petite,Dresses,Dresses,. Great fabric and color but fits like a potato sack -- so sad bc i would have loved it,-0.9806178212165833,35-44
1497,1066,41,Perfect work pants!,I love these pants so much i even paid full price for them.  i'm going to order them in navy too.  super cute fit.  cute with flats or heels.,5,1,0,General,Bottoms,Pants,Perfect work pants!. I love these pants so much i even paid full price for them.  i'm going to order them in navy too.  super cute fit.  cute with flats or heels.,0.9996892213821411,35-44
8395,1092,39,Great dress for fall,"The dress is as great 'in person' as it shows in the pictures. if you usually buy petite keep in mind that you may like the regular size if you prefer the llonger look. if you prefer a shorter length go for the petite size if this is what you usually get. i am 5.3, 117 lbs and tried both, xs regular and xs petite. i ultimately went with the regular size as i preferred the longer length.
everything about this dress is perfect, the color, the material, the cut. highly recommended as a transition",5,1,1,General,Dresses,Dresses,"Great dress for fall. The dress is as great 'in person' as it shows in the pictures. if you usually buy petite keep in mind that you may like the regular size if you prefer the llonger look. if you prefer a shorter length go for the petite size if this is what you usually get. i am 5.3, 117 lbs and tried both, xs regular and xs petite. i ultimately went with the regular size as i preferred the longer length.
everything about this dress is perfect, the color, the material, the cut. highly recommended as a transition",0.9994829893112183,35-44
2349,835,40,Beautiful detail,"I have the white lemon lace shirt and love it so i was excited to see it in a color well suited for fall. the peacock pattern on the blouse i received is perfect and the pattern is well placed. i do love this one as much as the lemon blouse, however, the color is not the same as it appears online. it is more of a jade green color, and although it's pretty, i would have preferred it to look more of a blue color. i'm keeping it, as it is still an unusual and elegant blouse that's cute with dark sk",4,1,3,General,Tops,Blouses,"Beautiful detail. I have the white lemon lace shirt and love it so i was excited to see it in a color well suited for fall. the peacock pattern on the blouse i received is perfect and the pattern is well placed. i do love this one as much as the lemon blouse, however, the color is not the same as it appears online. it is more of a jade green color, and although it's pretty, i would have preferred it to look more of a blue color. i'm keeping it, as it is still an unusual and elegant blouse that's cute with dark sk",0.9998264908790588,35-44
15276,1083,39,Show stopper,"Sexy, yet sweet and demure? all points checked with cute little number. this is the third byron dress i've bought and like the melodist, i purchased the 8p and had the same issue--too loose in the hips",5,1,0,General,Dresses,Dresses,"Show stopper. Sexy, yet sweet and demure? all points checked with cute little number. this is the third byron dress i've bought and like the melodist, i purchased the 8p and had the same issue--too loose in the hips",0.8960320353507996,35-44
1726,899,65,Cute little cardi,I had to have this when i saw it in a store. i was drawn to the shape and the neutral colors. i wore it for the first time today with a black tank. on me it looks best unbuttoned. it looks good with pants. the small fit best although the arms are a little tight at the upper arms. i have muscles so i don't think i could wear it with any top with sleeves.,5,1,0,General Petite,Tops,Fine gauge,Cute little cardi. I had to have this when i saw it in a store. i was drawn to the shape and the neutral colors. i wore it for the first time today with a black tank. on me it looks best unbuttoned. it looks good with pants. the small fit best although the arms are a little tight at the upper arms. i have muscles so i don't think i could wear it with any top with sleeves.,0.9873336553573608,55+
10344,1094,34,Extremely soft and comfortable,"I saw this in the sales rack and decided to try it on, and i'm so glad i did. it looks very ordinary on the hanger, but, in fact, it's a very surprising find, as others have mentioned.
_____________
pros:
- a-line so you could go down a size for a slimmer fit.
- the zipper in the back has an attached pleather-like tag to help in zipping the dress up. i found this extremely considerate and smart; most dresses don't have this.
- lots of stretch and very, very comfortable. i can see myself wearing",4,1,1,General Petite,Dresses,Dresses,"Extremely soft and comfortable. I saw this in the sales rack and decided to try it on, and i'm so glad i did. it looks very ordinary on the hanger, but, in fact, it's a very surprising find, as others have mentioned.
_____________
pros:
- a-line so you could go down a size for a slimmer fit.
- the zipper in the back has an attached pleather-like tag to help in zipping the dress up. i found this extremely considerate and smart; most dresses don't have this.
- lots of stretch and very, very comfortable. i can see myself wearing",0.9987416863441467,25-34
7515,1004,30,,"Beautiful skirt with a fun, graphic pattern and embroidered texture. i tried on my usual xs as well as a s to compare. they both fit but i decided to keep the xs since the skirt has a little bit of a stretch thanks to a hidden elastic panel in the back, plus it looks best at your natural waist. i'm 5'2"" and often need to wear petite, but this skirt is already quite short so i bought the regular size. looks great bare-legged or with tights. love the pockets too!",5,1,0,General,Bottoms,Skirts,". Beautiful skirt with a fun, graphic pattern and embroidered texture. i tried on my usual xs as well as a s to compare. they both fit but i decided to keep the xs since the skirt has a little bit of a stretch thanks to a hidden elastic panel in the back, plus it looks best at your natural waist. i'm 5'2"" and often need to wear petite, but this skirt is already quite short so i bought the regular size. looks great bare-legged or with tights. love the pockets too!",0.8888388872146606,25-34
11863,1059,39,Amazing,"I am a jumpsuit convert. i tried it on ""just in case,"" but was amazed at how easy and effortlessly adorable it is. i purchased the black, petite 4, and love that it is super versatile in terms of seasonality and styling options. i have an hourglass figure and the draping and fit of the piece work very well.",5,1,19,General,Bottoms,Pants,"Amazing. I am a jumpsuit convert. i tried it on ""just in case,"" but was amazed at how easy and effortlessly adorable it is. i purchased the black, petite 4, and love that it is super versatile in terms of seasonality and styling options. i have an hourglass figure and the draping and fit of the piece work very well.",0.9998501539230347,35-44
9774,850,50,Missing drawstring!,"This top is exactly what i was hoping for except it is missing the drawstring. so disappointing, mailing it back.",2,1,0,General Petite,Tops,Blouses,"Missing drawstring!. This top is exactly what i was hoping for except it is missing the drawstring. so disappointing, mailing it back.",-0.9997697472572327,45-54
20750,1100,67,Another synthetic fabric...,"So disappointed in the abundance of polyester fabrics that retailer carries these days. especially at this price point. the pattern and style of this dress is beautiful, but i will never spend two hundred dollars (or even half that) on a poly dress. please add more linen, cotton, and silk!",2,0,25,General Petite,Dresses,Dresses,"Another synthetic fabric.... So disappointed in the abundance of polyester fabrics that retailer carries these days. especially at this price point. the pattern and style of this dress is beautiful, but i will never spend two hundred dollars (or even half that) on a poly dress. please add more linen, cotton, and silk!",-0.9957116842269897,55+
18686,838,47,Arm candy!,"I have long arms and they are not really small and the small fit me well. i think the fact that i have broad shoulders made this top work for me. definitely a keeper! i am surprised that the arms fit me though, because i often experience sleeves that are too tight when trying on tops. i'm glad that wasn't the case this time around. i'm 5'4"" 130-135lbs, depending on my appetite!",5,1,6,General Petite,Tops,Blouses,"Arm candy!. I have long arms and they are not really small and the small fit me well. i think the fact that i have broad shoulders made this top work for me. definitely a keeper! i am surprised that the arms fit me though, because i often experience sleeves that are too tight when trying on tops. i'm glad that wasn't the case this time around. i'm 5'4"" 130-135lbs, depending on my appetite!",0.9949212670326233,45-54
16088,967,60,So cute and warm!!,"This is a great jacket. my only issue is sleeves are way to long and had to have them shortened. this upped my price by 45.00. oh well, its still what i wanted!",5,1,0,General,Jackets,Jackets,"So cute and warm!!. This is a great jacket. my only issue is sleeves are way to long and had to have them shortened. this upped my price by 45.00. oh well, its still what i wanted!",0.9844352602958679,55+
15808,1084,35,Looks great off but not on,Loved the colors but the fit was less to be desired. very wide under arms & too much material. looks more like a maternity dress. i ordered a small petite & would have needed the xs but now it is no longer available. oh well. returning this.,1,0,1,General,Dresses,Dresses,Looks great off but not on. Loved the colors but the fit was less to be desired. very wide under arms & too much material. looks more like a maternity dress. i ordered a small petite & would have needed the xs but now it is no longer available. oh well. returning this.,-0.9970058798789978,25-34
8622,828,38,,"The button detail on the sides is a unique design detail. i had fun playing with different looks that came with unbuttoning and buttoning the sides. but i decided against purchasing this top, it appeared shapeless on me. i have a curvier/athletic figure, and a straight up and down cut is not flattering on my figure.",3,1,0,General,Tops,Blouses,". The button detail on the sides is a unique design detail. i had fun playing with different looks that came with unbuttoning and buttoning the sides. but i decided against purchasing this top, it appeared shapeless on me. i have a curvier/athletic figure, and a straight up and down cut is not flattering on my figure.",-0.9412399530410767,35-44
20832,844,49,,"Frumpy is the word i would use to describe this top. i look good in empire waist shirts and seek them out. but this one made me look pregnant and frumpy. and it has an attached camisole, but the sheerness of the top still showed my nude-colored bra strap. so i don't even know what to wear under it. it's going back, even with the sale price.",3,0,2,General,Tops,Blouses,". Frumpy is the word i would use to describe this top. i look good in empire waist shirts and seek them out. but this one made me look pregnant and frumpy. and it has an attached camisole, but the sheerness of the top still showed my nude-colored bra strap. so i don't even know what to wear under it. it's going back, even with the sale price.",-0.9910939335823059,45-54
1097,895,48,Great piece,Comfortable and great fit and color. high quality.,5,1,1,General,Tops,Fine gauge,Great piece. Comfortable and great fit and color. high quality.,0.9998854398727417,45-54
10633,879,51,Lightweight sweater,"This lightweight sweater arrived within a few days of ordering and was packaged well. its fit is true to size and will be perfect for slightly cool days and evenings. the navy blue color is accurately represented in the picture. my only issue with this item is that one of the small lace panels at the hem on the hip is not sewn in all the way. i will keep it since it was on sale, but i need to decide whether to have it fixed or to just remove both of them as they are very small and don't add much",4,1,3,General,Tops,Knits,"Lightweight sweater. This lightweight sweater arrived within a few days of ordering and was packaged well. its fit is true to size and will be perfect for slightly cool days and evenings. the navy blue color is accurately represented in the picture. my only issue with this item is that one of the small lace panels at the hem on the hip is not sewn in all the way. i will keep it since it was on sale, but i need to decide whether to have it fixed or to just remove both of them as they are very small and don't add much",0.9947599768638611,45-54
19301,1078,45,Great dress for the right body type.,"There is so much i love about this dress. like many of the other reviewers i simply love the fabric. it's soft and comfy but has texture and interest at the same time. there's beautiful detail to it as well. the edging at the neckline and hemline are unfinished and beautifully so. having said all that, i like many other reviewers i just don't have the body type to pull it off. there wasn't one angle that didn't make me look even bigger than i am. the pleating in the front, while very cute, gave",4,1,0,General Petite,Dresses,Dresses,"Great dress for the right body type.. There is so much i love about this dress. like many of the other reviewers i simply love the fabric. it's soft and comfy but has texture and interest at the same time. there's beautiful detail to it as well. the edging at the neckline and hemline are unfinished and beautifully so. having said all that, i like many other reviewers i just don't have the body type to pull it off. there wasn't one angle that didn't make me look even bigger than i am. the pleating in the front, while very cute, gave",0.9976845979690552,35-44
17156,1094,22,,"This dress is amazing! i bought this dress for my daughter for her college graduation. it fits like a dream. she normally wears a size 2 but i got the 4 which was perfect. with the slightly longer length, it is very professional but with the lace cut outs is great for a party, as well. it is very flattering and well made.",5,1,1,General,Dresses,Dresses,". This dress is amazing! i bought this dress for my daughter for her college graduation. it fits like a dream. she normally wears a size 2 but i got the 4 which was perfect. with the slightly longer length, it is very professional but with the lace cut outs is great for a party, as well. it is very flattering and well made.",0.999752938747406,<25
22793,862,44,,I found this tee to run true to size with a comfortable relaxed fit. the neckline and elegant button gives this tee enough detail to dress it up if you wanted to take it in that direction.,5,1,1,General,Tops,Knits,. I found this tee to run true to size with a comfortable relaxed fit. the neckline and elegant button gives this tee enough detail to dress it up if you wanted to take it in that direction.,0.9997801184654236,35-44
15866,835,30,Cute top,"I definitely agree with the other reviewers who said this top is better suited for someone tall and slender. the design on the lace is beautiful and i love the scalloped hem. but it is somewhat boxy and flowy, which didn't seem to work on my curvy body proportion-wise.",5,1,0,General,Tops,Blouses,"Cute top. I definitely agree with the other reviewers who said this top is better suited for someone tall and slender. the design on the lace is beautiful and i love the scalloped hem. but it is somewhat boxy and flowy, which didn't seem to work on my curvy body proportion-wise.",0.9982296824455261,25-34
9759,1075,39,Huge and a bit grayish,You can adjust this dress a bit with the straps but it's huge! the colors were also a bit grayish which i didn't expect.,2,0,0,General Petite,Dresses,Dresses,Huge and a bit grayish. You can adjust this dress a bit with the straps but it's huge! the colors were also a bit grayish which i didn't expect.,-0.979957640171051,35-44
2847,1125,36,Runs small,Love this coat. the colour is vibrant and it is well made. it does however run small. for me it was two sizes. i am usually a 00p and ended up purchasing the 2p. glad i tried it on in a store. it is a good spring/fall coat as it is lightweight. if i had purchased the 4p i could layer it a bit more. good but though. just be sure to size up.,5,1,0,General,Jackets,Outerwear,Runs small. Love this coat. the colour is vibrant and it is well made. it does however run small. for me it was two sizes. i am usually a 00p and ended up purchasing the 2p. glad i tried it on in a store. it is a good spring/fall coat as it is lightweight. if i had purchased the 4p i could layer it a bit more. good but though. just be sure to size up.,0.9996159076690674,35-44
3493,1056,31,Really wanted to love these,"These are so soft and cute and i could see myself wearing them a lot. however, my normal 25 was just too baggy and the few times i tried to wear them around the house, they just bagged out and all i did was pull them up every 2 seconds. i ordered the black, mostly because i wasn't crazy about any of the other colors. if there were any colors left in a 24 that i could see myself wearing, i would re order them in a smaller size and see if they were any better for me. i think if they fit you well a",4,1,1,General Petite,Bottoms,Pants,"Really wanted to love these. These are so soft and cute and i could see myself wearing them a lot. however, my normal 25 was just too baggy and the few times i tried to wear them around the house, they just bagged out and all i did was pull them up every 2 seconds. i ordered the black, mostly because i wasn't crazy about any of the other colors. if there were any colors left in a 24 that i could see myself wearing, i would re order them in a smaller size and see if they were any better for me. i think if they fit you well a",-0.9918787479400635,25-34
20326,857,29,Tighter than expected,"I ordered this in green when it was on sale and was so excited to get it. i thought the color would compliment my complexion perfectly. i read the other reviews who mentioned this item fit closer to the body than what is shown on the model - i wish i would have listened. while it is a very comfortable piece and stretches, it is a lot tighter than i wanted and because of that it is a bit see through. i didn't want to have to wear a cami underneath and i am pretty curvy. this top does show many of",4,0,0,General Petite,Tops,Knits,"Tighter than expected. I ordered this in green when it was on sale and was so excited to get it. i thought the color would compliment my complexion perfectly. i read the other reviews who mentioned this item fit closer to the body than what is shown on the model - i wish i would have listened. while it is a very comfortable piece and stretches, it is a lot tighter than i wanted and because of that it is a bit see through. i didn't want to have to wear a cami underneath and i am pretty curvy. this top does show many of",0.9991224408149719,25-34
17267,1042,42,Beauttiful fabric,"I love these pants. the material is so nice and well made. i love the glittery threads within the pattern. the waistband is elastic which is good for me as my waistline fluctuates. these pants can be dressed up or down. the length was perfect and hit at my ankle (i'm 5'3). the only flaw is that i wish the pant leg was slimmer around the ankle. it would be a more flattering look. . 

one thing to note: if you have a big butt or do not like to emphasize that part of you, these are not the pants",4,1,0,General,Bottoms,Pants,"Beauttiful fabric. I love these pants. the material is so nice and well made. i love the glittery threads within the pattern. the waistband is elastic which is good for me as my waistline fluctuates. these pants can be dressed up or down. the length was perfect and hit at my ankle (i'm 5'3). the only flaw is that i wish the pant leg was slimmer around the ankle. it would be a more flattering look. . 

one thing to note: if you have a big butt or do not like to emphasize that part of you, these are not the pants",0.9955214262008667,35-44
3489,939,64,Itchy!,"I love the idea of this coat and foolishly purchased other items in happy anticipation of its arrival.

the description does not say ""lined,"" and i hoped for soft wool that i recently got on the ""yellow with white piping"" sweater coat. this is hard, coarse, itchy wool - impossible for me to wear an unlined garment. i am consistently puzzled by the high prices for garments that are unlined when they really need to be. it went back, and i cannot really recommend this as i know i am not the only",3,0,22,General,Tops,Sweaters,"Itchy!. I love the idea of this coat and foolishly purchased other items in happy anticipation of its arrival.

the description does not say ""lined,"" and i hoped for soft wool that i recently got on the ""yellow with white piping"" sweater coat. this is hard, coarse, itchy wool - impossible for me to wear an unlined garment. i am consistently puzzled by the high prices for garments that are unlined when they really need to be. it went back, and i cannot really recommend this as i know i am not the only",-0.9878168702125549,55+
14479,109,56,Love this!,I bought it in black and cream! great weight. soft fabric. beautiful lace.,5,1,0,Initmates,Intimate,Layering,Love this!. I bought it in black and cream! great weight. soft fabric. beautiful lace.,0.9998779296875,55+
1778,1008,30,Love this skirt!!!,"This skirt is everything i love about retailer. the fit, style and quality are amazing. i feel like a am wearing a piece of art. it is so unique and fits perfectly. way to go retailer!!",5,1,0,General Petite,Bottoms,Skirts,"Love this skirt!!!. This skirt is everything i love about retailer. the fit, style and quality are amazing. i feel like a am wearing a piece of art. it is so unique and fits perfectly. way to go retailer!!",0.9998792409896851,25-34
11903,872,47,Just average,"Online this top looks fabulous, but in person, not so great. great color, nice quality for a lightweight top, but when i tried it on, the neck does not lay nicely. too much sloppy wrinkled material just hanging awkwardly around the neck ( and i love cowl neck). i found, for me, it dipped very low showing cleavage and i have a large chest, so didn't work. for reference, i'm 5'4 118 and usually wear a small in retailer tops because it seems the majority of their clothes run large. i purchased a smal",3,0,2,General,Tops,Knits,"Just average. Online this top looks fabulous, but in person, not so great. great color, nice quality for a lightweight top, but when i tried it on, the neck does not lay nicely. too much sloppy wrinkled material just hanging awkwardly around the neck ( and i love cowl neck). i found, for me, it dipped very low showing cleavage and i have a large chest, so didn't work. for reference, i'm 5'4 118 and usually wear a small in retailer tops because it seems the majority of their clothes run large. i purchased a smal",-0.9977396726608276,45-54
18366,1077,49,"Great, but...","Loved the dress. loved the pattern and the cut. unfortunately it did not work for me. it is cut too low under the arm pits and therefore, showed too much breast. it is not made to wear a bra with either so that is not a solution. sticky boobs will not work either because it is the ""side breast"" that shows. i hated to have to send back but.....still looking for something similar and great!",4,0,0,General,Dresses,Dresses,"Great, but.... Loved the dress. loved the pattern and the cut. unfortunately it did not work for me. it is cut too low under the arm pits and therefore, showed too much breast. it is not made to wear a bra with either so that is not a solution. sticky boobs will not work either because it is the ""side breast"" that shows. i hated to have to send back but.....still looking for something similar and great!",-0.9888978600502014,45-54
18688,1068,37,Too baggy in the top,"Like another reviewer said this was too baggy up top. the bottom length was good but arm holes were big and top was just too large. i'm 5'5"" 110 lbs and got xs. returned.",4,0,0,General,Bottoms,Pants,"Too baggy in the top. Like another reviewer said this was too baggy up top. the bottom length was good but arm holes were big and top was just too large. i'm 5'5"" 110 lbs and got xs. returned.",-0.9894799590110779,35-44
18771,1094,29,"Beautiful, but runs small in the chest, i guess?","I tried on the red xs in the store and the v-neck was way too low. showed at least an inch of my bra strap in the back, which was unfortunate because i really loved the dress otherwise. i decided to purchase the xxs online hoping the v would not be so deep and would cover my bra. it did, but the xxs was significantly smaller! it still fit, but took this from an elegantly flowy and loose dress to one that looked more empire cut and tight in the chest. maybe the xs i tried in the store was just st",4,1,2,General Petite,Dresses,Dresses,"Beautiful, but runs small in the chest, i guess?. I tried on the red xs in the store and the v-neck was way too low. showed at least an inch of my bra strap in the back, which was unfortunate because i really loved the dress otherwise. i decided to purchase the xxs online hoping the v would not be so deep and would cover my bra. it did, but the xxs was significantly smaller! it still fit, but took this from an elegantly flowy and loose dress to one that looked more empire cut and tight in the chest. maybe the xs i tried in the store was just st",-0.9934037327766418,25-34
3822,818,38,Chic top,The material is soft. it looks perfect with ankle jeans or flare jeans.,4,1,0,General Petite,Tops,Blouses,Chic top. The material is soft. it looks perfect with ankle jeans or flare jeans.,0.9985935091972351,35-44
7708,867,45,,I love this cozy and comfy top. it is oversized as the name says and implies - but i normally wear an xs in most retailer tops and i chose to get a small - and i'm glad i did. it is boxy and oversized - but also short. the small is perfect for me and it really feels so cozy as is - and big enough to wear a tee or tank under it and not fee clingy.,5,1,3,General,Tops,Knits,. I love this cozy and comfy top. it is oversized as the name says and implies - but i normally wear an xs in most retailer tops and i chose to get a small - and i'm glad i did. it is boxy and oversized - but also short. the small is perfect for me and it really feels so cozy as is - and big enough to wear a tee or tank under it and not fee clingy.,0.9993811845779419,35-44
7000,829,66,,"I was disappointed in this shirt. the color was not the pretty blue pictured, but rather a grayish blue which may look good on a brunette, but not on a blonde. the fabric felt like linen and wrinkled easily. normally, the quality of the fabric is one of my main reasons to buy holding horses, but this one felt cheap. the detail and craftsmanship was beautiful, and i wish this shirt would have worked for me. i waited for it to go on sale and was very excited to receive it. holding horses is one of",2,0,1,General,Tops,Blouses,". I was disappointed in this shirt. the color was not the pretty blue pictured, but rather a grayish blue which may look good on a brunette, but not on a blonde. the fabric felt like linen and wrinkled easily. normally, the quality of the fabric is one of my main reasons to buy holding horses, but this one felt cheap. the detail and craftsmanship was beautiful, and i wish this shirt would have worked for me. i waited for it to go on sale and was very excited to receive it. holding horses is one of",-0.9787352681159973,55+
23117,1086,48,So disappointed.,"I was very shocked to receive this dress with a rusty zipper, looks like crusty white rust . see attached pictures. the dress fabric is very nice and i did try it on and it is a very nice fit, lined with a little stretch but my gosh what a cheap poor quality zipper that looks like it was old and exposed to moisture because the metal parts have a white crusty substance! retailer you really need to check your merchandise before sending to your loyal customers. lately the quality has been declining a",1,0,3,General,Dresses,Dresses,"So disappointed.. I was very shocked to receive this dress with a rusty zipper, looks like crusty white rust . see attached pictures. the dress fabric is very nice and i did try it on and it is a very nice fit, lined with a little stretch but my gosh what a cheap poor quality zipper that looks like it was old and exposed to moisture because the metal parts have a white crusty substance! retailer you really need to check your merchandise before sending to your loyal customers. lately the quality has been declining a",-0.9972122311592102,45-54
575,1094,64,Stunning special occasion dress,"I'm surprised i'm the first to review this dress! it is a must for the holidays and any special occasion! it is absolutely gorgeous! it is so feminine and seductive; it's one of those dresses that would be stunning on anyone! it is a quality dress, beautifully made, looks just like the photo. i'm 5'9"" & the hemline falls at the top of my knees. the neckline is exquisite & really ""makes"" the dress. i purchased the black version but if i was younger i'd get it in red as it would garner quite a bit",5,1,30,General,Dresses,Dresses,"Stunning special occasion dress. I'm surprised i'm the first to review this dress! it is a must for the holidays and any special occasion! it is absolutely gorgeous! it is so feminine and seductive; it's one of those dresses that would be stunning on anyone! it is a quality dress, beautifully made, looks just like the photo. i'm 5'9"" & the hemline falls at the top of my knees. the neckline is exquisite & really ""makes"" the dress. i purchased the black version but if i was younger i'd get it in red as it would garner quite a bit",0.9997962117195129,55+
867,895,64,Pretty,"This is a pretty sweater. i ordered the red and it is a plum color, not close to red, but it will work well with black, gray and denim. i found the sweater looks boxy from the front but the back is spectacular. it is very well made. no raw edges or seams that are threatening to unravel. this will be nice for casual holiday dressing. i found a longer tank in white works well under this.",5,1,1,General Petite,Tops,Fine gauge,"Pretty. This is a pretty sweater. i ordered the red and it is a plum color, not close to red, but it will work well with black, gray and denim. i found the sweater looks boxy from the front but the back is spectacular. it is very well made. no raw edges or seams that are threatening to unravel. this will be nice for casual holiday dressing. i found a longer tank in white works well under this.",0.9982603192329407,55+
303,1104,41,Best dress ever!,"I wore this dress for the first time yesterday... i have never received so many compliments on a dress before! several people even stopped me in the streets of nyc to tell me how beautiful this dress was!
it is an absolute must-have!",5,1,0,General,Dresses,Dresses,"Best dress ever!. I wore this dress for the first time yesterday... i have never received so many compliments on a dress before! several people even stopped me in the streets of nyc to tell me how beautiful this dress was!
it is an absolute must-have!",0.9998279809951782,35-44
2598,851,38,Gorgeous blouse,"This is a stunning blouse! you can't tell from the photo, but it looks very 1930-1940's. i am so happy with this blouse, it is gorgeous. i'm an xl, and purchased this blouse in xl and it fits wonderfully. it fits nice and flowy and i feel i don't need a cam underneath. i highly recommend it!",5,1,0,General Petite,Tops,Blouses,"Gorgeous blouse. This is a stunning blouse! you can't tell from the photo, but it looks very 1930-1940's. i am so happy with this blouse, it is gorgeous. i'm an xl, and purchased this blouse in xl and it fits wonderfully. it fits nice and flowy and i feel i don't need a cam underneath. i highly recommend it!",0.9998804330825806,35-44
16986,1086,39,Finally in my hands,"Delayed for a month on back order, this dress was worth the wait!  the beautiful design and colors are just as shown in the pictures.  the length and cut is slimming, more fitted at the bodice with a subtle flare after the waist.  detachable liner dress is a stetchy tank top that goes to the knees.  pullover style with a closed-end side zip that's needed because the knit band design under the bust does not stretch at all.  


if your skin is sensitive--this dress isn't for you.  both the line",5,1,7,General,Dresses,Dresses,"Finally in my hands. Delayed for a month on back order, this dress was worth the wait!  the beautiful design and colors are just as shown in the pictures.  the length and cut is slimming, more fitted at the bodice with a subtle flare after the waist.  detachable liner dress is a stetchy tank top that goes to the knees.  pullover style with a closed-end side zip that's needed because the knit band design under the bust does not stretch at all.  


if your skin is sensitive--this dress isn't for you.  both the line",0.8962719440460205,35-44
6220,829,36,Romantic flowy beauty,"This blouse is a beauty! i love the hemline across the bust and all the flowy fabric that drapes in front and in back. i love the long length and the side slits. the wide hemline at the bottom is lovely. the cotton is soft and light and as amazing to wear as it is to look at. it makes me feel beautiful just having it on. be aware the fabric is sheer and requires a tank, but i don't mind as it is both pretty and comfortable. i sized up, which fits how i like. i never tried it on in my normal size",5,1,6,General,Tops,Blouses,"Romantic flowy beauty. This blouse is a beauty! i love the hemline across the bust and all the flowy fabric that drapes in front and in back. i love the long length and the side slits. the wide hemline at the bottom is lovely. the cotton is soft and light and as amazing to wear as it is to look at. it makes me feel beautiful just having it on. be aware the fabric is sheer and requires a tank, but i don't mind as it is both pretty and comfortable. i sized up, which fits how i like. i never tried it on in my normal size",0.9998233914375305,35-44
5735,880,36,Large & boxy,"I ordered the black and white pattern, which was ok. i got a small, but the shirt was very square - with a short and wide fit! i doubt an xs would have helped with such a boxy shirt. sent this one back.",2,0,0,General,Tops,Knits,"Large & boxy. I ordered the black and white pattern, which was ok. i got a small, but the shirt was very square - with a short and wide fit! i doubt an xs would have helped with such a boxy shirt. sent this one back.",0.9837049841880798,35-44
7070,1078,40,"Well made dress, fit could be tricky","The patters/colors on this dress are much more stunning in person. it is lined and feels very well made. the pockets don't add bulk to the hip area as many times they do, which is great. the fit can be tricky if you have any semblance of curves. if you can, try this one on in a store before buying. for reference: i am 5'7"", have broad shoulders, am pear shaped (i have hips and a good sized rear end), 34b bust, weigh 145 lbs., and generally wear a size 6 or 8 for tops and bottoms. the size 8 fit",5,1,1,General Petite,Dresses,Dresses,"Well made dress, fit could be tricky. The patters/colors on this dress are much more stunning in person. it is lined and feels very well made. the pockets don't add bulk to the hip area as many times they do, which is great. the fit can be tricky if you have any semblance of curves. if you can, try this one on in a store before buying. for reference: i am 5'7"", have broad shoulders, am pear shaped (i have hips and a good sized rear end), 34b bust, weigh 145 lbs., and generally wear a size 6 or 8 for tops and bottoms. the size 8 fit",0.9986022114753723,35-44
492,1078,31,For the shorter girls,"I really wanted to love this dress, but it was so short! i'm only 5'6"" so i don't consider myself really tall, but the dress only came a couple of inches lower than my butt! way too short for me. my husband asked if it was a shirt or dress haha. but i think this would look adorable on someone a few inches shorter. or someone younger who can pull of a short shirt :)",4,1,4,General,Dresses,Dresses,"For the shorter girls. I really wanted to love this dress, but it was so short! i'm only 5'6"" so i don't consider myself really tall, but the dress only came a couple of inches lower than my butt! way too short for me. my husband asked if it was a shirt or dress haha. but i think this would look adorable on someone a few inches shorter. or someone younger who can pull of a short shirt :)",-0.9942725896835327,25-34
17672,862,65,Love this tunic,"This tunic is wonderful, wash & wear - comfortable and classic - love the trim. 

many compliments on this top.",5,1,2,General Petite,Tops,Knits,"Love this tunic. This tunic is wonderful, wash & wear - comfortable and classic - love the trim. 

many compliments on this top.",0.9998867511749268,55+
19142,906,50,Just as expected.,"The green is vibrant and beautiful, and the sweater is very soft.",5,1,0,General,Tops,Fine gauge,"Just as expected.. The green is vibrant and beautiful, and the sweater is very soft.",0.999858021736145,45-54
14631,82,63,Design too fluorescent,"I loved the lavender color on the cape. it was soft and comfortable. but the design on the front ruined it for me. it took me all of 1 minute to know it was going back. it looked like florescent bird feathers nothing wrong with that, it just wasn't my style at all. i was a bit disappointed as it would have been perfect for cool ca nights. it looked more subdued in the photo, it's not. i clicked i would recommend to others as it is nicely made and i guess just not my taste as far as the colors an",3,1,0,Initmates,Intimate,Lounge,"Design too fluorescent. I loved the lavender color on the cape. it was soft and comfortable. but the design on the front ruined it for me. it took me all of 1 minute to know it was going back. it looked like florescent bird feathers nothing wrong with that, it just wasn't my style at all. i was a bit disappointed as it would have been perfect for cool ca nights. it looked more subdued in the photo, it's not. i clicked i would recommend to others as it is nicely made and i guess just not my taste as far as the colors an",-0.9977355003356934,55+
10849,437,48,Chesty women need to size up,"I saw this in the store a few weeks back and desperately wanted it. when it wet on sale, i grabbed it! i normally wear an xs or petite s, but with this one, the petite m was the winner! i am chesty and the top would not have zipped up had i gone any smaller. it is a bit wide on the bottom, and i agree with the reviewer who said it should be a bit more tailored on the bottom. still, with some awesome heels, this is a great summer piece! the lining is great quality. love it!",4,1,0,General Petite,Bottoms,Pants,"Chesty women need to size up. I saw this in the store a few weeks back and desperately wanted it. when it wet on sale, i grabbed it! i normally wear an xs or petite s, but with this one, the petite m was the winner! i am chesty and the top would not have zipped up had i gone any smaller. it is a bit wide on the bottom, and i agree with the reviewer who said it should be a bit more tailored on the bottom. still, with some awesome heels, this is a great summer piece! the lining is great quality. love it!",0.9997772574424744,45-54
12758,215,27,Love these!,"Bought this as ""transitional"" wear post baby #2 & i love them! will probably end up wearing them all winter long! i love that i'm 6 foot & they still are scrunchy at the bottom which i honestly wasn't expecting.",5,1,1,Initmates,Intimate,Legwear,"Love these!. Bought this as ""transitional"" wear post baby #2 & i love them! will probably end up wearing them all winter long! i love that i'm 6 foot & they still are scrunchy at the bottom which i honestly wasn't expecting.",0.9948009252548218,25-34
9581,986,48,,This is a beautiful piece that can be paired with multiple ways.. the color is rich and classy,5,1,0,General,Jackets,Jackets,. This is a beautiful piece that can be paired with multiple ways.. the color is rich and classy,0.9998866319656372,45-54
440,1083,41,Bunches up weirdly in the front,"I loved this dress as soon as i tried it on, but... it bunched up weird in the front around my hips. i ordered a second size 4, hoping that it would fit better. but same thing. if i tried to go to a size 6 it would be too big every where else. fyi - i'm 5'8"" 129lbs and i'm a runner. it's not like i have a huge backside or anything. my guess is sizing is off. i've tried another of his dresses and it fit perfectly.",4,0,0,General,Dresses,Dresses,"Bunches up weirdly in the front. I loved this dress as soon as i tried it on, but... it bunched up weird in the front around my hips. i ordered a second size 4, hoping that it would fit better. but same thing. if i tried to go to a size 6 it would be too big every where else. fyi - i'm 5'8"" 129lbs and i'm a runner. it's not like i have a huge backside or anything. my guess is sizing is off. i've tried another of his dresses and it fit perfectly.",0.9896893501281738,35-44
5729,1078,49,"Cute, but not cute enough for me.","When this appeared on line, i thought t would be a sure thing, color (blue), cut and style, this dress appeared to have been made for me, but i ultimately i ended up returning it for several reasons. fit: i was worried about the length on my 5'5"" frame but it was actually long enough. i have narrow shoulders and average arms but i found the shoulders or maybe it was the upper arms to run slightly small in my regular size which caused some strange poofing at the shoulders. not sure if going up a",4,1,0,General,Dresses,Dresses,"Cute, but not cute enough for me.. When this appeared on line, i thought t would be a sure thing, color (blue), cut and style, this dress appeared to have been made for me, but i ultimately i ended up returning it for several reasons. fit: i was worried about the length on my 5'5"" frame but it was actually long enough. i have narrow shoulders and average arms but i found the shoulders or maybe it was the upper arms to run slightly small in my regular size which caused some strange poofing at the shoulders. not sure if going up a",-0.9928968548774719,45-54
6158,1081,52,Great winter dress,"Warm, cozy, can dress down/up, and is perfect for traveling. a great staple. as other people noted, the dress (if you buy your regular size) is a little more fitted than it looks on the model. size up if you prefer it to hang looser.",4,1,0,General Petite,Dresses,Dresses,"Great winter dress. Warm, cozy, can dress down/up, and is perfect for traveling. a great staple. as other people noted, the dress (if you buy your regular size) is a little more fitted than it looks on the model. size up if you prefer it to hang looser.",0.9991695880889893,45-54
19361,871,60,Perfect!,I purchased this for my 20-something daughter. it is so complimentary and cute and stylish!,5,1,0,General,Tops,Knits,Perfect!. I purchased this for my 20-something daughter. it is so complimentary and cute and stylish!,0.999883770942688,55+
16166,936,63,Soft with just enough structure,"This sweater/tunic is lovely - soft, just enough structure in the top to not look like a sack, pretty color. i ordered the ""raspberry"" which is definitely more of a ""burnt orange-red"" to my eye. i understand what another reviewer was referring to regarding quality. the fabric just doesn't feel very substantial or strong. i have a feeling this might not last too long and it's a shame at this price point. i'd love to order another color but will definitely wait for sale. it's office appropriate an",4,1,2,General Petite,Tops,Sweaters,"Soft with just enough structure. This sweater/tunic is lovely - soft, just enough structure in the top to not look like a sack, pretty color. i ordered the ""raspberry"" which is definitely more of a ""burnt orange-red"" to my eye. i understand what another reviewer was referring to regarding quality. the fabric just doesn't feel very substantial or strong. i have a feeling this might not last too long and it's a shame at this price point. i'd love to order another color but will definitely wait for sale. it's office appropriate an",-0.994224488735199,55+
14339,829,38,Perfect fall blouse,I just received this in the mail and must say its one of my favorite purchases in a long time from retailer. the navy polka dot color combo is classic yet fun with the orange. looks great on its own as well as under a cardy. this will be in heavy rotation.,5,1,0,General Petite,Tops,Blouses,Perfect fall blouse. I just received this in the mail and must say its one of my favorite purchases in a long time from retailer. the navy polka dot color combo is classic yet fun with the orange. looks great on its own as well as under a cardy. this will be in heavy rotation.,0.9996086955070496,35-44
20654,984,57,Simple and clean,"Lightweight and casual, i picked this jacket up on sale. i usually don't like sale items aggressively priced- there is usually a reason why it was a difficult sell to begin with, but this was a pleasant surprise- as in no surprise! picture depicts color and material well. great throw-on for running errands. clean lines, nice simple detail. only thing that is slightly annoying is that the off-center zipper makes the wider side flap over when not zipped, but this is true with almost any top cut th",4,1,0,General,Jackets,Jackets,"Simple and clean. Lightweight and casual, i picked this jacket up on sale. i usually don't like sale items aggressively priced- there is usually a reason why it was a difficult sell to begin with, but this was a pleasant surprise- as in no surprise! picture depicts color and material well. great throw-on for running errands. clean lines, nice simple detail. only thing that is slightly annoying is that the off-center zipper makes the wider side flap over when not zipped, but this is true with almost any top cut th",0.9987068176269531,55+
4261,1068,47,Great pants,These pants are perfect for any closet! they can be casual weekend or paired with a light top and heels. very comfortable. love the detailing around the pockets.,5,1,0,General Petite,Bottoms,Pants,Great pants. These pants are perfect for any closet! they can be casual weekend or paired with a light top and heels. very comfortable. love the detailing around the pockets.,0.9998224377632141,45-54
4028,895,44,Itchy and dull,When i returned this the salesperson asked what was wrong w it bc it keeps being returned. i got the black w the white collar/cuffs. i thought it was terribly itchy material (which could be remedied w a shirt underneath) but the white collar part was such a dull ugly white-dirty color. maybe the other colors are better?,1,0,1,General Petite,Tops,Fine gauge,Itchy and dull. When i returned this the salesperson asked what was wrong w it bc it keeps being returned. i got the black w the white collar/cuffs. i thought it was terribly itchy material (which could be remedied w a shirt underneath) but the white collar part was such a dull ugly white-dirty color. maybe the other colors are better?,-0.999718964099884,35-44
12785,1008,63,Cute pencil,I wanted to love this skirt but i got it today and i just was a little disappointed...i read all the reviews but i found it ran small and really fitted not straight pencil like on the model! it is a knit...and it looked like cotton...has a lot of give but it hangs a little weird. the panel in the front doesn't lie flat and looks a little funky! the colors in the skirt look exactly like the picture on line so that was good... i liked it but didn't love it and for $98.00 i want to love it! i am be,4,1,5,General,Bottoms,Skirts,Cute pencil. I wanted to love this skirt but i got it today and i just was a little disappointed...i read all the reviews but i found it ran small and really fitted not straight pencil like on the model! it is a knit...and it looked like cotton...has a lot of give but it hangs a little weird. the panel in the front doesn't lie flat and looks a little funky! the colors in the skirt look exactly like the picture on line so that was good... i liked it but didn't love it and for $98.00 i want to love it! i am be,0.5284172296524048,55+
11678,830,25,In love!,"Love this blouse--looks like a fp blouse yet a bit cheaper and well made! looks feminine and edgy on. may size out for taller gals b/c it is a bit on the shorter length. i am 5'5"" and the length is just right on me untucked. the lace on the sleeves are gorgeous and neckline is not too high!",5,1,10,General,Tops,Blouses,"In love!. Love this blouse--looks like a fp blouse yet a bit cheaper and well made! looks feminine and edgy on. may size out for taller gals b/c it is a bit on the shorter length. i am 5'5"" and the length is just right on me untucked. the lace on the sleeves are gorgeous and neckline is not too high!",0.9994902610778809,<25
6575,124,25,Very nice christmas present!,I bought these pants for my girlfriend for christmas. she really loved them! the material the pants are made of is very comfortable. the animals are super cute too.,5,1,0,Initmates,Intimate,Sleep,Very nice christmas present!. I bought these pants for my girlfriend for christmas. she really loved them! the material the pants are made of is very comfortable. the animals are super cute too.,0.9998559951782227,<25
18890,1094,24,So cute,"I admit i have a soft spot for a most anything from maeve. this dress is no exception. i had overlooked it online due to the white shirt they show with it online. but the material, design tex are great. the colors are very me and i can see this being a great fall, winter and early spring dress. the material is very soft ( i have sensitive skin) and i love the little pop of color that the front piece adds. the only draw back for me is the lack of pockets and it runs big. i got this on sale so siz",5,1,0,General,Dresses,Dresses,"So cute. I admit i have a soft spot for a most anything from maeve. this dress is no exception. i had overlooked it online due to the white shirt they show with it online. but the material, design tex are great. the colors are very me and i can see this being a great fall, winter and early spring dress. the material is very soft ( i have sensitive skin) and i love the little pop of color that the front piece adds. the only draw back for me is the lack of pockets and it runs big. i got this on sale so siz",0.9991267323493958,<25
20809,1075,75,Super cute!!,"I was nervous about this dress, as when i ordered it there were no reviews yet...and shortly after they, they started coming in and were only negative. yes it runs pretty big (i'm usually a large/12 but could tell from the model it would run big) but it's supposed to be loose. i wouldn't say it's the most flattering - but you can tell it's shapeless from the picture! it's a great casual dress, perfect for hot days when i don't want my clothing touching my skin.",5,1,0,General,Dresses,Dresses,"Super cute!!. I was nervous about this dress, as when i ordered it there were no reviews yet...and shortly after they, they started coming in and were only negative. yes it runs pretty big (i'm usually a large/12 but could tell from the model it would run big) but it's supposed to be loose. i wouldn't say it's the most flattering - but you can tell it's shapeless from the picture! it's a great casual dress, perfect for hot days when i don't want my clothing touching my skin.",-0.969499409198761,55+
3686,872,48,Very impressed,"Love this top. purchased in a size medium, my typical retailer size and is very comfortable and lovely. wearing it under the pink peplum cardigan it was shown together with as well as wear it with jeans and other pants. i wish it came in different colors and other images as this a very well made top. purchased during the after christmas tag sale and love it even more. will be great in spring and summer, cooler days in summer.",5,1,1,General,Tops,Knits,"Very impressed. Love this top. purchased in a size medium, my typical retailer size and is very comfortable and lovely. wearing it under the pink peplum cardigan it was shown together with as well as wear it with jeans and other pants. i wish it came in different colors and other images as this a very well made top. purchased during the after christmas tag sale and love it even more. will be great in spring and summer, cooler days in summer.",0.999866247177124,45-54
10350,1033,41,,"I love these jeans. at first, i was unsure of what shoes to wear with the length of the crop. i don't wear block high heels ( as pictured) everyday chasing after my boys. but once i figured out which shoes looked cute i was in heaven. the fit is very flattering and it will be a great jean for everyday fun!",5,1,0,General,Bottoms,Jeans,". I love these jeans. at first, i was unsure of what shoes to wear with the length of the crop. i don't wear block high heels ( as pictured) everyday chasing after my boys. but once i figured out which shoes looked cute i was in heaven. the fit is very flattering and it will be a great jean for everyday fun!",0.9996466636657715,35-44
8957,940,56,So glad it came back!,I bought this when it first came back a number of years ago and loved it because it is great for travel! it actually can be kind of a blanket when you are on airplanes that tend to be cold and it is so hard now to get a blanket. it is also great coat for me as i live in southern california and it is not too heavy but does help the evening chill. i went on a trip with this a few months after i originally bought it and i accidentally lef at the hotel i was staying at. i am so glad it is back so th,5,1,6,General,Tops,Sweaters,So glad it came back!. I bought this when it first came back a number of years ago and loved it because it is great for travel! it actually can be kind of a blanket when you are on airplanes that tend to be cold and it is so hard now to get a blanket. it is also great coat for me as i live in southern california and it is not too heavy but does help the evening chill. i went on a trip with this a few months after i originally bought it and i accidentally lef at the hotel i was staying at. i am so glad it is back so th,0.9988619089126587,55+
10772,209,25,Fun ;),"This little pantie is fun and playful. its a deep maroon color with small shimmering lace details. the back is sheer but the front is more filled in and opaque. the ribbons on the sides can actually be untied which is a big plus for me. i'm a small lass, but i have a big bum so i got a medium and it fits perfectly.",5,1,0,Initmates,Intimate,Intimates,"Fun ;). This little pantie is fun and playful. its a deep maroon color with small shimmering lace details. the back is sheer but the front is more filled in and opaque. the ribbons on the sides can actually be untied which is a big plus for me. i'm a small lass, but i have a big bum so i got a medium and it fits perfectly.",0.9995275735855103,<25
2444,1085,39,"Gorgeous dress, runs large","I ordered this dress, along with several others, for an upcoming wedding. this was my favorite of all of them as far as style; unfortunately it just didn't fit. i'm 5'2"" 116lbs and my regular size 2 was slightly too long, the waist a bit too low, the shoulders a tad too wide. as a result it hung on me like on a hanger. i guess i would need a petite but alas does not appear to come petite...",4,1,1,General Petite,Dresses,Dresses,"Gorgeous dress, runs large. I ordered this dress, along with several others, for an upcoming wedding. this was my favorite of all of them as far as style; unfortunately it just didn't fit. i'm 5'2"" 116lbs and my regular size 2 was slightly too long, the waist a bit too low, the shoulders a tad too wide. as a result it hung on me like on a hanger. i guess i would need a petite but alas does not appear to come petite...",-0.9934374690055847,35-44
23400,834,60,Light weight and comfortable,This top is very light weight and comfortable. i am normally a 8/10 in tops due to my bust size but ordered a 6 based on other reviews. it fits great. i really like the fit and the pattern. it has been a great summer shirt and i can see myself grabbing for it in the fall paired with skinny jeans and a cute bootie.,4,1,0,General Petite,Tops,Blouses,Light weight and comfortable. This top is very light weight and comfortable. i am normally a 8/10 in tops due to my bust size but ordered a 6 based on other reviews. it fits great. i really like the fit and the pattern. it has been a great summer shirt and i can see myself grabbing for it in the fall paired with skinny jeans and a cute bootie.,0.999646782875061,55+
5743,880,69,Lovely lilac,"This top is soft, comfortable and drapes nicely. the print makes it fresh and different. i sized down to a small.",5,1,18,General,Tops,Knits,"Lovely lilac. This top is soft, comfortable and drapes nicely. the print makes it fresh and different. i sized down to a small.",0.999860405921936,55+
12161,563,53,Beautiful and unusual,"This dress is beautiful and unusual. i think the colors shown in the picture are a little brighter than the dress i bought...the turquoise and gold seem slightly more muted in person, which isn't necessarily a bad thing. there are sequins along the shoulders of the dress that you also can't see in the picture, but they aren't gaudy or too stevie nicks-bohemian. i didn't find the bodice of the size m too tight as another reviewer noted...it's' my normal size, and though i'm a little chesty (32-34",5,1,0,General,Trend,Trend,"Beautiful and unusual. This dress is beautiful and unusual. i think the colors shown in the picture are a little brighter than the dress i bought...the turquoise and gold seem slightly more muted in person, which isn't necessarily a bad thing. there are sequins along the shoulders of the dress that you also can't see in the picture, but they aren't gaudy or too stevie nicks-bohemian. i didn't find the bodice of the size m too tight as another reviewer noted...it's' my normal size, and though i'm a little chesty (32-34",0.9981314539909363,45-54
19206,1080,38,What's with the length?,"So i haven't actually tried this and i'm sorry for the misleading star rating. i just wanted to get someone's attention on the length. the photos show the dress draping with almost a train even with the model in platform heels but in the video, the dress is about 2 inches off the floor. is it the model in the video that is extra tall? someone help me out. this looks gorgeous but since it's an online exclusive, i won't be able to try it on at the store.",3,1,11,General Petite,Dresses,Dresses,"What's with the length?. So i haven't actually tried this and i'm sorry for the misleading star rating. i just wanted to get someone's attention on the length. the photos show the dress draping with almost a train even with the model in platform heels but in the video, the dress is about 2 inches off the floor. is it the model in the video that is extra tall? someone help me out. this looks gorgeous but since it's an online exclusive, i won't be able to try it on at the store.",-0.9964610934257507,35-44
9744,1084,51,Poor fit,"This dress ran large--maybe because the pleats made this dress too roomy. the dress hung on my right shoulder but the dress did not hold up at all on the left side of my body, maybe because i have a short torso/petite frame. i loved the yellow color for summer--it would have made for a nice dress to wear for a wedding. unfortunately, i had to return it.",1,0,0,General Petite,Dresses,Dresses,"Poor fit. This dress ran large--maybe because the pleats made this dress too roomy. the dress hung on my right shoulder but the dress did not hold up at all on the left side of my body, maybe because i have a short torso/petite frame. i loved the yellow color for summer--it would have made for a nice dress to wear for a wedding. unfortunately, i had to return it.",-0.9986029267311096,45-54
21452,861,67,Vintage beauty,"I don't know why i didn't pay much attention to this tee (the yellow), but i didn't. i saw it in the store, thought it was interesting and kept on going. then i really looked at it online and suddenly i had a bad case of the wants. so when i was in one of my local stores i asked about it, and no surprise, it was sold out. at the suggestion of my sales associate i tried on a solid one just for the size. although i'm small, i have several tla tees in medium, so i tried on a medium and a small. as",5,1,4,General Petite,Tops,Knits,"Vintage beauty. I don't know why i didn't pay much attention to this tee (the yellow), but i didn't. i saw it in the store, thought it was interesting and kept on going. then i really looked at it online and suddenly i had a bad case of the wants. so when i was in one of my local stores i asked about it, and no surprise, it was sold out. at the suggestion of my sales associate i tried on a solid one just for the size. although i'm small, i have several tla tees in medium, so i tried on a medium and a small. as",-0.9836865067481995,55+
17873,861,59,Perfect top,"I was thrilled when this shirt arrived.  it is as cute in person as in the catalog.  it's soft, it fit perfect, and it looks great with shorts and pants.  it will be my ""go to"" shirt this summer.",5,1,2,General,Tops,Knits,"Perfect top. I was thrilled when this shirt arrived.  it is as cute in person as in the catalog.  it's soft, it fit perfect, and it looks great with shorts and pants.  it will be my ""go to"" shirt this summer.",0.9998760223388672,55+
1080,831,46,Worth thr $$$,This top is such a great investment piece. looks classy and is comfortable all at the same time. it is pricey but you will not regret buying this. goes great with light trouser denim or i have the green pilcro khakis. it will he something you will keep in your closet for a long time.,5,1,0,General,Tops,Blouses,Worth thr $$$. This top is such a great investment piece. looks classy and is comfortable all at the same time. it is pricey but you will not regret buying this. goes great with light trouser denim or i have the green pilcro khakis. it will he something you will keep in your closet for a long time.,0.9990239143371582,45-54
19116,1096,67,Feminine professional look,"I was looking for a dress for an upcoming interview. this fit the bill. when i took it out of the packaging i was worried it would be boxy, but it hit in all the right places. it was loose enough allowing for movement, but accentuated my waist. it hangs to just above my knee in an xl (i typically wear a 14-16). i was very impressed with the material. it feels very soft and luxurious.",5,1,5,General,Dresses,Dresses,"Feminine professional look. I was looking for a dress for an upcoming interview. this fit the bill. when i took it out of the packaging i was worried it would be boxy, but it hit in all the right places. it was loose enough allowing for movement, but accentuated my waist. it hangs to just above my knee in an xl (i typically wear a 14-16). i was very impressed with the material. it feels very soft and luxurious.",0.9992161989212036,55+
7827,1110,48,Gorgeous,This is seriously a beautiful dress. it has such gorgeous colors. it's lined so no slip needed. it is flowy and just the right length. i went with a petite and it is perfect.. can't wait to use it at the beach.,5,1,0,General,Dresses,Dresses,Gorgeous. This is seriously a beautiful dress. it has such gorgeous colors. it's lined so no slip needed. it is flowy and just the right length. i went with a petite and it is perfect.. can't wait to use it at the beach.,0.9998822212219238,45-54
5084,1095,38,Classic,"This is a fun and classic dress. the dress is well made, as others said, it doesn't have much ""give"".  i am a 36c, 29"", 39""- and the size 8 fit perfectly. i didn't experience any gapping between the buttons. it is a nice fun summer time dress! it is also very flattering!",5,1,1,General Petite,Dresses,Dresses,"Classic. This is a fun and classic dress. the dress is well made, as others said, it doesn't have much ""give"".  i am a 36c, 29"", 39""- and the size 8 fit perfectly. i didn't experience any gapping between the buttons. it is a nice fun summer time dress! it is also very flattering!",0.9979464411735535,35-44
11999,831,53,Nice top - runs small,"I am normally a size medium or small at retailer (depending on the bust) and could not even get the medium in this top past my neck. it runs very small. unfortunately the size large was not in stock for me to try. truthfully, i might have needed the xl in this - it runs that small. for reference, i am 5'6"", 145 lbs, 34dd. also, the beading on the top i tried was coming loose and some was already missing. seems to be a common fault based on what other reviewers have said.",4,1,0,General Petite,Tops,Blouses,"Nice top - runs small. I am normally a size medium or small at retailer (depending on the bust) and could not even get the medium in this top past my neck. it runs very small. unfortunately the size large was not in stock for me to try. truthfully, i might have needed the xl in this - it runs that small. for reference, i am 5'6"", 145 lbs, 34dd. also, the beading on the top i tried was coming loose and some was already missing. seems to be a common fault based on what other reviewers have said.",-0.9990710020065308,45-54
14081,1009,37,,"Love this skirt. purchased it in a 0 and it fit fairly good. sat high up on the waist, which i like. however, now that i have worn it i should have ordered it in a 2. i think the 2 would have let it sit further down making it not so short. i do recommend this skirt but i would order both your regular size and one size up (0 is my typical size in full skirts).",5,1,5,General Petite,Bottoms,Skirts,". Love this skirt. purchased it in a 0 and it fit fairly good. sat high up on the waist, which i like. however, now that i have worn it i should have ordered it in a 2. i think the 2 would have let it sit further down making it not so short. i do recommend this skirt but i would order both your regular size and one size up (0 is my typical size in full skirts).",0.9927079081535339,35-44
14451,863,54,Comfy and pretty,"This top is a great addition to my summer wardrobe. i love it because it does not cling to my body, and in a hot humid summer, i want things that flow. this is super cute and flattering. the lace in the back is soft, and not too revealing.",5,1,0,General,Tops,Knits,"Comfy and pretty. This top is a great addition to my summer wardrobe. i love it because it does not cling to my body, and in a hot humid summer, i want things that flow. this is super cute and flattering. the lace in the back is soft, and not too revealing.",0.9996222257614136,45-54
14560,740,36,Gorgeous and versatile,"Just received this in black and am in love! it has a stevie nicks vibe and i look forward to wearing it as a swimsuit cover up, dress with black slip underneath, and even with a black tank and skinny jeans! it really is beautiful. i am 5'3 and was worried it would be too long, but it just hits above ground with flats, and will work even better with wedges.

it is big and will flatter a variety of sizes... even though i'm a 6/8 i don't feel like it's too overwhelming.

my only concern is how",4,1,6,Initmates,Intimate,Swim,"Gorgeous and versatile. Just received this in black and am in love! it has a stevie nicks vibe and i look forward to wearing it as a swimsuit cover up, dress with black slip underneath, and even with a black tank and skinny jeans! it really is beautiful. i am 5'3 and was worried it would be too long, but it just hits above ground with flats, and will work even better with wedges.

it is big and will flatter a variety of sizes... even though i'm a 6/8 i don't feel like it's too overwhelming.

my only concern is how",0.999572217464447,35-44
22883,945,32,Love!,"I bought this is in the gray color, although imo it has more of a greenish hue. i love it. it's a wide boxy fit like others have said, and tends to fall off the shoulder. i purchased it in the small (my typical size) and it definitely seems to run large (it relaxes too as i wear it, giving it an even roomier feel). that said it's very cozy & comfortable. i wear a tank underneath. works well for 50's and 60's weather.",5,1,1,General,Tops,Sweaters,"Love!. I bought this is in the gray color, although imo it has more of a greenish hue. i love it. it's a wide boxy fit like others have said, and tends to fall off the shoulder. i purchased it in the small (my typical size) and it definitely seems to run large (it relaxes too as i wear it, giving it an even roomier feel). that said it's very cozy & comfortable. i wear a tank underneath. works well for 50's and 60's weather.",0.9987358450889587,25-34
8508,916,53,Lovely :),"I love the colors, the material, the design details (especially the white pattern at the end of the sleeves). the sweater is super soft and cosy. i got it in s because i wanted it to be nicely fitted. i am on tops between s and m. i am of tall , narrow build and athletic, which means i have well developed but still slim muscles in my chest, arms and shoulders. to accomadate that i often need m even though the rest of me is an s ;). anyhow, i was a bit surprised. in s the sweater fits very snug i",4,1,4,General,Tops,Fine gauge,"Lovely :). I love the colors, the material, the design details (especially the white pattern at the end of the sleeves). the sweater is super soft and cosy. i got it in s because i wanted it to be nicely fitted. i am on tops between s and m. i am of tall , narrow build and athletic, which means i have well developed but still slim muscles in my chest, arms and shoulders. to accomadate that i often need m even though the rest of me is an s ;). anyhow, i was a bit surprised. in s the sweater fits very snug i",0.9987213015556335,45-54
897,1008,66,Great for tall ladies,"I like the skirt. that said it is going to the tailor to have some of the fullness taken out. just a lot of material going on, and heavier than you might have imagined. i will wear it fall & winter with white & navy cardigans.",4,1,0,General Petite,Bottoms,Skirts,"Great for tall ladies. I like the skirt. that said it is going to the tailor to have some of the fullness taken out. just a lot of material going on, and heavier than you might have imagined. i will wear it fall & winter with white & navy cardigans.",0.9321027398109436,55+
4635,872,39,"Ridiculously big, unflattering over bust","I was excited to get this shirt in the mail, i liked the pattern a lot, but was so disappointed when i tried it on. i am 5'4"", 130 lbs. and wear a c cup so i tried ordering a small as a starting point. there was enough fabric on the sides to make another shirt! despite the excess fabric, the shirt pulled open in the chest area, making it a complete fail. i'm sure the model in the photo must have the shirt clipped in the back to pull in the excess fabric, especially since she's small on top. ther",1,0,1,General,Tops,Knits,"Ridiculously big, unflattering over bust. I was excited to get this shirt in the mail, i liked the pattern a lot, but was so disappointed when i tried it on. i am 5'4"", 130 lbs. and wear a c cup so i tried ordering a small as a starting point. there was enough fabric on the sides to make another shirt! despite the excess fabric, the shirt pulled open in the chest area, making it a complete fail. i'm sure the model in the photo must have the shirt clipped in the back to pull in the excess fabric, especially since she's small on top. ther",-0.9989989399909973,35-44
8015,862,28,,"This shirt runs large in my opinion. i wish i would have sized down to a xs but maybe it will shrink a little when i wash it. its a great shirt, good quality and i'm very happy i got it.",5,1,0,General,Tops,Knits,". This shirt runs large in my opinion. i wish i would have sized down to a xs but maybe it will shrink a little when i wash it. its a great shirt, good quality and i'm very happy i got it.",0.9997614026069641,25-34
18845,1081,65,,"Really gorgeous dress...great fabric/weight, great color & style. runs one size small. i ordered my regular 6 but had to return...hope the 8 works!!!",4,1,0,General Petite,Dresses,Dresses,". Really gorgeous dress...great fabric/weight, great color & style. runs one size small. i ordered my regular 6 but had to return...hope the 8 works!!!",0.9995920062065125,55+
7712,825,53,Not flattering on me,Fits like a maternity top. not for my age group or build.,1,0,0,General,Tops,Blouses,Not flattering on me. Fits like a maternity top. not for my age group or build.,-0.9979111552238464,45-54
22197,1018,53,Slight oddity but otherwise quite pretty...,"I ordered a size 6 and an 8 based on the review that said that the piece ran small. i fit both skirts but chose the size 8 as it was a bit looser at the hip and the length was better. funny though-the pockets on both skirts were sewn at very uneven areas on both. neither skirt had usable pockets as they were sewn shut at half inch intervals on one skirt (6), and very uneven intervals on the other (8). i liked the idea of pockets which is one reason i ordered it-it is described as having side poc",4,1,2,General,Bottoms,Skirts,"Slight oddity but otherwise quite pretty.... I ordered a size 6 and an 8 based on the review that said that the piece ran small. i fit both skirts but chose the size 8 as it was a bit looser at the hip and the length was better. funny though-the pockets on both skirts were sewn at very uneven areas on both. neither skirt had usable pockets as they were sewn shut at half inch intervals on one skirt (6), and very uneven intervals on the other (8). i liked the idea of pockets which is one reason i ordered it-it is described as having side poc",-0.9563600420951843,45-54
14446,1028,46,My new go-to throw-back jeans!,"These beauties offer such sweet respite from low-rise skinny jeans -- hallelujah! absolutely love the high waist and elongated line. i'm 5' 7' and the 25 are a great fit. very slimming, and already i've dressed them down with an off-the-shoulder top and wedge espadrilles and dressed them up with a silk blouse and heels. the design is very retro-fabulous, the quality top notch. love these and look forward to having them as a ""forever"" staple in my denim repertoire. i've been searching far and wid",5,1,6,General,Bottoms,Jeans,"My new go-to throw-back jeans!. These beauties offer such sweet respite from low-rise skinny jeans -- hallelujah! absolutely love the high waist and elongated line. i'm 5' 7' and the 25 are a great fit. very slimming, and already i've dressed them down with an off-the-shoulder top and wedge espadrilles and dressed them up with a silk blouse and heels. the design is very retro-fabulous, the quality top notch. love these and look forward to having them as a ""forever"" staple in my denim repertoire. i've been searching far and wid",0.998761773109436,45-54
12187,895,42,Lovely sweater,Bought the camel color and love it. nice for cool evenings and mornings spring through fall. soft and comfortable. delicate yet not too much so that you wouldn't wear often.,5,1,0,General,Tops,Fine gauge,Lovely sweater. Bought the camel color and love it. nice for cool evenings and mornings spring through fall. soft and comfortable. delicate yet not too much so that you wouldn't wear often.,0.9998396635055542,35-44
754,1087,62,Perfer beige over pink,"I had tried this on in the beige & loved it but could not find it in my size so i got it in the pink.
did not look at good as the beige.",3,0,0,General,Dresses,Dresses,"Perfer beige over pink. I had tried this on in the beige & loved it but could not find it in my size so i got it in the pink.
did not look at good as the beige.",-0.9995576739311218,55+
11213,872,52,Super soft tank,"I bought this tank to wear with the pilcro linen wide leg pants in navy. what a great outfit! this tank is very flowy, but not overly large, and hangs beautifully over pants. it's casual, yet can be worn under a nice sweater or jacket and look great. i bought the white and had no issues with transparency when i wore a nude colored bra. i bought it in s and could've gone with an xs but didn't want it to be tight. i'm going back to my local retailer store today to buy it in at least one other color.",5,1,0,General,Tops,Knits,"Super soft tank. I bought this tank to wear with the pilcro linen wide leg pants in navy. what a great outfit! this tank is very flowy, but not overly large, and hangs beautifully over pants. it's casual, yet can be worn under a nice sweater or jacket and look great. i bought the white and had no issues with transparency when i wore a nude colored bra. i bought it in s and could've gone with an xs but didn't want it to be tight. i'm going back to my local retailer store today to buy it in at least one other color.",0.9972496628761292,45-54
15945,867,53,Stiff silver lace,"I hate to be so negative but i can't believe this shirt has so many positive reviews. it is stiff, silver lace and hangs funny if you have a chest. adding a cami undnerneath makes it worse. looks cheap.",2,0,10,General,Tops,Knits,"Stiff silver lace. I hate to be so negative but i can't believe this shirt has so many positive reviews. it is stiff, silver lace and hangs funny if you have a chest. adding a cami undnerneath makes it worse. looks cheap.",0.6987101435661316,45-54
14570,441,35,Perfect,I purchased this top as a swim suit cover-up and it is perfect! i was counting on the model in the photo being tall so that the top would be longer on me and that was true. great product.,5,1,0,Initmates,Intimate,Swim,Perfect. I purchased this top as a swim suit cover-up and it is perfect! i was counting on the model in the photo being tall so that the top would be longer on me and that was true. great product.,0.9998261332511902,25-34
16783,824,60,Love the 3/4 sleeves,"This is all around, a pretty feminine take on the white shirt- very cute! the dot pattern adds some drama without it being too over-board. this fit of this top is fairly generous (on me at least), but it doesn't have a lot of stretch. i could probably be either a s or xs, but took the xs to get more of a silhouette.",4,1,5,General Petite,Tops,Blouses,"Love the 3/4 sleeves. This is all around, a pretty feminine take on the white shirt- very cute! the dot pattern adds some drama without it being too over-board. this fit of this top is fairly generous (on me at least), but it doesn't have a lot of stretch. i could probably be either a s or xs, but took the xs to get more of a silhouette.",0.9995846152305603,55+
1930,1081,55,Almost.,"It's pretty, floaty, feminine; the photos don't do justice to the prettiness. but the photos also don't show an asymmetrical hem. i understood it runs small so i got two sizes, to be safe, and even my larger size was strangely short-waisted, and i'm short-waisted to start with. maybe i could've lived with that, but both the dresses i received have an uneven hem unlike any i've ever worn or seen before. it's not longer on just the sides; the hem is longer in one spot on the front, and one in the",2,0,3,General Petite,Dresses,Dresses,"Almost.. It's pretty, floaty, feminine; the photos don't do justice to the prettiness. but the photos also don't show an asymmetrical hem. i understood it runs small so i got two sizes, to be safe, and even my larger size was strangely short-waisted, and i'm short-waisted to start with. maybe i could've lived with that, but both the dresses i received have an uneven hem unlike any i've ever worn or seen before. it's not longer on just the sides; the hem is longer in one spot on the front, and one in the",-0.9920908212661743,45-54
15991,1056,22,I love these pants!,These pants are amazing. they are so comfortable and fit true to size. i typically wear a 28 or 29 depending on the pants and the 28s fit me perfectly. i bought the olive green pair and they are everything i have ever wanted in a pair of olive pants. i love that they are tighter in the butt area and loose in the knees and calves so they are not restrictive. i want every color!,5,1,0,General,Bottoms,Pants,I love these pants!. These pants are amazing. they are so comfortable and fit true to size. i typically wear a 28 or 29 depending on the pants and the 28s fit me perfectly. i bought the olive green pair and they are everything i have ever wanted in a pair of olive pants. i love that they are tighter in the butt area and loose in the knees and calves so they are not restrictive. i want every color!,0.9998605251312256,<25
15941,1035,40,Love/hate,"I have a love/hate relationship with these jeans. when i first put them on, i felt like i had finally found my favorite pair of jeans. everything about how they fit and looked was just perfect - and they were offered in a petite size! but then two hours later they were sagging. the fabric is so cozy, but it just stretches too much, too fast. i am not willing to give up yet, so i ordered another pair in a smaller size. i'm less than thrilled about having to shell out the $$ for two pairs, but i r",3,1,3,General Petite,Bottoms,Jeans,"Love/hate. I have a love/hate relationship with these jeans. when i first put them on, i felt like i had finally found my favorite pair of jeans. everything about how they fit and looked was just perfect - and they were offered in a petite size! but then two hours later they were sagging. the fabric is so cozy, but it just stretches too much, too fast. i am not willing to give up yet, so i ordered another pair in a smaller size. i'm less than thrilled about having to shell out the $$ for two pairs, but i r",-0.9819953441619873,35-44
22586,921,51,So much potential...,This coat is beautiful in color and design. we could have been great friends but it was waaay too big so i had to return it. i bought the smallest size possible yet i could have been 9 months pregnant and still would have had room to spare. i also was disappointed that the sleeves were not lined like other coats in this price range.,2,0,2,General,Tops,Sweaters,So much potential.... This coat is beautiful in color and design. we could have been great friends but it was waaay too big so i had to return it. i bought the smallest size possible yet i could have been 9 months pregnant and still would have had room to spare. i also was disappointed that the sleeves were not lined like other coats in this price range.,-0.9955346584320068,45-54
18066,932,53,Cosy and roomy,"This is a very nice top, but it is very loose and swingy indeed. i sized down one size, and it still is very relaxes. the material is soft, the colors are nice.",4,1,0,General,Tops,Sweaters,"Cosy and roomy. This is a very nice top, but it is very loose and swingy indeed. i sized down one size, and it still is very relaxes. the material is soft, the colors are nice.",0.9996907711029053,45-54
13445,1037,34,,"Love the fit ! perfect for accomplishing the ""dressy jean"" look. i always take the same size in pilcro and this is true to size, but not stretchy as in some of the other pilco styles.",5,1,0,General Petite,Bottoms,Jeans,". Love the fit ! perfect for accomplishing the ""dressy jean"" look. i always take the same size in pilcro and this is true to size, but not stretchy as in some of the other pilco styles.",0.9998319149017334,25-34
11058,1092,53,Sweet printed dress,I just bought this dress on the half off sale price which is practically a steal and i must say i absolutely adore it! it runs pretty tts but all they had available was one size up from my usual 6 so i bought the 8 and it fits just fine (34d-27-35). the color is beautiful and the look of the dress is very vintage 30's/40's and so cute. i didn't find the sleeves to stick out at all on me so maybe i just got lucky and the print is just adorable on this. i highly recommend!,5,1,0,General Petite,Dresses,Dresses,Sweet printed dress. I just bought this dress on the half off sale price which is practically a steal and i must say i absolutely adore it! it runs pretty tts but all they had available was one size up from my usual 6 so i bought the 8 and it fits just fine (34d-27-35). the color is beautiful and the look of the dress is very vintage 30's/40's and so cute. i didn't find the sleeves to stick out at all on me so maybe i just got lucky and the print is just adorable on this. i highly recommend!,0.9997425675392151,45-54
11829,1079,46,Bloomed eyelet shirtdress,"I'm keeping this dress but it's going straight to the dry cleaner because right out of the bag it has a very strong chemical smell... like it had been stored in a gas station. then, i'm replacing all the buttons. the fabric is a thick eyelet, folded over with these teeny, thin shell buttons that are a complete design fail. two were broken right out of the package. also, i'm a size 0 in most retailer dresses and this dress has plenty of room in the waist, almost too much space, but the top... i hav",4,1,8,General,Dresses,Dresses,"Bloomed eyelet shirtdress. I'm keeping this dress but it's going straight to the dry cleaner because right out of the bag it has a very strong chemical smell... like it had been stored in a gas station. then, i'm replacing all the buttons. the fabric is a thick eyelet, folded over with these teeny, thin shell buttons that are a complete design fail. two were broken right out of the package. also, i'm a size 0 in most retailer dresses and this dress has plenty of room in the waist, almost too much space, but the top... i hav",-0.9989349246025085,45-54
18509,1081,55,Ready for a cruise!,"I'm going on a cruise to the bahamas and when i saw this dress, i had to have it! i love it! it's soft to the touch and super fun to twirl around in! the seams are a bit awkward and that's due to the bottom part's shape. i have a slender navy blue belt that i pair it with to hide the waist seam and to accent my waist more. a navy blue sash/scarf/ribbon around the waist can do the trick too!",4,1,0,General,Dresses,Dresses,"Ready for a cruise!. I'm going on a cruise to the bahamas and when i saw this dress, i had to have it! i love it! it's soft to the touch and super fun to twirl around in! the seams are a bit awkward and that's due to the bottom part's shape. i have a slender navy blue belt that i pair it with to hide the waist seam and to accent my waist more. a navy blue sash/scarf/ribbon around the waist can do the trick too!",0.9984210729598999,45-54
9005,861,54,,"Great tee! the color online is lighter and nicer in my opinion than in reality. it's much darker in real life, but otherwise it's a super soft tee with gently fluttered sleeves and side slits. i bought it in a s and it's roomy without being oversized. great for fall....",5,1,4,General,Tops,Knits,". Great tee! the color online is lighter and nicer in my opinion than in reality. it's much darker in real life, but otherwise it's a super soft tee with gently fluttered sleeves and side slits. i bought it in a s and it's roomy without being oversized. great for fall....",0.9989023208618164,45-54
15953,1035,46,Great fall jeans!,"These jeans are awesome, as most of the reviewers have already noted, they are tastefully aged to look modern but not so ripped that i look sloppy. they fit true to size with retailer's recent sizing. i used to wear a size 26, but in the last couple of years i have had to move down to a size 25 even though i am still the same size and weight??? anyway, i bought these in a size 25 and they are perfect! i have not worn them all day yet so i cannot comment on whether they stretch out after wea",5,1,1,General Petite,Bottoms,Jeans,"Great fall jeans!. These jeans are awesome, as most of the reviewers have already noted, they are tastefully aged to look modern but not so ripped that i look sloppy. they fit true to size with retailer's recent sizing. i used to wear a size 26, but in the last couple of years i have had to move down to a size 25 even though i am still the same size and weight??? anyway, i bought these in a size 25 and they are perfect! i have not worn them all day yet so i cannot comment on whether they stretch out after wea",0.9986386895179749,45-54
3844,1052,31,Very cute but cheaply made,"Saw this online and went in to try on. fit great and is true to size, but i should have known there would be issues as three out of six on the rack had the sewn in tags were all but hanging by a thread. i bought this for my bachelorette weekend in napa and when i put this on i noticed the straps had a few threads coming out and i thought, better get this to the seamstress as soon as i get home to secure the straps. well, literally five minutes into the car ride to the wineries i noticed the seam",2,0,1,General Petite,Bottoms,Pants,"Very cute but cheaply made. Saw this online and went in to try on. fit great and is true to size, but i should have known there would be issues as three out of six on the rack had the sewn in tags were all but hanging by a thread. i bought this for my bachelorette weekend in napa and when i put this on i noticed the straps had a few threads coming out and i thought, better get this to the seamstress as soon as i get home to secure the straps. well, literally five minutes into the car ride to the wineries i noticed the seam",-0.9892491102218628,25-34
3326,984,46,Drapes beautifully!,"Absolutely love this jacket.initially wanted to buy the melita draped jacket, which looks similar to this one, and tried them both on in store. the latter just didn't drape properly and looked more like a bathrobe on me, but this piece is amazing! it falls nicely and the pockets jut out a bit giving it a unique look. the fabric is fluid and soft and it has a tie waist with another tie in the back of the jacket,middle bottom, which is a bit of an added but subtle flair, the color is a bit more 't",5,1,1,General,Jackets,Jackets,"Drapes beautifully!. Absolutely love this jacket.initially wanted to buy the melita draped jacket, which looks similar to this one, and tried them both on in store. the latter just didn't drape properly and looked more like a bathrobe on me, but this piece is amazing! it falls nicely and the pockets jut out a bit giving it a unique look. the fabric is fluid and soft and it has a tie waist with another tie in the back of the jacket,middle bottom, which is a bit of an added but subtle flair, the color is a bit more 't",0.9997909665107727,45-54
16434,829,30,Cute top!,"I debated getting this top, and i am glad that i did! i got the pink, and it is a fun, vibrant color. someone suggested that if you are in between sizes, go up. i agree with that feeling; however, it is pretty true to size. it is preppy, cute, and classic.",5,1,0,General Petite,Tops,Blouses,"Cute top!. I debated getting this top, and i am glad that i did! i got the pink, and it is a fun, vibrant color. someone suggested that if you are in between sizes, go up. i agree with that feeling; however, it is pretty true to size. it is preppy, cute, and classic.",0.9998797178268433,25-34
6360,1059,65,Another charlie winner,"I am not really a ""print person"" but cartonnier gets it right every time - modern prints that lend themselves to many styling and paring options. the charlie trouser, which they do every season, is a great fitting pant (going up a size is a must as they do run small) with details (stitching, buttons, pockets) that make their pants look more expensive than they actually are.
i bought these in the blue combo when i saw them at my local retailer store. the blue combo has both blue and black (as well",5,1,16,General,Bottoms,Pants,"Another charlie winner. I am not really a ""print person"" but cartonnier gets it right every time - modern prints that lend themselves to many styling and paring options. the charlie trouser, which they do every season, is a great fitting pant (going up a size is a must as they do run small) with details (stitching, buttons, pockets) that make their pants look more expensive than they actually are.
i bought these in the blue combo when i saw them at my local retailer store. the blue combo has both blue and black (as well",0.9967567324638367,55+
18847,830,64,Way too long!,This top was supposed to be 23 1/4 inches long in petite. it's actually 28 1/2 inches long.  it's also large in width. hard to believe it's an extra small petite.,2,0,3,General,Tops,Blouses,Way too long!. This top was supposed to be 23 1/4 inches long in petite. it's actually 28 1/2 inches long.  it's also large in width. hard to believe it's an extra small petite.,-0.998167872428894,55+
21810,354,39,Stays put,Classic design with nice details. stays in place for those active bikini wearers.,4,1,0,Initmates,Intimate,Swim,Stays put. Classic design with nice details. stays in place for those active bikini wearers.,0.9998007416725159,35-44
6955,662,39,Better as a dress,"This lounge robe is the most fantastic, dramatic and comfortable wrap dress!  to the reviewers who posted pictures--you styled this to perfection.   a slip dress underneath is a must have since the opening basically unsecured.  i purchased the medium petite and i am 5'3"" 36dd and 140#.",5,1,2,Initmates,Intimate,Lounge,"Better as a dress. This lounge robe is the most fantastic, dramatic and comfortable wrap dress!  to the reviewers who posted pictures--you styled this to perfection.   a slip dress underneath is a must have since the opening basically unsecured.  i purchased the medium petite and i am 5'3"" 36dd and 140#.",0.9991402626037598,35-44
12604,984,47,Runs small especially the arms,I love this jacket. it's the prettiest and most stylish jean jacket i've ever owned. the sleeves run small. i'm an xs but chose a small so i can button it and wear thin sweaters underneath.,5,1,0,General Petite,Jackets,Jackets,Runs small especially the arms. I love this jacket. it's the prettiest and most stylish jean jacket i've ever owned. the sleeves run small. i'm an xs but chose a small so i can button it and wear thin sweaters underneath.,0.8795873522758484,45-54
4627,829,39,Another see through ivory blouse,"I purchased the blouse in both the ivory and black. the black i decided to keep because it will go with anything. i was hoping the ivory blouse would work but it's thin and see through. if someone could please tell me where i could find a casual, white or ivory blouse that is not entirely see through i would greatly appreciate it!",3,0,14,General,Tops,Blouses,"Another see through ivory blouse. I purchased the blouse in both the ivory and black. the black i decided to keep because it will go with anything. i was hoping the ivory blouse would work but it's thin and see through. if someone could please tell me where i could find a casual, white or ivory blouse that is not entirely see through i would greatly appreciate it!",-0.9688077569007874,35-44
20270,927,55,Super cute,"Was excited to find an retailer pkg awaiting in my mailbox. ripped open the package and immediately tried on the sweater. it did not disappoint. i bought turquoise in size medium. my regular retailer cardigan size. i am 5'3"" medium build and i find the regular size fits me true to size. it isn't too long on me at all. i think the way the sweater drapes in a curve shape as it flows downs to the length of sweater makes it very accommodating for various heights, figures and is a flattering style for cu",5,1,8,General,Tops,Sweaters,"Super cute. Was excited to find an retailer pkg awaiting in my mailbox. ripped open the package and immediately tried on the sweater. it did not disappoint. i bought turquoise in size medium. my regular retailer cardigan size. i am 5'3"" medium build and i find the regular size fits me true to size. it isn't too long on me at all. i think the way the sweater drapes in a curve shape as it flows downs to the length of sweater makes it very accommodating for various heights, figures and is a flattering style for cu",0.9987855553627014,45-54
1072,1099,57,Paisley silk maxi dress,Beautiful dress but have to return. way too big & long for me. medium is the size i wear but i think i would need an extra small.,2,0,6,General Petite,Dresses,Dresses,Paisley silk maxi dress. Beautiful dress but have to return. way too big & long for me. medium is the size i wear but i think i would need an extra small.,-0.993975818157196,55+
15570,100,44,Sizing is off,"Good design, comfortable fit. however, sizing is way off. i am a 34c and the small fits with minimal support. agree with the previous review. not sure it is a keeper.",4,1,3,Initmates,Intimate,Intimates,"Sizing is off. Good design, comfortable fit. however, sizing is way off. i am a 34c and the small fits with minimal support. agree with the previous review. not sure it is a keeper.",-0.9887089133262634,35-44
7132,1081,72,Stunning dress,"This dress is gorgeous in person and so comfortable. i wore this to a business meeting and got several compliments on it. i am 5 feet tall and it does run a little long on me, a petite small hits me slightly below the knee. however, the dress is so nice that i am keeping it.",5,1,1,General Petite,Dresses,Dresses,"Stunning dress. This dress is gorgeous in person and so comfortable. i wore this to a business meeting and got several compliments on it. i am 5 feet tall and it does run a little long on me, a petite small hits me slightly below the knee. however, the dress is so nice that i am keeping it.",0.9998252987861633,55+
6066,828,41,Perfect for fall!,Super soft flannel material. the colors are beautiful and perfect for fall! it's doesn't ride up the shoulders but stays in place off-the-shoulder style. i love it!,5,1,0,General,Tops,Blouses,Perfect for fall!. Super soft flannel material. the colors are beautiful and perfect for fall! it's doesn't ride up the shoulders but stays in place off-the-shoulder style. i love it!,0.9998570680618286,35-44
21089,1008,32,"Didn't work for me, but it is beautiful","This skirt didn't fit me right--i'm 5'6"" and the hem hit too low, making for a frumpy rather than classic look. the fabric and color are lovely, however, and on a taller person this could be beautiful. the draping is beautiful and slimming.",4,1,1,General Petite,Bottoms,Skirts,"Didn't work for me, but it is beautiful. This skirt didn't fit me right--i'm 5'6"" and the hem hit too low, making for a frumpy rather than classic look. the fabric and color are lovely, however, and on a taller person this could be beautiful. the draping is beautiful and slimming.",0.9972372055053711,25-34
19303,1078,48,Cute and modern,"I like this dress because it's the perfect shape on me and i think the design is modern and cute. i got the red and i really like the pattern and the subtle tulle edging. the material is a little stretchy and substantial and there's also a lining. i wore it with little booties like the model and tights and a cropped moto jacket and loved the outfit. i am short, small chest, but somewhat broad shouldered, the empire waist would not work on larger chested women with hourglass figures.",4,1,0,General Petite,Dresses,Dresses,"Cute and modern. I like this dress because it's the perfect shape on me and i think the design is modern and cute. i got the red and i really like the pattern and the subtle tulle edging. the material is a little stretchy and substantial and there's also a lining. i wore it with little booties like the model and tights and a cropped moto jacket and loved the outfit. i am short, small chest, but somewhat broad shouldered, the empire waist would not work on larger chested women with hourglass figures.",0.9997789263725281,45-54
2247,876,62,,"I definitely would recommend this top. when i put it on i felt it was true to size, and fit me very well. sometimes my retailer tops tend to be a little roomy, but not in this case. the fit was very nice and its embroidery details make it a special look that i can throw on with my jeans and still look put together. i know this will be a top i wear often.",5,1,0,General Petite,Tops,Knits,". I definitely would recommend this top. when i put it on i felt it was true to size, and fit me very well. sometimes my retailer tops tend to be a little roomy, but not in this case. the fit was very nice and its embroidery details make it a special look that i can throw on with my jeans and still look put together. i know this will be a top i wear often.",0.9997884631156921,55+
4448,868,39,Really pretty but big,"I tried on the regular size at my store (wish stores close to me carried petites), and it was jsut too overwhelming (aka big). i wanted to purcahse the petite, however, as i really like it (striked out as they are sold out in my size, bummer).

the cut is otherwise flattering, and the sweater is really comfortable. i like all the contrasting ""colors"" and patterns too.",5,1,0,General,Tops,Knits,"Really pretty but big. I tried on the regular size at my store (wish stores close to me carried petites), and it was jsut too overwhelming (aka big). i wanted to purcahse the petite, however, as i really like it (striked out as they are sold out in my size, bummer).

the cut is otherwise flattering, and the sweater is really comfortable. i like all the contrasting ""colors"" and patterns too.",0.9901494979858398,35-44
1292,873,60,Cute white tee,"Cute white t-shirt different style but didn't work on my body type so i returned it 
 good price point 
 basic fabric",4,1,1,General,Tops,Knits,"Cute white tee. Cute white t-shirt different style but didn't work on my body type so i returned it 
 good price point 
 basic fabric",-0.8753693103790283,55+
22917,1076,59,Darling; runs small,"I felt a review would be helpful for anyone between sizes. i am long, lean, and broad shouldered. i normally wear a m, but ordered a l. it still fits snug, so i've exchanged for an xl in order to get the drape, as pictured on the model. material and color of the red motif is darling; light as a feather & will take me spring through summer.",5,1,1,General Petite,Dresses,Dresses,"Darling; runs small. I felt a review would be helpful for anyone between sizes. i am long, lean, and broad shouldered. i normally wear a m, but ordered a l. it still fits snug, so i've exchanged for an xl in order to get the drape, as pictured on the model. material and color of the red motif is darling; light as a feather & will take me spring through summer.",0.9973927736282349,55+
19428,873,53,Can easily size down,"I ordered one size down and it's still plenty roomy. as others have said, the sleeves are a tighter fit, but there is a tiny bit of stretch to the fabric. i'm smaller busted and didn't want the v-neck to get too low, so i sized down one. very cute tucked into jeans or paired with leggings.",4,1,1,General,Tops,Knits,"Can easily size down. I ordered one size down and it's still plenty roomy. as others have said, the sleeves are a tighter fit, but there is a tiny bit of stretch to the fabric. i'm smaller busted and didn't want the v-neck to get too low, so i sized down one. very cute tucked into jeans or paired with leggings.",0.9870077967643738,45-54
17363,912,51,Lint magnet,"So sad becuase i like the design. i would not recomend the lack to anyone that does not live and work and shop in a completely immaculate environment. i wore this to work the day after purchasing and within three hours i honestly looked like i had slept in this sweater for three monthe straight. i had to take the sweater off and work in a t-shirt. 
the marigold color may be better than the black abut showing lint but something intrinsic to the fabric really attracts lint like nothing i have eve",2,0,2,General,Tops,Fine gauge,"Lint magnet. So sad becuase i like the design. i would not recomend the lack to anyone that does not live and work and shop in a completely immaculate environment. i wore this to work the day after purchasing and within three hours i honestly looked like i had slept in this sweater for three monthe straight. i had to take the sweater off and work in a t-shirt. 
the marigold color may be better than the black abut showing lint but something intrinsic to the fabric really attracts lint like nothing i have eve",0.8543500900268555,45-54
4244,624,46,,Cute and comfy. looks like i will be able to dress up a bit too. fabric and fit are great!,5,1,0,Initmates,Intimate,Lounge,. Cute and comfy. looks like i will be able to dress up a bit too. fabric and fit are great!,0.9998589754104614,45-54
20821,1075,35,Too much material,"This dress pattern and material are great - it's just way too big. i even tried an xs and it looked like a huge sack on me. too bad, it had some real potential.",3,0,3,General,Dresses,Dresses,"Too much material. This dress pattern and material are great - it's just way too big. i even tried an xs and it looked like a huge sack on me. too bad, it had some real potential.",-0.9986056685447693,25-34
2885,863,23,Flowy and casual,"This shirt is awesome. i absolutely love the style of this shirt! it's super flowy, and is a really breathable fabric. i've been wearing this shirt a lot lately with printed pants. the only downside is the quality of material. it kind of feels like this shirt could have been made myself with a plain t shirt and some basic sewing skills. it also feels like it's going to start falling apart at the arm seams. nonetheless, i adore the shirt, and will be getting a lot of use out of it this season! no",5,1,1,General,Tops,Knits,"Flowy and casual. This shirt is awesome. i absolutely love the style of this shirt! it's super flowy, and is a really breathable fabric. i've been wearing this shirt a lot lately with printed pants. the only downside is the quality of material. it kind of feels like this shirt could have been made myself with a plain t shirt and some basic sewing skills. it also feels like it's going to start falling apart at the arm seams. nonetheless, i adore the shirt, and will be getting a lot of use out of it this season! no",0.9982542395591736,<25
23235,227,62,,I love this top. i'm wearing it today. i bought it to wear under blazers and it works perfectly. i knew it would be slim fitting and while i normally buy med or sometimes small i bought the large and i'm glad i did. it's still form fitting without strangling me the color is very nice as well. nice fabric and well made. a great layering basic.,5,1,0,Initmates,Intimate,Layering,. I love this top. i'm wearing it today. i bought it to wear under blazers and it works perfectly. i knew it would be slim fitting and while i normally buy med or sometimes small i bought the large and i'm glad i did. it's still form fitting without strangling me the color is very nice as well. nice fabric and well made. a great layering basic.,0.9998524188995361,55+
20250,1051,40,Sorry i returned these,"Pants were super comfortable. a little too large. and the fabric was a little too heavy. i sent them back, and i'm regretting it now that they're completely unavailable.",4,1,0,General,Bottoms,Pants,"Sorry i returned these. Pants were super comfortable. a little too large. and the fabric was a little too heavy. i sent them back, and i'm regretting it now that they're completely unavailable.",-0.9984821677207947,35-44
9344,895,59,Shrunk,Love it but it shrank and that makes me so mad.,4,1,3,General,Tops,Fine gauge,Shrunk. Love it but it shrank and that makes me so mad.,-0.9990554451942444,55+
21921,1203,34,A must have for every closet!,"The title says it all...
perfect go-to tank for underneath tops. smooths out lines. purchased in a large, so if you're between sizes, may want to size up.",5,1,0,Initmates,Intimate,Layering,"A must have for every closet!. The title says it all...
perfect go-to tank for underneath tops. smooths out lines. purchased in a large, so if you're between sizes, may want to size up.",0.983709454536438,25-34
2692,1095,70,Most beautivul fabric ever!,"This dress is lovely and the fabric is sensational.

the slits on the two sides of center front are really cool too.

i am 5'7 and it was way too long and i would not have it hemmed at it would remove the gorgeous
lotus pattern near the base of the skirt. i only wear flats at 70 but hope this fabric appears somewhere else
sometime. it is truly a gorgeous dress for a taller person.",5,1,4,General Petite,Dresses,Dresses,"Most beautivul fabric ever!. This dress is lovely and the fabric is sensational.

the slits on the two sides of center front are really cool too.

i am 5'7 and it was way too long and i would not have it hemmed at it would remove the gorgeous
lotus pattern near the base of the skirt. i only wear flats at 70 but hope this fabric appears somewhere else
sometime. it is truly a gorgeous dress for a taller person.",0.9991163611412048,55+
